:1000000000020000000000001FAA01000020020002
:10001000000002008FC10000FDEBE20E4A46F278BC
:1000200003000000C0119300000000000000000069
:10003000000002000000000000200200969FBC802B
:10004000000A020000000000002A0200CB94D02029
:100050000032020000000000005202000C52006852
:100060000000000000000000000000000000000090
:100070000000000000000000000000000000000080
:100080000000000000000000000000000000000070
:100090000000000000000000000000000000000060
:1000A0000000000000000000000000000000000050
:1000B0000000000000000000000000000000000040
:1000C0000000000000000000000000000000000030
:1000D0000000000000000000000000000000000020
:1000E0000000000000000000000000000000000010
:1000F00090C10200FF0000000000000023420D1D1F
:1001000000020000000000001FAA01000020020001
:10011000000002008FC10000FDEBE20E4A46F278BB
:1001200001000000000000000000000000000000CE
:10013000000002000000000000200200969FBC802A
:10014000004A020000000000006A0200AF0FDC1548
:100150000072020000000000009202000C520068D1
:10016000000000000000000000000000000000008F
:10017000000000000000000000000000000000007F
:10018000000000000000000000000000000000006F
:10019000000000000000000000000000000000005F
:1001A000000000000000000000000000000000004F
:1001B000000000000000000000000000000000003F
:1001C000000000000000000000000000000000002F
:1001D000000000000000000000000000000000001F
:1001E000000000000000000000000000000000000F
:1001F00090C20200FF00000000010000F8390B600F
:10020000480001A2EABF0000EABF0000EABF000008
:10021000EABF0000EABF0000EABF0000EABF00003A
:1002200048000000DD4D0000EABB0000EABB000012
:10023000DD4D0000EABB0000DD4D0000DD4D00009B
:10024000DD4D0000DD4D0000DD4D0000DD4D000006
:10025000DD4D0000DD4D0000DD4D0000DD4D0000F6
:10026000EABB0000EABB0000DD4D0000DD4D0000F0
:10027000DD4D0000EABB0000EABB0000DD4D0000E0
:10028000DD4D0000DD4D0000DD4D0000DD4D0000C6
:10029000DD4D0000DD4D0000DD4D0000DD4D0000B6
:1002A000DD4D0000DD4D0000DD4D0000DD4D0000A6
:1002B000DD4D0000DD4D0000DD4D00004800000078
:1002C00048000000DD4D0000DD4D0000DD4D000068
:1002D000DD4D00004800000048000000480000001C
:1002E00048000000480000004800000048000000EE
:1002F00048000000480000004800000048000000DE
:1003000048000000480000004800000048000000CD
:1003100048000000480000004800000048000000BD
:1003200048000000EA040000EA0400005A07000048
:10033000A2150000A2150000A2150000A2150000E1
:10034000A2150000A2150000A21500000000000088
:100350001A09000042090000FA090000740A0000AE
:10036000BC0A0000680B0000C80B0000E60B000090
:10037000EE0B0000F60B0000FE0B0000060C000068
:10038000180C0000200C00002C0C00004E11000086
:100390003E0C0000280D0000700D0000780D0000DC
:1003A000B60D0000C80D0000DA0D0000000E0000C0
:1003B0009E0E00001A0F0000220F0000340F0000F4
:1003C000181300001A1300003E130000461300002B
:1003D0004E1300005E130000601300006C13000059
:1003E0007A130000961300000000000000000000D7
:1003F000D6140000F21400003E1500008415000021
:1004000000000000000000000000000000000000EC
:1004100000000000000000000000000000000000DC
:1004200000000000000000000000000000000000CC
:1004300000000000000000000000000000000000BC
:1004400000000000000000000000000000000000AC
:100450003A0FEFFC421E80203A1F883C6412A4022F
:10046000642204023A1F883C803F640264029205C1
:1004700096374420012C38210202643200029ED9B2
:1004800064320003DD2264020043640000083A1F66
:1004900088046412A403642204033A1F8804421EE1
:1004A00080213A0FEFC4640000043AFFECBC3A0F1D
:1004B000943C421E80203A1F883C640264029205EC
:1004C00096374420012C382102028E09DD223A1F82
:1004D0008804421E80213A0F94043AFFEC846400A1
:1004E00000043AFFECBC3A0F943C421E80203A1FB5
:1004F000883C6412A402642204023A1F883C64020D
:100500006402920596374420012C382102028E099C
:10051000643200029ED964320003DD22640200438B
:10052000640000083A1F88046412A40364220403D0
:100530003A1F8804421E80213A0F94043AFFEC844B
:10054000640000044FF200223A0FEFFC421E8020AC
:100550003A1F883C45D2D9E0801F64126402965F3E
:100560009E49C1053CFD49D1480000043CFD49D2EB
:10057000E80CDD2F4E03000A3A1F8804421E80213A
:100580003A0FEFC464000004640224024410C00067
:10059000FE0FFE0D640224036400000845D2D9E07A
:1005A00045F2FE006400800292189604C0054401E2
:1005B0007B5C420E002144F004BCE802DD2F3CFDD0
:1005C00049D3DD2F640FFFEAFC004462F2CC440201
:1005D000C39084209AB0EA44EA3CAE31FC80FC002F
:1005E00084003C0FFAE93C0FFAF43C0FFAF83C0F98
:1005F000FAFCEB6D3C0FFB0D3C0FFAF23C0FFAFDE1
:100600003C0FFAF93C0FFB053C0FFAFA3C0FFAF6E7
:100610003C0FFAF33C0FFAEC3C0FFB0B3C0FFB10CA
:100620003C0FFB033C0FFB043C0FFB013C0FFAE7C4
:10063000EB733C0FFAFB3C0FFAF1EBAEEAD73C0F41
:10064000FAEE3C0FFAF03C0FFB0F3C0FFB023C0FA5
:10065000FB0A3C0FFAF73C0FFAED3C0FFAFF3C0F98
:10066000FAEF3C0FFAFE3C0FFB063E07EA3264034A
:100670000003EA7DEB5F64122402964C8040C103C4
:10068000640300036422240364020002660000067F
:1006900064020003640000086403040246029C1024
:1006A0005000007CEA7D6403080244000633EB5FDF
:1006B00064020002EA6A64020003FC804403F0ED75
:1006C000A6405A1801048420AE404413F0DAA6086C
:1006D000EB93AE088404EA7D84254403F049AE40E0
:1006E00044100053DD43AE40DD9EDD9E4443F114D3
:1006F000B464927840000F04B6044403F138AC406F
:1007000084204403F13AAE404403F104B64084210E
:100710004403F136AE40F808A640964CC103AED073
:10072000D5FC4413F134EA39EA3683FFA608960E65
:10073000C803AED0D5FC4403F134A6009604DD9E78
:1007400084A0D20738301400383094088CA1D5FA30
:10075000DD9EFC00DD42C00C8407DD4A8400DD4ADA
:100760004412C2908402804144300100DD45FC8087
:10077000FC0080C0DD42C012441FFF9FEBB9AE40B9
:1007800096304412FE61AE08EB644412FE62AE087D
:10079000DD43DD44C603AE40D5FEFC80FC403C7D1D
:1007A000FABE8140DD42C05B852384C03C2DFABE89
:1007B00040212480A051C108F85C5A08010640106D
:1007C000240CFF8F97B18D215A980FF2F85F5A08C9
:1007D000010442633C088387B97DB87C8E24964926
:1007E000BA7FF85C5A08010558630001D502C605B6
:1007F0005AA8AE048006F8118420EB15AE404402DE
:10080000FE63A6408420AE40A681AE41490011CAD5
:100810005A0801065803000249FFFFACEA69EA538F
:10082000EA3BA78097B05A600204AE88D5FB4472B9
:10083000FEF1A6385A008608440000C1DD41F87F69
:10084000AE40D5FF490040CF84003E07EC398027F9
:1008500080064422C6198461DD45FCC05AA8AE4B0F
:1008600084E380C03C2DFABE40211C80A051C10B06
:10087000B4029649A093F8125A08010640001C0CD5
:10088000FF8797B18CE15A780FEF3C2DFABE838237
:10089000B93DB83C8E249649BA3F49FFFF295A0812
:1008A0000105EA6842633C0884204402FE78AC40BB
:1008B0004412FEF1EA69C619442FFFEEAE88842285
:1008C000AE404412FE60440FFF8FAE084422FE612A
:1008D0009630AE10EB6496004422FE62AE10846344
:1008E00080418402DD45D520442FFF86AE888422D6
:1008F000D507441FFF86EB15AE408422EA69AE405F
:100900004403F007A6004412FE639600AE084403B9
:10091000F004A6004422FE649600AE1084028041DA
:100920008060DD4584C04412FEF180418461840210
:10093000DD45EA24804184028461DD45DD43DD44F8
:1009400083FFC603AE40D5FE4412FEF1EA39EA3613
:10095000A608C003AED0D5FDFCC03A6FA0BC840091
:1009600080204900714784006405E403EB9DA440A6
:1009700096669649C102D5004422FEF6AE50A440C8
:10098000964EC910A4409656C90DA440965EC90A59
:10099000A4409666C907A4405410810096494E129F
:1009A00000854413F00EA408960EC806A58854636B
:1009B000010097B1C6208400EAA9A788AC084413B7
:1009C0008D203E07E9DDAE0844138D21AE084413A7
:1009D0008D22AE0844138D23AE0844138D24AE0837
:1009E00044138D25AE0844138D26AE0844138D277D
:1009F00097B0AE0849FFFDEA49000F5BEB9DA440AC
:100A0000964EC908A4409666C905A400540001008A
:100A1000C00349003E1EEBB98420AC404472C19033
:100A20008400EAD73C7FFABEEBAE3C0FFB07DD4209
:100A3000C805507381003C7FFABE49FFFE8C8006DA
:100A400049FFFEAE8423EA69AE4084014413F7D324
:100A5000AE084413F7D9AE08FA56EA9C4412FE7861
:100A600049FFFE703C0DFABE4432FE7C04000009D2
:100A70003E07263D401020093E17263E4010400903
:100A800092183E17263F3E0726404422FE7DF80579
:100A90004432FE7E4422FE7FA618A6509602964A55
:100AA000AE58AE1083FFD508A40054000200C00465
:100AB0008402490011124413F029A608EBA4AE08E1
:100AC0008400EA583C0DF9CE4413F00EA648EB839F
:100AD0004413F00FA6481010003D49003E223C0F81
:100AE000FACCFA0449005A25FA0449005A222E0782
:100AF000EB30DD4AEA3F9E81E648E80B8421401056
:100B0000880C5410808FC10550007FE09600DD41B5
:100B1000490006713A6FA084DD9E84013C0FFAE91A
:100B2000DD9EFC00EAA69E41E622E9035A08040A7B
:100B3000490050FD4900A5EBC0048400EA2EEB40BB
:100B4000FC803BFFFEBC3C0DFAF48C013C0FFAF438
:100B5000DD465A08023DDD40A6015A080335DD5B3B
:100B60005A080232DD42C0332E07E9B4E603E80337
:100B70008C01D50284003E07E9B42E37E9B4440263
:100B8000EA98EB1B40000CE0EA9EEA7FEA9EEA7FCF
:100B9000EA9EEA7F3B0044003B00C4205A3801072C
:100BA0008400EAFA4900719AD50B84064900717DE8
:100BB0004400007DEB698401EAFA4900718949FF2C
:100BC000FFB2D505DD42C0038400EB2D2E07ED22D8
:100BD0005A0801123C1DFAF42E07ED21E220E80428
:100BE00049007176D508490071798400EAFA8400D9
:100BF0003E07ED223BFFFE84DD9E3BFFFEBC3C0D2D
:100C0000FAF88C013C0FFAF8DD40A6008E01E602EE
:100C1000E82D2E07E9E25A08550A3C03F52A8C0113
:100C20009601E60AEBEFE91DD508DD42C0182E0754
:100C3000E9D85A085515D5F28404DD4184013E07F0
:100C4000ED728400EA28DD40A6005A080105EAA3F7
:100C5000EA6BD5078E02E602E900D5038400EBEFCC
:100C6000EA313E07E9E2EA92D5038400EBEF3BFF6D
:100C7000FE84DD9E3A6F98BC4403F06BA6003E07ED
:100C8000EA30DD46C8062E07EA30961F5A000F16D6
:100C9000FA10DD4184013C0FFAFCEBE5490075CF09
:100CA000DD408422DD54490075E4842084028446BA
:100CB0008061808180A1DD55DD5FDD9E3A6F9EBC45
:100CC00049007053C017840049007053F82280C057
:100CD0005A080111DD465A0802043C6FFAF5440037
:100CE0000080DD41DD40EB58EADBEBEE848149001A
:100CF00023F649007031C00784013C0FFB088400D3
:100D00004900702E49007061C0258400490070615F
:100D1000490070AE5A08011FEA83A6005A08130E54
:100D2000DD52A6088E02E603E904A6095A08080661
:100D30008420EA83AE40D51684C1440000803C6F15
:100D4000FAE8DD41DD40EB58EADBEBEE8086490056
:100D500023C649007031C006840049007031840107
:100D6000EBAE3A6F9E84DD9E3BFFFEBCDD598421D5
:100D70003C1FFB09AE40EA3C44238D433E07E9E2B9
:100D8000A6108801AE10DD40A681542100FD5A2036
:100D90000403DD5449007546C00A8409DD41FA1890
:100DA000EA3D8403EA8B84013E07EA052E07ECEB5B
:100DB0008C0196003E07ECEBDD42C80484013E073F
:100DC000ECD83BFFFE84DD9E3A6F98BC84013C0F5B
:100DD000FB0DFA11DD414403F082A600C003EAA333
:100DE000EA6BDD5FDD9E84013C0FFAF2DD9E84013B
:100DF0003C0FFAFDDD9E84013C0FFAF9DD9E840173
:100E00003C0FFB05DD9E3A6F98BCFA12DD41840170
:100E10003C0FFAFADD5FDD9E84013C0FFAF6DD9EA1
:100E20003A6F98BCFA13DD41DD5FDD9E3A6F98BCE6
:100E3000FA14DD4184013C0FFAECDD5FDD9E3A6F70
:100E40009ABCEFF43C0DFB0BC81F490042E5C01CE7
:100E5000DD422E17ECD05CF080A0C80BE9154413DE
:100E600058904423806844300C808402EA5AD50CA0
:100E7000E90B2E07ECCCC8038401D5045A08010500
:100E800084023E07ECCC490018793C0DFB0B8C0129
:100E90003C0FFB0BEA5C8C013C0FFAFF2E17ECD5E4
:100EA000EA5CE220E805EA5C96003E07ECD5EA5CE5
:100EB000EA649600EBEBEB2F49001559000F800612
:100EC000EA64490015693E07E9E0DD42C005EB62CE
:100ED000C8038401D508DD42C805EB6296005A00BC
:100EE00001038400EB8AEBFC5A08010B84003C0FE1
:100EF000FAE6440124F83C0E0396490017F43C6DD1
:100F0000FB0B5A68020F3C0DFAF05A08010BDD4248
:100F1000C80880064413970044238D54EA8CEA5A8B
:100F2000EC0C3A6F9A84DD9E3A6F98BC84013C0FBA
:100F3000FAF73E07ED184403F07EA6405A10010F61
:100F4000A6405A10020CA6405A100309A6405A1097
:100F50000406A6405A101003A60084418420806233
:100F600080824400B101EAF94900373DDD5FDD9E32
:100F700084013C0FFB10DD9E84013C0FFB03440306
:100F8000F064A640964CC910A64058108001AE40AF
:100F9000DD40A6008E02E602E90E3A6F98BCEA3107
:100FA000EA6BDD5FD508A640964CC105A640EADA9B
:100FB000AE40DD9EDD9E3A6F98BCFA15DD4184019E
:100FC0003C0FFB04DD5FDD9E3A6F98BCFA16DD41F5
:100FD00084013C0FFB01DD5FDD9E3A6F98BCFA1780
:100FE000DD41FA04DD4A84013C0FFAE749001A9812
:100FF0005A08A104EA31EA6B8403EA8BDD5FDD9EC7
:101000003BFFFEBC84013C0FFB0AEBB744138D464B
:101010008C01EB73A6088C01AE0849000FCAEBFCEB
:10102000C814DD42C005EB6296005A000107DD429C
:10103000C805EB62C8038401EB8A84003C0FFAE622
:10104000440061A83C0E0396490012FCDD42C02119
:10105000DD585A08201F2E07ECCC5A08020CEBB7BB
:101060005A080114EB7C442019004402988CDD4896
:10107000D50C5A08030B845F4452988C806244025A
:10108000B18C3A228C24D8FE8401842049001C3083
:10109000DD42C803490017793BFFFE84DD9E3A6FAD
:1010A00098BCFA18DD414403F00AA600DD41440370
:1010B000F00DA600DD41EB9DA600DD414403F00FDD
:1010C000A600DD414403F01AA600DD414403F01BF5
:1010D000A600DD414403F082A600DD414403F35342
:1010E000A600DD414403F369A600DD414403F38615
:1010F000A600DD414403F387A600DD414403F3CF9E
:10110000A600DD414403F40CA600DD4184013C0F40
:10111000FAFBEA31EA6BDD5FDD9E84013C0FFAF1F8
:10112000DD9E4403F403A60096005A0801043C0F18
:10113000FAEEDD9E3A6F98BC84013C0FFAF0DD4276
:101140004413F07FC007A6085400000C3C0BF3A624
:10115000D506A6085400000C3C0BF3A5DD5FDD9E10
:10116000FC2084013C0FFAF084003C0FFAFF3C0F96
:10117000FAEFDD40A6419E8BE642E9055A100604CF
:101180005A180D5BDD56A6485A180157EA3E2E073D
:10119000EA22C80D2E07E9C5C80A3C5DFAC93C0D14
:1011A000FF97D0054402C4E04900718ADD40A601E2
:1011B0005A0003045A080D19EB0CC8162E07EA2230
:1011C000C8132E07E9C5C810DD4BA600C80580204E
:1011D00044238D41D5079E43E622E80644238D41F2
:1011E000A65049007706DD42C0042E001238D50310
:1011F0002E0012C8EB045A180205C0035A0805084D
:1012000084203C0DFAC980418061D514DD42C004C0
:101210003C64091ED5033C640966DD42C0043C24DD
:10122000091FD5033C2409673C0DFAC996719691B4
:101230008461490077F4DD42C00349001267DD5242
:10124000A6095A000D079E82E642E9035A080726BE
:10125000A6885A2801232E67E9B297B0CE3ADD5905
:10126000A6005A080137DD4CA7C097F85A7801321A
:1012700080018026EAEBDD548007EA28DD59AF8043
:10128000DD4CAF80840CEA218404DD4A2E07E73070
:10129000DD4A8007EA7ED51D5A08041C2E67ECDE65
:1012A000CE18DD5AA6485A100215DD4AEB4D04004F
:1012B0000008962FDD4ADD408026EAEBDD548401EC
:1012C000EA28DD59AF80DD4CAF8084013E07ECDEBB
:1012D000EABE5A080104490017A4FCA0FC20EB4D0B
:1012E0003C5DFF91D0043C5DFF92D80CEB0BC80A2B
:1012F000DD59A6009600C806DD5AA6885A280103C3
:10130000AE082E07E9D1C023EAC7EAC5D8202E6768
:10131000E9B2840097B03E07E9D1CE19DD59A600A5
:101320005A080116DD4CA7C097F85A78011180269B
:10133000DD40EAEBDD548405DD4A8007EA28DD590B
:10134000AF802E07EA05C803DD5AAE08FCA03A6F4D
:101350009EBC49000A04DD42C80A2E07EA325A0838
:101360000104480000D884013E07EA3244138D4549
:10137000A6088C01AE084900404FC01D8401DD4A1B
:10138000DD4280C0C00749000B1F84004900165C85
:10139000D5124412C4A0804184648402DD45441205
:1013A000C12A840280418060DD4580064900164CD8
:1013B0004900099EDD42C0393C53F3A53C03F3A626
:1013C000D0162E07ED7C8C0196003E07ED7C2E0793
:1013D000ED7C50007F909600DD413C03F3A6960023
:1013E000DD413C03F3A59600DD41D50484003E07B2
:1013F000ED7C3C03F5BCC8083C03F5BDC8052E07D1
:10140000ED7CE605E91284013C0BF6C084003E0742
:10141000ED7C841F3C0BF3A64412C7603C0BF3A584
:10142000840280418060DD4549003FF6C0098401A7
:101430003C0FFB003E07E9B549FFFE94D509840245
:101440003E07E9B549FFFF4CDD59A600F8AD840120
:1014500084C03C0FFB073C6FFB0B3E67EA32490040
:1014600009A53C03F6C05A0801263C6BF6C02E07BE
:10147000ED7D5A00FF082E07ED7D8C0196003E079A
:10148000ED7D3C03F5BC4412FE6A9600AE083C03B9
:10149000F5BD4412FE6B9600AE08844184003C0BFF
:1014A000F5BCFA313C0BF5BD80624400D1B08082BE
:1014B000EAF9DD465A08022F49003FAEC02BDD4055
:1014C000A6015A0803243C6DFAB05A680220DD4296
:1014D000C0213E67E9B4EB1B4402EB98EA9EEA7F29
:1014E000EA9EEA7FEA9EEA7F3B0044003B00C4207C
:1014F000840649006CDA4400007DEB698401EAFA55
:1015000049006CE649FFFB0FD505DD42C0038400AE
:10151000EB2D3A6F9E84DD9EDD9E3A6F98BCFA19E2
:10152000DD4184013C0FFB0F490066E0EA9FC804DF
:1015300049007185D503490066A4DD5FDD9E840105
:101540003C0FFB02DD9E84013C0FFAEDDD9E3A6FFD
:1015500098BC8403DD4A8401EA7EDD5FDD9EDD9E6A
:101560003A6F98BC8401F806DD5FDD9E3A6F98BC47
:1015700084004900110BDD5FDD9E3A6F98BCFA1BB9
:10158000DD418400842A490038CBDD42C003EAA350
:10159000EA6BDD5FDD9E3A6F9EBC4403F41CA6003F
:1015A000E6024EF2008F490010BADD42C012DD4063
:1015B000A6015A08030F2E07E9CBC00B8400441282
:1015C000E2143E07E9CB8041840244300320EA5A0A
:1015D000DD42C00EEB95A60096005A08010A842051
:1015E0003C1BF5BC3E07ED7E2E07ED7ED56ADD4245
:1015F00080E0C867EB95A78097B05A680163440004
:10160000BB9080278047806680863E67ED7EEAF942
:101610003E07ED842E07ED7E5A0802093E77ED88DD
:101620003E77ED893E77ED8AD51380278047806627
:1016300080864400AB00EAF93E07ED858027440030
:10164000AB01804780668086EAF93E07ED8684001C
:101650003E07ED7E3C03F5BDC8342E07ED84C80A75
:101660002E07ED85960EC8062E07ED8696024E04CF
:10167000002984013C0BF5BD2E07ED84C007440012
:10168000009DDD412E07ED84DD412E07ED85960E90
:10169000C0074400009EDD412E07ED85DD412E0789
:1016A000ED8696024E0400084400009FDD412E079F
:1016B000ED86DD4184024412C55A80418060DD45DB
:1016C0002E07EA02C0068401EBB684003E07EA0258
:1016D0003A6F9E84DD9E3A6F98BC4413F7EEA608DD
:1016E00096009684C203EAA1AE088400F857DD5F35
:1016F000DD9E3BFFFEBC84013C0FFB064413F7EF6D
:10170000A60896009684C203EAA1AE088401F846B2
:10171000F829EBFC5A08010C3C0DFAE1C0068402E2
:1017200049000A243C0FFAE1490013DD2E07ECD8EA
:10173000C0048E013E07ECD83BFFFE84DD9E3BFFDC
:10174000FEBCDD465A08020584013C0FFAFE441334
:10175000F7C9A60896009684C203EAA1AE088400E1
:10176000F81D49000DA2DD42C80BEA83A600C0089F
:10177000DD40EB58EADBEBEE848149001EB03BFF15
:10178000FE84DD9E3A6F98BC4413F7CAA608960003
:101790009684C203EAA1AE08840149000970DD5FA6
:1017A000DD9E3BFFFEBC2E07EA33C81DB401A60038
:1017B0003C0FFB64640264024412FFF03C0FFB63C5
:1017C000B6013C1DFB644402FFF4B620460112231F
:1017D000500003444412FFF8B6012E07EA338C018F
:1017E0003E07EA33FA1ADD41EAA3EA6B3BFFFE84C7
:1017F000DD9EFC4284003C0FFAD949003F8C5A0020
:1018000008174900400B2E07ED94441000A08C01EE
:101810003E07ED948403DD47840DDD4A4900403CDA
:10182000840EDD4A8403441000A1DD47B18144A247
:10183000ED1EDD424E020078EBBE442397EC4011D2
:101840000420A448440397D8964BAC403C0C039C1E
:10185000441397DA40010020A4009603AC08F86313
:10186000490040545A0003CF5A0802078404441028
:101870000060DD47D5C95A0013DEF869F86DDD4C0C
:10188000A7C097F8CFD72E97EA2E5A9801D4840391
:10189000EBABDD47DD5B3E77ED7A5A080206490087
:1018A00047193E97E9CB49004155DD585A081209BE
:1018B000EA728420EA8D5A0801048400F82FDD586A
:1018C0005A0804084900496DEBDDF869F826D52867
:1018D0005A081406EBDDF86CF820D5225A081906D0
:1018E00084008020490018044900418249004A6A66
:1018F0005A08020448FFFF89DD585A0805084900C4
:10190000494FEBDDF8AFF809D50B5A08150AEBDDA6
:101910008403441000A9DD47EA76EA46EA5F4900FD
:10192000491CF9048403441000A2DD4749004CD14E
:1019300080E08401EB595A08010448FFFF995A7866
:10194000030448FFFF605A781303F8F0840344103F
:1019500000A3DD47EB3D8403441000A4DD47DD4CCC
:10196000A600C807DD40A6415A180D048423AE41E5
:10197000440000A3EBE42E07E9EFEA7A4E9300BCA3
:10198000EBAB8403DD473C7DFAD580074900434239
:101990008007490046F7DD585A08140984034410AB
:1019A00000A6DD47F863480000A55A78040C8403BC
:1019B000441000A7DD473C9FFAE249004160EAABD2
:1019C000D55A5A78050EEAFE5A080356490041577F
:1019D0005A0803528401EAAB3C98099CD54CEAD5DD
:1019E000C84AE6E2E83C8007490047225A780138B5
:1019F0008007490048663C0DFAE25CF00BB8E80449
:101A00008C013C0FFAE284003E07E9BEEAFE8E0438
:101A1000E602DD58E90F5A00150E3C1C04B25A10BC
:101A20000503C90584203C1E0398D50484223C1E6E
:101A300003988E14E602E911EB7DC8073C00099C6F
:101A4000C00C8E01EAA0D5093C0DFAB95A00010478
:101A5000EAC9D502FA04EAA08400EB2DDD585A0841
:101A6000150B8403441000A8DD473C0DFAC3EB318D
:101A7000490042224402C3BAEB1B4422E8604900F9
:101A800020B0DD588E14E602E90AEABEC808EA91E1
:101A9000C0042E07E9B1C803EB79C005EAAAC80360
:101AA000EB3BC027EAFE9E42E623E80A84223C1F65
:101AB000FAB05A08031F8401EB2D8401D50F5A0890
:101AC00005078400EAA084013E07E9B13C10099CA7
:101AD000C9108401EA753E10133EAC3014A3000215
:101AE00014A300014402E7D83A130C004900116323
:101AF0008401EAAC2E07EA145A080512DD59A60043
:101B00005A08010EEA975A08090B2E17EB0C2E27DC
:101B1000EA0D2E07EA1449000E95F8082E07EA147C
:101B20005A000603F8038400EAE848FFFE843C0FED
:101B3000FB79DD9E3C0FFB78DD9E4402B7F43C0F41
:101B4000FB68DD9EFC20A5C8B4C097FBE0E6E80D6D
:101B5000A448EB7F9A71964BFE54442000964010A7
:101B600088368AC1B6C0FCA0A410B4E39603E00690
:101B700005018001A408E80C8A06EA899603F80C9E
:101B80004022FC0A9B7DE2E540180801D511A450D3
:101B90008A019603EA89FE0C44100096EA4EFF443F
:101BA00083FF4012FC0A9B7DE2E5401804018A2F66
:101BB000B6A3A859B444A06140307C0A9A10E24010
:101BC0008A238A2FB604A861FCA0FC4180E181230E
:101BD000CC09B400C2090260001F0220001E97B3A6
:101BE000D50CA001CA05A580A48197B3D5060260D3
:101BF00000310220003097B3802696938007490079
:101C00004F1C001480005A10FF058C21880192019E
:101C100010048000803FB08149004F76B41F381314
:101C20008111F001382381118402EABC4203087358
:101C3000EA4E9200FCC1FC61B480C311C4079F64EA
:101C4000E6A2E90484A01050007D2E57E9F32E6728
:101C5000E9B65C5280015C930001D503812380A327
:101C60004E4203138E84E6824EF3030F80C0A60C0F
:101C70008143816280E14E0300AE4E5300ACEB8B9A
:101C8000C329A0D13C5DFACAA498A51902018031EC
:101C9000023180305CF2832096939723960396DB83
:101CA000E807EB8C5A58010550108510F8110053C5
:101CB0008008CD048A44EBBFD5055A5831088A0301
:101CC000EB13E9048401EB97F80350108288480075
:101CD00002E8501088465033006E8440800B8082AA
:101CE000EBF23CC35D1CF0813C835D3C4EA20046A0
:101CF000B42BB0019C8A503380105043802880ACB4
:101D0000EBE7A03DA17C944140462001402097F59F
:101D1000946940561006050F8001FF6A95694118C5
:101D20007C0AEB929521420890244202C073424201
:101D3000406988A0980C403004069855EBD20453B3
:101D4000800B88504041400688B1882398E5EA2DF1
:101D5000EBFAEA304E0300C7EBFEC00444F002BCCD
:101D6000D50344F005DCEBDFE20F4EF200BCEB895B
:101D70004E0300B9480000B6A17DA07C95693C27C0
:101D8000F37E410287F5405600134042A001FE84D5
:101D90003C37F382E2A4EACE525780009569EB9279
:101DA000EBD49521FEE44232887342420869EBD2BB
:101DB000944988A30433800B41109000884088B078
:101DC00041007C0AE2404018840688708011480077
:101DD00000B7A63D5A001F04480000B64E5300B499
:101DE000EB8B4EA2002D043580013C5DFACAA4980D
:101DF000A51902018031023180305CF28320969374
:101E00009723960396DBE807EB8C5A580105501090
:101E100085B2F81300538008CD048A44EBBFD50582
:101E20005A58310A8A03EB13E9068401501080A244
:101E3000EB97F8035010832A48000237501087A40C
:101E40005033006E800B84418480EBF23CC35D3BD9
:101E5000F0813C835D5B4EA20049B44BB001501150
:101E6000003E503380105021003C5043802880AC0D
:101E7000EBE740462000050F800140523006A03DB0
:101E8000956941187C0AEB929521A0FC9441420887
:101E900090244202C0734242406940208FF5945919
:101EA00088A0980C403004069855EBD20453800B60
:101EB00088504041400688B1882398E5EA2DEBFA26
:101EC000EA30C810EBFEC00444F001F4D50344F03E
:101ED00003E8EBDFE20FE806EB89C80444000C7F5F
:101EE000EBFA02030008D537A17DA07C3C27F37FE5
:101EF0009569411287F5FE84405600133C37F38202
:101F00004042A000EACEE28540578408EB92EBD431
:101F10009521FEE44232887342420869EBD294492B
:101F200088A30433800B41009000884088B14110A1
:101F30007C0AE24040180406887180108825886F6A
:101F4000EA2DD510841F4EA2000A1003006C220354
:101F50000004EBFA12030018D5071003006E020309
:101F6000000C1203000EA63E4E0300B04E9300AECE
:101F7000EB8B4EA2002CB46B3C5DFAD6A498A5194D
:101F80000201801F0231801E5CF28320969397230A
:101F9000960396DBE807EB8C5A58010550108654DF
:101FA000F81300538009CD048A44EBBFD5055A5875
:101FB0001F0A8A03EB13E906840150108144EB9752
:101FC000F803501083CC48000174501088465033F9
:101FD000006F800B84408481EBF23C935CB8F0810D
:101FE0003C835CEA4EA200420415800180A99C8AD1
:101FF000B0015033801850438030EBE7A03FA13E42
:102000009441402093F594614044A001400490061F
:10201000050F8001FE02940141187C0A409013F5DF
:102020009521420890244204C0734242406988A02E
:10203000980C403004069855EBD30453800D88501B
:102040004041400688B1882398E5EA2DEB85EA30C7
:102050004E0300C6EA7B5CF003844EF200C1EB89BC
:102060004E0300BE480000BBA0BFA0FE9451402418
:10207000801340412001E244522780009491409116
:1020800013F53C27F38040508FF5FE8494593C377C
:10209000F3829521EACEEBD4FEE4423488738203C6
:1020A00042220869411088008870EBD3E3A1986B45
:1020B0000433800D40507C0A88404041000688650A
:1020C0008011882F480000BCA63F5A003104480008
:1020D00000BA4E9300B8EB8B4EA2002CB46B3C5D63
:1020E000FAD6A498A5190201801F0231801E5CF265
:1020F000832096939723960396DBE807EB8C5A5838
:102100000105501086F6F81300538009CD048A4467
:10211000EBBFD5055A581F0A8A03EB13E906840161
:10212000501081E6EB97F8035010846E480000C50C
:10213000501087A45033006F84418082800BEBF2F3
:102140008080F0813C835CE93C935D1B4EA2004B98
:1021500004258001B00150110062503380185021D5
:1021600000605043803080A8EBE7A03FA0BE9441C0
:1021700041008BF5945140242400F4014051200685
:10218000956941127C0A40528BF59491420888244B
:1021900042029073422110698860980AEBD3405044
:1021A000040640180C000433800D8844404110069A
:1021B000887188258864EA2DEB85EA30C810EBFE2B
:1021C000C00444F002BCD50344F003E8EA7BE20F0C
:1021D000E806EB89C804440013FFEB8502030009FD
:1021E000D539A0BFA0FE945141008FF594593C37DA
:1021F000F38140540013FEE43D17F3824022A40013
:102200004111C636E2454057840840528BF54008DC
:10221000FC0A9491FE144202C4734221446988600E
:10222000980AEBD3E20140180C000433800D410200
:102230007C0A8844404110068870882F8864EA2D03
:10224000D518841F4EA200121003006D2203000552
:10225000EB8512030019020300083C0BF6CE0203C3
:1022600000093C0BF6CFD52C1003006F0203000DC4
:102270001203000F0203000C3C0BF6CC0203000D0E
:102280003C0BF6CDD51D843FC3061010006C10101A
:10229000006DD5161010006E1010006FD511503360
:1022A000006C48FFFD1C5033006C48FFFDCD5033DF
:1022B000006D48FFFE905033006D48FFFF3FFCE18A
:1022C000FC203C6DFB7884E1A772A7B3C20284FFB7
:1022D000C9089E69FF4442510473B6A388A7D50B71
:1022E0009E71FE8C80204211147388474201147342
:1022F000B62380A0B6A4FCA0FC6384C081A0814169
:10230000F281818380E4816581038126E2E8E9121C
:102310008008F112F201B0C2B10349FFFFD3F0020D
:102320008D01380681118920F0033806811188C09B
:10233000D5EE8AEC8405FFFB42638073844142231F
:102340000800800A802949004B78002580005A2027
:10235000FF068C41884040010409EADEB044B085A4
:1023600049004BD2F00438150111F0053825011150
:102370008402EABC42048873EA4EFCE3FC658121D6
:102380003C1DFB78F28200208032F28400208033F2
:10239000F28520D08039A68A20E0803AA64B508072
:1023A00000209E09F083960AF0889E12F08696120D
:1023B000F0899E0A4472C784854050C17FFFF08730
:1023C0003C0DFB7800000009E3404EF200EBB21830
:1023D0004E0200D58E04E6024EF300D10404000440
:1023E0005A080204480000CBB37F0404800540650E
:1023F00088088806A6C0CB24A642E622E9029EC928
:10240000A703F007E080E8038C81D502F403844041
:10241000B65FEB7BF00280A8F88C04148006F2040F
:10242000EBB58A20FE540424800838212E0288024D
:10243000EABC22147FF2880D9603E001D52DA74156
:102440004C56402DA6C2E662E9038E61D502846037
:10245000A703F007E080E8038C81D502F403EB7B4F
:102460008400B61F501080A28441F00280A8F86159
:1024700004148006F209EBB542110073F204FE5415
:102480000424800838212E028802EABC22147FF23C
:10249000880D9603E020EB65D506841F100400002C
:1024A00002047FF212047FF60404800588C0A6F2BD
:1024B000CB28A630E602E9029EC1A731F006E080F3
:1024C000E8038C81D502808CEB7B8401B61F501011
:1024D00081448440F00250540001F82B041480071A
:1024E000F205EBB58A20FE540424800838212E0220
:1024F0008802EABC22147FF3880E9603E001D52EF1
:10250000A773F003D82DA6F0E662E9038E61D50229
:102510008460A731F006E080E8038C81D502808CCE
:10252000EB7B8441B65F501081E640540800F00216
:1025300049FFFEE4041480073820AE02F10842206F
:102540008073F105FE8C04148008EBB58801EB91D3
:1025500022147FF3880E9603E020EB65D506841FD6
:102560001004000102047FF312047FF722047FF6B7
:10257000AC3822047FF7AC39D50E22038000120458
:102580007FF62203800112047FF7841F10040000ED
:10259000100400018D418CE45084004C48FFFF1270
:1025A000FCE55A0001054403F7DED5034403F7DDDB
:1025B00044100069AE40EA338420AE40DD9E8401C1
:1025C000DD9EFC204473F080A7B897B05433001F01
:1025D000583180A0AEF8DD48AFB8FCA0DD578E01C1
:1025E000EACDDD9E44100055DD43AE404413F7F1C3
:1025F000A6089604C003EA33D5FCDD9E44100055BE
:10260000DD43AE404413F7F0A6089604C003EA3356
:10261000D5FCDD9E4443F7FDA72097205A0801050D
:1026200058020008D503540200F75A180104EA6161
:10263000D503540000FB5A280104EAE0D502EB233D
:102640005A380104EA6AD502EAA14413F7FDAE083C
:10265000DD9EFC2180E08400EA2C840080208441FF
:102660008060506F8007F837C703EA3CEA2C84216A
:102670004403F7C0AE40442FFFE74403F7C3AE80E6
:1026800096B04403F7C6AE8084404403F7C1AE80E1
:1026900084774403F7C4AEC0EB6496004433F7C7B5
:1026A000AE184403F7C2AE8092D084434403F7C50A
:1026B000AE8097B0EBB2AF804403F7CCAE40EA39BE
:1026C0008020EA36A6089600C003AED0D5FC802054
:1026D0008040806049FFFFA0FCA184004412D8180C
:1026E000845FEAFF8C015A080AFEDD9EFC208420EC
:1026F0004432D8184442FE5D4452FE5C44638D412E
:1027000044738D403801840096885A00FF23E64ABE
:10271000E82044F025203827880040F13C00DD0FF8
:102720000A12161A1E303022262C3C2DFAC5AE1085
:10273000D510AE38D50EAE30D50CAE28D50AAE20A9
:10274000D508EB9FD5063E07E749D5033C0FFAB9FC
:102750008C215A180AD9FCA092004403F7C0A64065
:102760004402F0FCAE404413F7C3A648AE43441302
:10277000F7C6A648AE464413F7C1A648AE41441377
:10278000F7C4A648AE444413F7C7A648AE4744135F
:10279000F7C2A648AE424413F7C5A648AE45441357
:1027A000F7C8A648EBCCDD9EFC00EA674402F0FCCB
:1027B000A6804413F7C0AE88A6834413F7C3AE883F
:1027C000A6864413F7C6AE88A6814413F7C1AE8827
:1027D000A6844413F7C4AE88A6874413F7C7AE880F
:1027E000A6824413F7C2AE88A6854413F7C5AE8807
:1027F00000100008EBB2AE40FC80FC408140540069
:10280000807F80C180E281235A087F05440000C890
:10281000DD41EA675AA8010A8400F9B9EB75842002
:10282000AE404403F7CBD5034403F7CC542480FFD8
:102830004413F7C0AE8896B04413F7C3AE8896B879
:102840004413F7C6AE884014A00996484423F7C144
:10285000AE504013200996484423F7C4AE504013AD
:10286000A00996484423F7C7AE504014C0099648C3
:102870004423F7C292D0AE5097B04413F7C592F0FC
:10288000AF8897F84413F7C8AFC88421AE40EA393F
:10289000EA36A640C103AED0D5FD5AA80108800A89
:1028A000F976441FFFAAEB75AE408401FCC0FC0022
:1028B0004403F02CA78084214403F3ECAE4084470A
:1028C0004403F3EDAE8084004423F3EEAE104423C2
:1028D000F3EFAE504423F3F0AE1084644423F3F1DD
:1028E000AED04423F3F28462AED04423F3F3AE10AF
:1028F00097B04423F3F4AE109634C8455403000255
:1029000096004423F439C00684033E17EDEBAE1065
:10291000D5043E37EDEBAE10EA6797968401F8DAFE
:1029200097B08400F8D7C60584013E07E758D50361
:102930003E67E758DD575A0802074413F02DA608F2
:10294000EA6AAE084401E49044128E104420191043
:1029500049FFFE39441FFF86EB15AE408420EA692B
:10296000AE40441000404403F6CAAE40FA2144038E
:10297000F697AE40FA2F4403F384AE40842144031B
:10298000F380AE40DD575A00011E4605555A4412E9
:10299000C13050000AAA3C0FF9D4804184028464FB
:1029A000DD45DD43DD44AE404605A5AA500005A542
:1029B0003C5DF9D5D8FE46012345500006783C0F12
:1029C000F9D5FC80FC0049FFFE8ADD4C4412D81882
:1029D000A600AE08DD4BA600AE09EBA3A600AE0A2A
:1029E0004402FE5CA600AE0B4402FE5DA600AE0CE7
:1029F000EB79AE0FEAD0100080083C0DFAB9100058
:102A000080098041846A8402DD45FC80FC2044000A
:102A100000C6DD414403F7C0A600DD414403F7C111
:102A2000A600DD414403F7C2A600DD414403F7C31D
:102A3000A600DD414403F7C4A600DD414403F7C509
:102A4000A600DD414403F7C6A600DD414403F7C7F5
:102A5000A600DD41EBB2A600DD414462FE504472A7
:102A6000FE5608030001DD414C63FFFDEB95A60017
:102A7000DD41440000C7DD41FCA0FC004423F7F029
:102A8000C80380A2D5034453F7F1A6689648DA1725
:102A9000540080029780C609440000C3DD41F81746
:102AA0008400F8188400FC809656C118440000C4C5
:102AB000DD41F80D8006F80E8006FC80546080FE33
:102AC000C60D440000C5DD418006DD4149FFFFA081
:102AD000840149FFFD688400FC808401FC80FC4087
:102AE000814080E180C28123EA675405007F5A0853
:102AF000010A8400F84C8420EB75AE404413F7CBF8
:102B0000D5034413F7CC542480FF4403F7C0AE80B0
:102B100096B84403F7C3AE8096B04403F7C6AE80C0
:102B20004004A00996004423F7C1AE104003A00959
:102B300096004423F7C4AE10EB6496004423F7C715
:102B40004034C009AE1096D84403F7C292F0AEC02C
:102B500097F84403F7C592D0AFC097B0EBB2AF80FF
:102B60008401AE088401FCC05A0001054413F7CC6F
:102B7000D5034413F7CB4433F04A44400055A688AC
:102B8000C203AF18D5FD5A08010BFC0049FFFD63D5
:102B9000441FFFAAEB75AE408402FC808402DD9ED8
:102BA000FC41DD5784C15A0001044800008B4413E6
:102BB000F7F1EA39EA36A6089604C003AED0D5FC90
:102BC0003C6DFABE4413F1289CB484638402DD4555
:102BD0004413F1185023000884638402DD45441334
:102BE000F1005023001884648402DD454413F12C65
:102BF0005023001084638402DD454413F1305023D8
:102C0000001484638402DD454413F1045023001C46
:102C100084648402DD4584014413F30EEAAF8060CE
:102C2000DD45001F8007440FFF80FE0FEA2C441390
:102C3000F30EEAAF84618402DD45440FFFAEEA2C57
:102C4000EAA9EAAF84618402DD458401EA2C4413D9
:102C5000F10D8402EAAF8461DD45DD43DD44AE4021
:102C60004605555A50000AAA3C5DF9D4D8FE4601E3
:102C70002345500006783C0FF9D4EA59EA78840AD3
:102C8000EA3D8401EA524413F133EAAF8060DD4546
:102C9000006F800754030004C0F3978FC6064400FA
:102CA00000C2DD4184C1D50D4605A5AA500005A589
:102CB0004412C1343C0FF9D5804184028464DD455F
:102CC0008006FCC1DD575A00010544024A00DD9E22
:102CD00044020A00DD9EFC405A000203F8188408F2
:102CE00080C1DD4A4403F31CA600C0064413F33F31
:102CF000A608EAE7AE084403F369A6009604C009F3
:102D0000FA22EA69AE408420EB15AE40480000E5A7
:102D10002E97EDEB2E77EDEA5A90010448000081E2
:102D2000CF1E8009DD4A4413F374A608580000033F
:102D3000AE08C61284053E97EDEADD4A2E07EDE99E
:102D400080478C013E07EDE98402802080698087FE
:102D500080A7DD55D50444000898EA3D84003E076D
:102D6000EDEACE1D4463F36A8402DD4AA630EB230C
:102D7000EA61AE30440001C2EA3DEA24FA00AE083E
:102D8000804184618402DD458403DD4AA63044131A
:102D9000F369EA6AAE30EA39EA36D51E8400F809EA
:102DA000844080A28062848384228401DD55840172
:102DB00049005EA7EAA2FA0380268046AE3084610D
:102DC0008402DD458401EAF6EA53EA3BA6305A0064
:102DD00014CBAE88D5FCA6089604C803AED0D5FCAB
:102DE0008404DD4A4422FEF04433F04A4440005556
:102DF000A610EA245A001104AF18D5FBFA02AE0857
:102E00008440EB15AE80840280418060DD458405FE
:102E1000DD4A2E07EDE88C013E07EDE8D55DCF0ECB
:102E2000C60D84013E07EDEA8405DD4A8402802751
:102E300080478067848380A7DD5584003E07EDEAE4
:102E4000C61D4472FEF04493F04AEBDCA638EAA2B9
:102E50005A00130C8440840110A4800080208062FA
:102E6000848380A2DD55D5F38401EAF6FA04AE30FE
:102E70008026840280468461DD45EA24EA39EA3608
:102E8000A6085A001004AED0D5FC8403DD4A4413D2
:102E9000F36AA608EA39EA6AAE08EA364413F36927
:102EA000A6089604C803AED0D5FC8404DD4AEAA285
:102EB000FA01AE308026804684028461DD45EA5303
:102EC000EA3BA6305A001204AE88D5FC2E07EDE886
:102ED0008C013E07EDE8FCC04423F02BA6502E37B2
:102EE000EDEB96485A380109C00458008008D50A0D
:102EF000540080F7D507C00458008010D503540053
:102F000080EFAE10DD9E4403F02AA600EBE89600A9
:102F10005A180104EA56DD9EEB7ADD9EC807FC00D4
:102F20008401EA588405DD4AFC80DD9EFC00EA9FAE
:102F30005A0801094403F7F0A60056000001960460
:102F4000FC808400FC80DD59A6009600C004EAB92C
:102F50005E000001DD9EFC4097808402DD4A800611
:102F6000DD4A4412FEF28401AE084402FEF3AF8053
:102F7000840280418060DD45EAE2EB364492FEF651
:102F800049FFFFC35A00010B8404441000F2DD47DF
:102F9000EB3DAFF0EB2E5A08ECF58403DD4A8400DC
:102FA0004412FEF2AE084412FEF3AE08FCC0FC4030
:102FB0003C6DFB0C97B0DD465A000207DD40A601D0
:102FC0005A000903F8E3EAC7EA6DD003EA94D82966
:102FD0002E57EE4CD6042E57EE4DDE0CDD575A0020
:102FE0000107840AEA322E001353EA294472C82CDE
:102FF000F8CD2E07EE50E2C0E9FAEBE85A1801F8D6
:10300000842BEB4A2E1013503E17ECDB4C6000056E
:103010002E57EE51DEEC840CEA214472C82CF8B62F
:103020003C0DFF99D0043C0DFF9AD8272E07EE3CAB
:10303000E2C0E90FDD575A000103F815840BEA32AC
:10304000840CEA212E00135DEA5B4472C814F89EDA
:103050002E57EE34D6052E57EE354C5340F4DD573F
:103060005A080104480000EF840AEA322E00135384
:10307000EA294472C814F88A3C0DFFA2D0043C0D22
:10308000FFA3D8582E57EE1EDE0DDD575A08010358
:10309000F845840AEA322E001352EA294472C7FC2A
:1030A000F8752E57EE29D61B2E57EE2BD6182E5715
:1030B000EE2DD6152E57EE2FD6122E57EE2AD60FFE
:1030C0002E57EE2CD60C2E57EE2ED6092E57EE305C
:1030D000D606EBD0D6042E57EE32DE0DDD575A0859
:1030E0000103F81C840AEA322E001354EA294472C0
:1030F000C7FCF84C2E57EE24D60E2E57EE25D60BD5
:103100002E57EE26D6082E57EE27D6052E57EE2838
:103110004C53409CDD575A00010448000097840B33
:10312000EA32840CEA212E00135DEA5B4472C7FC8C
:10313000F82DEBC7D0043C0DFFA1D8522E57EE0B53
:10314000DE0CDD575A000103F81C840BEA322E0016
:103150001350EA5BEB3CF81A2E57EE06DE0CDD57F7
:103160005A080103F80E840AEA322E001352EA29A3
:10317000EB3CF80C2E57EE08DE0BDD575A0001042D
:1031800048000067840CEA21EB3C480000662E579B
:10319000EE11D61C2E57EE13D6192E57EE15D61655
:1031A0002E57EE17D6132E57EE12D6102E57EE14BA
:1031B000D60D2E57EE16D60A2E57EE18D6072E57D6
:1031C000EE19D6042E57EE1ADE43DD575A000141A0
:1031D000840AEA322E001354EA29EB3CD53D3C0D1B
:1031E000FF934C02C00E2E27EDEB842B2E001351C3
:1031F000EB4A5A280104EA5BD52FEA29D52DEAE5E6
:103200004C02C0132E57EDECD6042E57EDEDDE2206
:10321000DD575A000120840AEA322E001353EA29AE
:103220004472C7CCD519EAC54C02C017DD575A08FD
:103230000114840BEA322E001350EA5B840CEA215D
:10324000D50B4472C814D5084472C7FCD505EB3CB5
:10325000D5034472C7CC44A3F01DEA8AEA7ADD5B49
:103260005A080215DD465A080212A77A9E319600C6
:10327000DE065894800110950000D5080053801395
:10328000D805549480FE10950000FCC08020445264
:1032900097E844229808A2E9AAC9DAFE2E17E9CADB
:1032A00014100008DD9EFC003C6DFB0C3C0DFAD4B4
:1032B0005A000B083C0DFAD45A000A04480001C118
:1032C000DD465A000208DD40A6015A000904480004
:1032D0000193EAC7EBE697B0DD57D1043C1DFF929E
:1032E000D9122E57EE524C5300B22E57EE534C5378
:1032F00000AE2E17EE4C4C60814E2E27EE4D4E2226
:103300000170F8143C1DFF99D1043C1DFF9AD9109F
:103310002E17EE3CE2C14EF2009A2E17EE344C60AE
:10332000813A2E57EE354C53415C480001343C1D28
:10333000FFA2D1053C1DFFA34C50C07F2E57EE1EAF
:10334000DE115A080103F8E1EA234E0700048E015A
:10335000EA29EA234E03014584263C1FFAD5EAAC4C
:10336000F8D42E57EE29D60C2E57EE2BD6092E5711
:10337000EE2DD6062E57EE2FD603EBD0DE2C5A08B4
:103380000103F8C3EA234E0700048E01EA29EA2369
:103390004E030127EBD0DE028407EA21EA25C804A8
:1033A0004402E1D0F8D82E57EE298400EAAC4C5301
:1033B00000922E57EE2B4C5300942E57EE2D4C536B
:1033C00000962E57EE2F4C530098EBD04C534109EA
:1033D0004800009A2E57EE2AD60D2E57EE2CD60A0C
:1033E0002E57EE2ED6072E57EE30D6042E57EE323D
:1033F000DE125A080103F889EA234E0700048E0101
:10340000EA29EA234E0300ED2E57EE324C53409B3F
:103410004800009B2E57EE24D6192E57EE25D616BF
:103420002E57EE26D6132E57EE27D6102E57EE28FF
:103430004C5340D7D50B3C1DFFA0D1053C1DFFA12F
:103440004C50C08D2E57EE0BDE065A000103F85D7E
:10345000480000BE2E57EE06DE145A080103F85548
:10346000EA234E0700048E01EA29EA234E0300B93D
:1034700084263C1FFAD584213E17ED45EAACF84579
:103480002E57EE11D60D2E57EE13D60A2E57EE15E7
:10349000D6072E57EE17D6042E57EE19DE385A08E7
:1034A0000103F833EA234E0700048E01EA29EA23D8
:1034B0004E0300972E57EE19DE028407EA21EA2513
:1034C000C8044402E1D0F8472E57EE118400EAAC5C
:1034D000DE04840BEB18F8192E57EE13DE04840C6F
:1034E000EB18F8132E57EE15DE04840DEB18F80DCB
:1034F0002E57EE17DE04840EEB18F8072E57EE1940
:103500004C53406F840FEB184800006B2E57EE129F
:10351000D60D2E57EE14D60A2E57EE16D6072E5776
:10352000EE18D6042E57EE1ADE5B5A00015AEA2333
:103530004E0700048E01EA29EA23C8522E57EE1ADC
:10354000D6038401D5028408EA21EA255A0801330A
:103550004402E1AC49FFFE9CD52D3C1DFF93D90FE1
:103560005A080108EAB94E07003C8E01EA5BD538DB
:10357000EA234E0700368E01EA29D5323C1DFFA909
:103580004C12C01C2E17EDEC4C6080052E57EDED53
:10359000DE275A000126EA234E0700048E01EA299D
:1035A000EA23C81E4C60C0058404EA21D5038405C3
:1035B000EA218400EAACD5143C1DFFA84C12C011CE
:1035C0005A08010F4403F403A600C80AEAB94E07DB
:1035D00000048E01EA5BEAB9C8038409EA21DD57D9
:1035E0005A080105EAB9C82CD503EA23C829840D75
:1035F000EA32D526DD465A000224EAC7EAC5D820B9
:10360000DD575A08010EEAB94E0700048E01EA5B45
:10361000EAB9C8168409EA218404DD4AD511840276
:10362000DD4A2E0FECD94E0700058E013E07ECD97E
:103630002E0FECD9C8058409EA218403DD4AFC80F9
:10364000FC00EBB796005A080103F8062E57EE115E
:10365000D8058400EA95480000582E57EE12D80D80
:103660008401EA95DD575A0001504412EA98EB01B3
:10367000EA8C8402DD45D5482E57EE13D804840227
:10368000EA95D5422E57EE14D80D8403EA95DD57FE
:103690005A00013B4412EB18EB01EA8C8402DD4531
:1036A000D5332E57EE15D8048404EA95D52D2E5720
:1036B000EE16D80D8405EA95DD575A00012644120E
:1036C000EB98EB01EA8C8402DD45D51E2E57EE17F0
:1036D000D80D8406EA95DD575A0001174412E840D8
:1036E0008041FA788402DD45D50F2E57EE18D80CAC
:1036F0008407EA95DD575A00010884024412EC1849
:10370000EB01EA8CDD45FC8044039680A600961F01
:103710008E01E6013EF7EA29DD9EFC202E07EA290C
:1037200097805A6801314413968144039680A6001D
:10373000A68844139682A648407010094010A0083D
:1037400040108A0444239683A690FE57442396840F
:10375000A6D096D85A7001075A78020BF803800653
:10376000D508800744239690DD458007D502840361
:10377000842044239680AE504423968FAE103E178B
:10378000EA29FCA08401FCA02E07EA34C005FC0055
:103790008403DD4AFC80DD9EFC00C80284263E17BF
:1037A000EA1449005992FC80FC03B61FF181F282B1
:1037B000F383B45F4412A50AEA228402F484F585F7
:1037C000DD45F2014412A69AF838F2024412A82A02
:1037D000F834F2034412A9BAF830F20444129ECA33
:1037E000F82CF2054412A05AF828F20A4412A1EA71
:1037F000F824F20B4412A37AF820F20C4412988AAF
:10380000F81CF20D44129A1AF818F20E44129BAAF0
:10381000F814F20F44129D3AF810F2104412AB4A19
:10382000F80CF2114412ABAEF808F2124412AC12CA
:10383000F8044412AC76F213EA228402DD45FC83DC
:103840002E27EDEB5A2801044800008FFC4580E04C
:103850008121840480273C6DFB0CDD475A700507ED
:103860005A78060448000067F804EA975A000904E9
:1038700048000079EB95A6008E02E6064EF2007332
:10388000E724E916E730E83F44437A28F831EAC4F0
:1038900044137578F486F487F488F489B65FF3816D
:1038A000F082F183F284F385FD20F82BD52C4403BC
:1038B0008388B61F44038518F081EB72F0824403BD
:1038C0007BB8F08344037D48F08444037ED8F085C0
:1038D000440386A8F08644038838F087440389C8E7
:1038E000F08844038B58F08944137578EAC4442364
:1038F00077084433789883FF44438068445381F8C1
:1039000049FFFF54EB1BF8244412E8408041FA7849
:10391000F821441397DC80418464F81C840444102B
:1039200000CEDD47490004678404441000CFDD4722
:10393000D5199630661000088E26E622E908501048
:103940007FF6E622E9048E12E602E80CEB1B8041CA
:10395000EA8C8402DD454412E84084028041FA7812
:10396000DD458401FCC58401DD9EFC0084858E015B
:103970004050109684C68CA138509602FF344042C5
:10398000900D972FAF10041080114000800D960409
:10399000AE18FC8004108012FA58FE14EA99401008
:1039A0000440EA9C882004008009EA42DD9E04105D
:1039B0008012FA58FE14EA9940100440EA9C8820CC
:1039C000040080089600DD9EFC6181400400000830
:1039D00085A0858154B0003F500500048121808D71
:1039E000838D81CCFD36B61F851FE3664EF300BD87
:1039F0009E319600B43FF481490062B98E015CF0BB
:103A00000023F4014EF200AD44F03818382781014C
:103A100040F13C004A003C006E0046014601460170
:103A20004601460146019800400166004E00EA004A
:103A3000FC00100118012001280130013801460066
:103A4000C200CA00D200DA00E20046014601460187
:103A500046014601460046004600460046009CF9E5
:103A600097D84800007E9AB74FC300081024800002
:103A7000108480018781D57410248001D5719A3714
:103A800010048002D56DEA6D4CA0400D9AB75AE83B
:103A900001061024800485C0D5631024800585C0EC
:103AA000D55FEBC74CA0405D9A3710048004D55811
:103AB000EA6D4CA0400D9AB75AC801061024800642
:103AC0008580D54E102480078580D54AEBC74CA051
:103AD00040489A3710048007D5439A37100480086D
:103AE000D53F9A3710048009D53B9A371004800AD5
:103AF000D5379A371004800BD5339A371004800CD1
:103B0000D52F9AB7CC05102480158481D52910248F
:103B1000800DD5269AB75AD8010510248016D520D5
:103B20001024800E85A1D51C9A371004800FD5185B
:103B30009A3710048010D5149A3710048011D510CC
:103B40009A3710048012D50C9A3710048013D508C8
:103B50009A3710048014D5049A37100480038CC15E
:103B600097B048FFFF44FCE1FC61F081F101840063
:103B7000F8323E00134884003E07ECD384C04492E0
:103B8000ED289DF1F1019638F8262E17ECD388C95F
:103B9000AE3188013E07ECD380C75A7808F4F101B2
:103BA0008409F8193E001351F101840AF8143E000B
:103BB0001352F101840BF80F3E001353F101840CF2
:103BC000F80A3E001354F101840DF8053E00135528
:103BD000F101FA0549FFFEED3C7DFFA03E00135DBB
:103BE00084C04493978050A3800404038008962FD8
:103BF000E0C0E80B8006802A40B32400490061B78A
:103C00008CC1EADE97B0D5F2FCE1FC004462D82416
:103C1000B4064412C82CF8118386B8084412C8149C
:103C2000F80CB8114412C7FCF808B80F4412C7E4E6
:103C3000F804B8184412C7CC49FFFEC8FC804423DE
:103C4000F7DAA6509648C00458108020D5035410C7
:103C500080DFAE50DD9EFC40840149005736840170
:103C6000F8272E17ECD346008B3B88014413F7F856
:103C7000B60184014413F7FCAE084413F7CDAE0837
:103C8000842B3E07ECD98404EB4A446000C8DD4A2B
:103C9000EA59EA782E0FECD94E0700088EC1EA5295
:103CA000840A97B1EA3DCEF78405DD4A840049FFD6
:103CB000FFC8FCC0FC20DD465A0802174473F41C00
:103CC000A7B8DD44DD43AE40840A4410009997B0A4
:103CD000DD47DD59A600C806A7B897B0EA33EB3D2B
:103CE000D5F95A6802FBFCA0FC21F081DD575A0887
:103CF000011EF8344412FEF0A608EAA25A0850FE4B
:103D0000F81544000051F824F829A6304472FEF05A
:103D10005A0852FDF001F81944000053AE388027CC
:103D2000804784618402DD45FCA1490025BEEAA2EA
:103D3000EA84F80E4403F04ADD44AE408006A64013
:103D4000EAA25A1851FEF001490073DDEB50AE3083
:103D50008026840280468461DD45DD44DD43AE403B
:103D600083FFA6305A0853FFFCA1FC20DD57EAE28E
:103D7000EB365A080113AFF0EA24A6085A0852FF9E
:103D80008401EBE5DD44DD43AE40DD46C0FF441079
:103D90000053EA69AE40FCA08401EBE5AFF0DD46DC
:103DA000C0FFEA24EB50AE08804184618402DD4507
:103DB000FCA0FC4280C0B0013A100C2022AF80026F
:103DC000F702049F8003DD465A00020980278049DC
:103DD000806A8402DD458401FCC200030065001393
:103DE00000648A015A00082F000300650013006573
:103DF000E608840CE80FF80812A10000F8031491FB
:103E000000020013006580464220807383FFA9D121
:103E1000D5118E284E00FFF912A10000F80314916D
:103E200000020013006580468E284220807383FFC5
:103E3000A9D1000300658C01960010030065840180
:103E4000FCC28400FCC2FC0000608064002080652D
:103E50004C61002900308064844C80814241887329
:103E6000003080642252000080814241887380C10A
:103E7000A0E2004080644262087300208064A131A7
:103E80008C41969010208064002080645A28080B92
:103E9000844010208064002080658E489690102019
:103EA0008065AD40A901A8C2FC803C1DFAE63C1D1E
:103EB000FAE600300064844C42018873501087A3F6
:103EC000222000004400004B4211007380013C1C82
:103ED0000396E201E8053C0FFAE68401DD9E8400CA
:103EE000DD9EFC023C6DFAFFEBFCC04696309E4323
:103EF000E631E806DD56A648C9035A080B058400DA
:103F0000EB8AD53A2E500E5D2E000E5CD823EBE8DE
:103F100097B03C0DFAE15A0003083C03F5448C01CC
:103F200096013C0BF5445A68020E5A10010C3C03F2
:103F3000F5445A0001F084003C0BF54484003C0F2A
:103F4000FAE1840084203C0BF5443C1FFAE1EB8A43
:103F5000D5134402E7D849FFFFAAC0DAB0014412E2
:103F6000E7D849FFFF728402F102F203223F800288
:103F7000EA5A3C0FFAE1FC824403F7C9A640C103A8
:103F80008420AE40DD9EFC01DD575A000148EAC79F
:103F9000EBC7D0043C0DFFA1D841EA5CEA648C0178
:103FA0009600B081503F800549FFFCE1EA64000FB4
:103FB00080040460800849FFFCEF001F800597AF74
:103FC000C11CEA5CEA648C029600EBEBEB2F49FF24
:103FD000FCCE000F8006EA6449FFFCDEC80AEA5CFA
:103FE000E206E807EB48C80584013E07EA02D51A55
:103FF00084003E07EA02D516C80AEA5CE206E80732
:104000002E07EA19C8048401EBB6D50C840AEA3DF0
:104010008400EBB63E07E9D6D5058400EBB63E0733
:10402000E9D6FC81EBE85A1801064412C4FCF804F6
:10403000DD9E4412C48C3800810150007F5BEACDC4
:1040400083FFDD9EFC40DD4480C0DD43AE40EA8559
:10405000A608C8FF2E37EDEB44A2C48C440000A58F
:10406000947150737FA04492C4FC5A380116882A78
:104070008041380519098402DD45EA67F8153804DE
:1040800099015A08A5FEF81C4412C4FC3805190908
:1040900038009909FCC08829804138049909846155
:1040A0008402DD45EA67DD43DD44AE4097F8440312
:1040B0008D44AFC083FF380519015A08A5FE50038F
:1040C0007FB0960044138D44AE08840083FF4412F1
:1040D000C48C3800990938049909FCC0FC0084009C
:1040E000441000C1DD47EA97C8038407EAE8DD53BE
:1040F0000060005184018026DD475A680212EAC937
:10410000EAA0DD53EBE200000053C8038400D53C75
:104110005A00013B5A0002395A0803FAD5355A6849
:1041200003378402EA75EAC9EAA0DD5300100053A0
:1041300000000054968C4210840BC914CA0AC803AC
:104140008404D5225A0801048406D51E8408D51C8F
:10415000C8038405D5195A0801048407D5158409B4
:10416000D513CA0AC803840AD50F5A080104840C5F
:10417000D50B840ED509C803840BD5065A08010453
:10418000840DD502840F3C0FFAC3D50E5A68040D76
:1041900084003E07E9F83E07ED44DD42C811840182
:1041A000EA758426D50B84003E07ED4484013E0762
:1041B000E9F8DD42C8058401842549FFFAEFFC8057
:1041C000FC0180C08400EA2CDD42C8133E67E9E7A9
:1041D0004412C3C7804184618402DD4584014412D6
:1041E000C3C7EAAF8060DD45EA97005F8007D8F17A
:1041F000FC81FC00DD42C010EA975A000305EA97F3
:104200005A080AFF84004412C3C7EAE88041846167
:104210008402DD45FC80840A49FFFFD4FC80FC0059
:10422000DD42C80AEA975A0808048409D504EA97C7
:10423000C8038407EAE8FC80FC00EBF084203C0F14
:10424000FB9B10100050EA9DEB8E101000531010D5
:10425000006010100061FC80FC00DD42C821DD53CD
:10426000000000F25A08011DDD44DD43AE40EA7053
:10427000000080F2C802D5004402FEF3A6009600BA
:104280009E83E642E9075A00060650207FF7E64380
:10429000E807EA8E8400100080F2100080F38401A9
:1042A000FC802E07ECE9C80FEA703E07ECEB00201B
:1042B00080513E07ECEA1000805184013E27ECE873
:1042C0003E07ECE9DD9EFC005A0806048401D50493
:1042D0005A08070684003E07E9BFD51C5A080D0797
:1042E00084003E07E9BF8421D5075A080E0B8401DC
:1042F0003E07E9BF84203E17EA033E07E9F0D50AEE
:104300005A0810048401D5045A08110584003E0798
:10431000E9BCFC80FC002E07ECEAC8312E07ECE873
:104320005A0810053C0C01DFD50A5A0811053C0C4F
:1043300001D9D5055A0812073C0C01DB441320D0E3
:10434000EA4BEA46DD53C904441FFFA0D503441FCE
:10435000FFA1EA9DEB34A6485A180305441FFFB19C
:10436000D503441FFFB0EB8EDD40A6015A080405BB
:1043700084013E07EA0F84013E07ECEADD53EAB010
:104380005A08BB1B2E07ECEBE614E8062E07ECEBF5
:10439000E60AE912D50FDD465A0802FAEA708400EF
:1043A00010008051100080523E07ECEB3E07ECEA13
:1043B000D503DD46C0F4FC80FC408120DD402E2783
:1043C000ECD6A601E64180E13EF7ECD6EAE25A08D7
:1043D000034B8408441000B1DD47EA31AE3044A3FA
:1043E0008D4084CCDD56A608C8133C2DFAB05A285F
:1043F00001FCEA255A0809F93C6FFAD52E07ECD6DC
:10440000C0F33E27EA2EEA8A49002383D5EC8408CC
:10441000441000B2DD47DD42C80B2E07ECD6C813AE
:104420008401EA3ADD4BA60049002373D50CDD4434
:10443000DD43AE402E17E9B7EA255A0009F05A18B5
:1044400001FDD5EC8408441000B3DD47DD5B5A085C
:104450000206EABEC00349FFFECE8408441000B441
:10446000DD47D508EA31AE30DD56A608C803EA3389
:10447000D5FD8408441000B5DD472E07ECE83C2D3F
:10448000FB9B8E10E60310910053E80449FFFF44A4
:10449000D541CF04440FFFA0D503440FFFA1100165
:1044A0000051DD4BA6005A080305440FFFB1D503A8
:1044B000440FFFB010010052DD40A6015A08040568
:1044C00084013E07EA0F441000B68408DD47EA5332
:1044D000EA3BDD53EAB05A00BB04AE88D5FB840842
:1044E000441000B7DD47DD42C0068402EAA98041DE
:1044F0008060DD458400EA588408441000B8DD4738
:10450000EBDDDD538420EA9DEB8E8408441000B976
:10451000DD47FCC0EA7010008060DD9EDD530000C6
:104520000060DD9EEA70100080613C1DF9CE100035
:10453000803EDD9EFC0080C049FFFEC784015A68B2
:10454000030549005ACA800650137FF3E622E903A7
:104550005A68021B8401EAEADD40A7815A68030415
:104560008402D5125A680A098429AE418420DD5498
:10457000DD40AF81D5038420DD54DD465A0802F2C8
:10458000DD528443AE89FC804000040E9604DD9E1B
:10459000FC02DD42C021DD53441FFFAAEA9DDD532A
:1045A000001000515A18AA0AEAC2EA3D84074410D2
:1045B0000031DD47EB3DD5F4B0415000005184415E
:1045C000F083122F8002A8093A108C004402E7D829
:1045D00049FFFBF1D50CDD53EAB0C809EAC2EA3D58
:1045E000840744100031DD47EB3DD5F68407EAAD82
:1045F000DD47DD53EAB05A00DD048401D5028403AF
:10460000FC829200FC01840A8061EA2C5A100105A8
:104610005A100207D544DD538420EA9DD544EA7040
:10462000000080528E06E604E83644F04434EA6E18
:10463000EA2BDD0F040E26528400EBA010008052FE
:10464000D5328401EBA084008040DD52EA43EA8841
:104650003C07939149006527D50B8403EBA08401A7
:10466000EA75000080534412000049006462DD4B8B
:10467000A600441200004422C3D0EB2F3C4DFB9B0C
:10468000490064CED51044020102490060C484018F
:10469000EA2CD5098401EA2CAED0D5058401EA2C98
:1046A0008402AE10EB485A080A0A49FFFF73DD5630
:1046B000EA2C8401AE08DD5AAE08EB48FC815A00B2
:1046C00001075A080309B401EA61D503B401EAB548
:1046D000B601DD9E8402AE10DD9EFC00DD53EAB023
:1046E0005A08040CDD46C809DD42C00484013E07B7
:1046F000EE64DD538420EA9DFC809200FC409F0123
:10470000E68F4EF2008880C2800144F04518384799
:10471000910140F23C00DD0F24002E00380096008D
:10472000BC00C200FA00D400E00000011E00EE0050
:10473000FA00FA00F400FA014800007184003E0714
:10474000ECE98406D56B84003E07ECE98407D56666
:10475000EA59EA78F82580C05A000204EA52D5FBEB
:104760008401F82349001AE83C0E04DA49001AEDE6
:104770003C0E04DB49001AFA3E00137149001B008D
:104780003E00137049001AF73E0013728421440260
:10479000ED4849004E028006F808EAE2EB3649008F
:1047A0001AF3C003AFF0D5FC49001B01D512842ECB
:1047B000AE418426AE40EA708440102080508421AF
:1047C000DD548420840280418461808180A1DD5594
:1047D0008401D5248401AE10D515840044100066F0
:1047E000DD478401AE30DD46840ED5188401AE105D
:1047F0008401F8068402D5128401AE1084004900B9
:104800005976840DD50B8400EB9BD5E349FFFF67F8
:10481000D5E08402AE18D5DDFA00FCC09200DD536D
:104820003C1003AC101000A09228101000A13C17FF
:10483000F542101000A29028101000A32E17EA28AD
:10484000101000A4EBB0A688102000A5A68A1020A6
:1048500000A6A08B102000A79248102000A80020DE
:10486000801E102000A944238D41A690102000AA8C
:104870008440102000AB3C23F69E102000AC9248F0
:10488000102000AD3C33F5273C23F53C8843102035
:1048900000AE9048102000AF00208020102000B013
:1048A00000208021102000B100208022102000B2C2
:1048B00000108023101000B33C1DFAB9101000B591
:1048C000EB34A648101000B6EBBE101000B72E1740
:1048D000EFA0101000B8DD9E4413F04AEA3BDD5310
:1048E000EAB05A00BB04AE88D5FBDD9EFC0080C058
:1048F000DD53EAB05A08BB2349005251DD53001082
:104900000050C1035A18FB102E17ECD1C9042E1702
:10491000ECD0C1108400EBC3EB638400EB9B8401FB
:10492000EAEAD51ACE08EB3B5A08A00B44030FA0C5
:10493000D50DC60B441FFFA0D50EC6F6D50D5A08DF
:10494000A10544036510D502EAC4EAB7EA4B441F47
:10495000FFA0DD53EA9DFC80FC00E60A4EF20079E0
:1049600044F0476CEA6EEA2B4A003C000A4468E2D5
:10497000E2E2E2E27CBCC903FA13D50F5A18010B3C
:10498000FA0E3C0BF3963C0BF394840C3C0BF39522
:10499000D55F5A180207FA093C0BF396FA0ED5F4C4
:1049A0005A180304FA04D5F9840F5A180452D5F59D
:1049B0008401C1045A18010684023E07ECC8D54898
:1049C00084005A1002FC5A1003045A1804423E177D
:1049D000ECC8D53EC1075A1001065A1002045A18F5
:1049E00003383C1BF390D534C903FA0ED5055A1889
:1049F00001084400003C3C0BF392FA13D5135A18FB
:104A00000207EA843C0BF392FA09D50C5A18030406
:104A1000EB8FD5055A18041D440000823C0BF3921D
:104A2000FA043C0BF391D514840AC1105A180104FE
:104A3000FA04D50C5A180204FA0ED5085A180304C1
:104A4000FA18D5045A180405EAAE3C0BF393FC801F
:104A50009200FC00FA093C0BF3963C0BF3918402A4
:104A60003C0BF390FA2E84003E07ECC83C1BF394F9
:104A70003C1BF393EA86844CEBAC3C1BF3923C2B3F
:104A8000F395B440441E7FFFFE56B620B420661056
:104A9000F0005810A000B620B440461FF1FFEAF81D
:104AA000FE564210D808B620B440461F8FFFEAF8E1
:104AB000FE564210E408B620B42066108E0058104E
:104AC0008400B620FC80FC4080C18420AE40B4024B
:104AD00080E2EA4281245A080105B406EA61B6067A
:104AE000B407EA42C804B406EAB5B606B407EA5603
:104AF0005A080105B406EAB6B606B407EA56C80471
:104B0000B406EAC8B606B407920596175A08010615
:104B1000B406EA40EAA5B606B407920596175A0805
:104B20000207B406EA4058000040B606B4079205F2
:104B300096175A080307B406EA4058000060B60604
:104B4000B407920596175A080406B406EA40EAE745
:104B5000B606EAA4EA56C807B40642006C09B606CF
:104B6000EBFFFCC0B40642006C08B606EB2E9207C1
:104B70005A080112EB2E963710048000B4278400E7
:104B800092299657F919B40754100E00B40666001E
:104B90000E00F842EAA496045A080113001480019A
:104BA0006610800110148001B427922C9657F904E6
:104BB000B40754107000B40666007000F82DEAA423
:104BC000EA425A080112EAA4EAB5EBBBB42784080A
:104BD00092359657F8F1B42746000E00FE46B446CB
:104BE000460FF1FFF81600048001EB7A5A0801180D
:104BF000EAA466000008EBBBB427840992389657F4
:104C0000F8DBB42746007000FE46B446460F8FFF1F
:104C100050000FFFFE16FE0FB60683FFEAA4EB4F0F
:104C20005A080113EAA4EAB3EBBBB4278402922F1B
:104C3000964FF8C2B42744018000B446FE46440EA5
:104C40007FFF4E00FFE9FCC0FC008E07E607E82A64
:104C500044F04A5CEA6EEA2B4A003C00080E461417
:104C6000202A3600B401EAB6D513B401EAC8D5103B
:104C7000B401EA40EAA5B601EBFFFC80B401EA40CA
:104C800058000040D505B401EA4058000060B60164
:104C9000FC80B401EA40EAE7B601440000BDDD4112
:104CA000FC808402AE10FC80FC20E60C4EF200CFAB
:104CB00080E280C144F04AC0EB20EA2B4A003C006D
:104CC0001800440072008A018A018A018A016C017D
:104CD000A400D40006013601B402EA4A4E0200B92B
:104CE000B422979766108E0040609924B6C2B42211
:104CF000840092299657F86044000070DD41B407A3
:104D00009209D516B402EA4A4E0200A3B42297973C
:104D10006610F00040609984B6C2B4228401922CDF
:104D20009657F84A44000071DD41B407920C96177B
:104D3000F818B402EA4A4E02008CB4C2440E7FFF57
:104D4000964FFF86406305E4B6C2B4228402922FD8
:104D5000964FF83244000072DD41B407920F960F6F
:104D600048000073B402EA4A4E020073B402466F70
:104D7000F1FF50630FFF9657FF86406306A4B6C24B
:104D8000B422840892359657F817EAC2DD41B40779
:104D90009215D5CEB402EA4AC05BB402466F8FFFCB
:104DA00050630FFF9657FF8640630704B6C2B422D4
:104DB00084099238965749FFFDD144000079DD41BE
:104DC000B4079218D5B5978CB4224210EC09406014
:104DD0009B64B6C2B402EA4AC805EBFF44100168FE
:104DE000D50344100E10EA74AC404400007ADD4153
:104DF000B407EA4AD529DD42C02BB42797B4421044
:104E0000F00940609B84B6C7B407EB61C805EBAD01
:104E10005A180108D504EAD0C80484013E07E749BE
:104E20004400007BDD41B407EB61D50E978CB422C2
:104E3000440000774210D00940609A84B6C2DD4138
:104E4000B4074200500BDD41D5038402AE18FCA02C
:104E500092009200FC62A6098121F2818143818443
:104E60005A08040584003E07EA0FDD42C007EAEE57
:104E70005A08AA052E07EB8CD504DD53000000501C
:104E80004E02020A5A08FB0448000206F001EAF743
:104E900049001D458400EBD5DD42C00CEAEE5A08FE
:104EA000AA0A2E67EB8C2EB7EB8D40731009979FE3
:104EB000D509DD530060005000B000514073100967
:104EC000979F8401EA4F84003C0FFAF4001480019C
:104ED0005A1804182E17ECDCC1043E07ECDCD54A46
:104EE0002E07E9C75A080103EB5184208009DD54DD
:104EF0008401EA28DD44DD43AE40EA9FC0FFD53A95
:104F0000DD44DD43AE40DD42C804DD42C820D52784
:104F1000DD465A000204DD56D5162E07ECD5C00B2F
:104F20003C1DFAFF2E07ECD58E01E201E904EA5C94
:104F3000E602E8F24400008ADD418401EAD7DD5848
:104F4000480001BCA608C8E2EA33D5FDEAEE5A08DB
:104F50005507EAA9840280418466DD45DD59A60033
:104F60005A0002093C0DFAC5A6405A1802048420D2
:104F7000AE402E07EA368C013E07EA3640031C8419
:104F80008EE1E6EC3E07EA354EF2015B44F04D9CC3
:104F900038779D0140F3BC004A003C0018005200E5
:104FA000BC01D4013A0248026402A202A202A20297
:104FB000740290024402C390EBD649001CE8F00151
:104FC000EAF749001CAC8006802B8049EB9E8400E8
:104FD000EA4F5A600F04480000FEDD5384CC000005
:104FE00000505A00FB044800013F480000F48EC105
:104FF0008401E6C6EBD54EF200AA44F04E083867AD
:10500000990140F33C00DD0F0C0034005E002001EC
:10501000260164008400EA4F8401EACBFA3184045B
:10502000DD47EABEC8078404FA3ADD4784C4F814B1
:10503000D5578404FA3BDD47FAC4D5528400EA4FC1
:105040008401EACBFA318404DD47EABEC80884044F
:10505000FA3ADD4784C549FFF926D5428404FA3B74
:10506000DD47FAC5D53DEACB84C2F88CDD42EA7053
:10507000C03D8401EACB0000805284C0106F800FD5
:105080005A08AA2749004E8B8401EB9BDD53001080
:10509000005300200054440FFFA0FE0F5A28010FB8
:1050A000EB634400988C3E67ECD1F80DDD53441F50
:1050B000FFBB3E67ECCCEA9DD508EBC344006238E9
:1050C0003E67ECD049004EE0DD538420EB8EEB3B95
:1050D000C806EAAA84C1C004FAD0D502FAC9EA9186
:1050E0004E0300C2841FEA2EF84D2E27ECD0C202D8
:1050F000EA4F000080525A08AA150020805484000C
:105100005A28010B00308053442FFFA0FE9FEA4F26
:105110003E27ECD0D502EB63EBC384001000805235
:10512000EAAA4E0300A0D556EAA3EA6BD553840041
:10513000EA70EA4F8401EACB0000805500108054E9
:10514000EBF33C0BF52DFAC2F81D8404FA3FDD4762
:105150008400EBD5480000728402EB49802684016C
:10516000502F800F49FFFA5080C08405EB49F80AA0
:1051700084002E17E9B7EA4F8401EBD55A180105D0
:1051800084C9480000713E07E9B7EB495A68010D30
:10519000840044100041DD47DD5B3C0FFADB3E67D5
:1051A000EA0BEBE2D5038402EA4F000F800F5A08A6
:1051B00002E9DD5384C0106000513E67EA203E677B
:1051C000E9B7DD465A0002053E67EA3ED50384058D
:1051D000EB4984C1D5488006802A502F800F49FFB3
:1051E000FA70D51D840044100060DD4780068029D8
:1051F0004422C400503F800F49FFFA829780D53384
:105200008006802B804A503F800F49FFFD4FD50715
:105210008006802A502F800F49FFFD18000F800F55
:105220005A0002D9B40AB60C84CBD51D5A680106BF
:1052300049FFF756FAC3D5178402EA4FD5CB84024B
:1052400084C1EA4F3E67EA00DD42C0073E67EA00DC
:10525000840F441000FBD504840F441000EBDD479D
:10526000D5B9FAD0000F800F84205A0001055A08E2
:105270000206843BDD53101000502E07EA20C809B7
:105280004402C390EBD649001B82F001EAF7F80E06
:105290008006D513EB3BC803EAAAC0068400EBC323
:1052A000EB638400EB9BF001EAF749001B5EEA31F7
:1052B000EB068400EACB8401FCE29200FC2080E251
:1052C00080C35A000704480000CEE62C4EF20103CA
:1052D00044F050E03817850140F0BC004A003C0023
:1052E000180044007200F201F201F201F2016601BD
:1052F0009E00CA00F6003001A621EA564E0200EEDA
:10530000A660440FFF80FE0FAE20B44397D76621FE
:105310000E0040711D24440000B0B6E3DD41B40628
:105320009209D514A621EA564E0200D8A62197D795
:10533000EA6AAE21B443440000B1662170004071B6
:105340001D84B6E3DD41B406920C9617DD4148009A
:1053500000C5A621EA564E0200C1A62197CFEAE079
:10536000AE21B443440E7FFFFE8640711DE444002D
:1053700000B2B6E3DD41B406920F960FD5E8A62140
:10538000EA564E0200ABA621461FF1FFEA61AE21AC
:10539000B403EAF8FE0E97D740001EA4B6034400FB
:1053A00000B8DD41B4069215D5D1A621EA564E02C9
:1053B0000095A621461F8FFFEBA4AE21B403EAF8A7
:1053C000FE0E97D740001F04B603440000B9DD412C
:1053D000B4069218D5BBA62197D4EAC840001C8415
:1053E000AE21B44342216C0940711F64B6E3B4039B
:1053F000EA4AC805EBFF44100168D50344100E10BB
:10540000EA74AC40440000BADD41B406EA4AD59FD4
:10541000DD42C063B44697FC4221700940711F848D
:10542000B6E6B406EB61C805EBAD5A180108D50421
:10543000EAD0C80484013E07E7494400007BDD410F
:10544000B406EB61F83897D4B443440000B7422166
:10545000500940711E84B6E3DD41B4064200500B92
:10546000F82A5A080B2B8E27E627E83444F05278A6
:10547000EBC8EABA4A003C00080E5A141C26300059
:10548000B403EAB6D525B403EAC8D522B403EA408A
:10549000EAA5D51EB403EA4058000040D519B4036C
:1054A000EA4058000060D514B403EA40EAE7B603C6
:1054B000440000BD48FFFF4C5A0805105A10010770
:1054C0005A180309B403EA61D503B403EAB5B60672
:1054D000D504843BEA83AE40FCA0FC62F081F282FA
:1054E000F383EA83A7C0A7804402FE51A60092E49A
:1054F000979FEA7A5A7001044800006F9E31E603D4
:10550000E90E5A600503F80EDD53000000605A00F2
:10551000A1072E07ED6F5A080103F804EAEE5A08B6
:10552000AA04480000764E420074DD42C00ADD4005
:10553000A601EB235A08040644000088DD41FCE282
:105540004402C390EBD649001A224402C3B4EAF7DE
:10555000490019E55A600505840049004AACEA850E
:10556000EA39EA36A6085A080104AED0D5FCDD4275
:10557000C023F81944000082DD412E1FECDBEA2332
:105580004423F41C4E170006A6D05A3802FDD5035A
:105590004E06FFFCEAA9804184668402DD45440092
:1055A0000083DD41DD44DD43AE4083FFEA24A608ED
:1055B0005A08E1FFD50C44000084DD41EA24440F81
:1055C000FFE1AE08804184028461DD4580068029C8
:1055D000F201EB9EFCE281615A700B065403800DD0
:1055E0005A080517DD42C014EAEE5A00AA1244A276
:1055F000FE508400EAA7802680078049F302F40366
:1056000049FFFE5EEA8A5A00FB048401EADEFCE2FE
:105610003C0FFB9DDD9E381105118820E023E90A2F
:10562000EBB15A08010B3C03F7F0C0085EF080783C
:10563000E80444008000DD9E8400DD9EFC203C2CBC
:1056400000C640210020A651C1069F8997B05A107C
:105650001F07D50280C18C219648D502FACEA690AC
:10566000C2069ED196D85A203107D50280628C415D
:105670009690D503443000303C4C00C53D2C01DEF3
:1056800038720111EA3143038024453000648400FC
:10569000E243E91C411194088086E224E914405257
:1056A000440040591420A568976BD70A4E55001442
:1056B0009B7D4252CC24E185E8038C0196008C81CD
:1056C0009720D5EC8C6196D8D5E4C0092E07ED2C37
:1056D0005A08010544008000FCA08400FCA03C1D89
:1056E000FB9D2E07E9F7A68EC80CEA385A08010A76
:1056F0009411AE0AA6098E01F8079401F80BD51192
:10570000A609AE8A8E01FE148442400008168E015E
:1057100083FF96033C0BF54DFE033C0BF54C83FFDA
:10572000A6093E07EA388C013E07EA39DD9EFC6790
:105730002E672623F08D81C18102EBF7CB058020F7
:1057400080408401D5048026844180C097C1F8330D
:1057500040B080134091001344D2F10844C2F1D00C
:105760003C0DFB9D97B144A2F16CB71FEBCE14DF4B
:10577000800214CF8003F82DF839842BF83D846023
:105780008008820D808C80439659E22BE8143815EE
:105790000D114E17000D22500000405284B6976B39
:1057A000AD40A440964B5EF0FFECE802AC808C610B
:1057B0008C02D5EB3C07F54DF0893C07F54CF08A9F
:1057C00083FF3C0DFB9DF483B71FEBCE150F8002CA
:1057D00014EF800414BF8005F786F687149F8008B5
:1057E000A602F08B840083FF842D442255B8F30D6C
:1057F000808880A083FF49004393FCE7FC0180C0C0
:10580000F18149FFFF6EA036A075F201846049FF67
:10581000FF90FC813C0FFB13DD9E3C0FFB11DD9ED6
:105820003C0FFB12DD9EFC41846380C080E2501F70
:105830008006FA50B400EB70EA66B607F80FA47061
:1058400044920000F81010138010B406501F800618
:10585000FA508464EB70EA66A83949004509A470DF
:105860003C3DFB118A010014800292014000043784
:1058700083FF10138011B406A072A0B60031800C13
:105880008481490019A7FCC1FC6580E1842080C4A3
:10589000121F800D5A48040504900006D503049099
:1058A000000502310439A613854050BF801CA75261
:1058B0008083B61F802980098445EBCE14AF800217
:1058C00014AF800314BF800449004302020F800E0E
:1058D000AC3802058001AC39501F801A8009804A1B
:1058E0008463EB70020F800D5A6804053C0BF54889
:1058F000D5055A6805043C0BF542AC3B501F801A95
:10590000800984408464EB70020F800D5A6804059E
:105910003C0BF52ED5055A6805043C0BF528AC3A2E
:105920005A60040E84003E07E9F2221380033C0310
:105930009748E020E80484013E07E9F2FCE5FC0119
:1059400080C1F3818460B61F3E37E9F249FFFF6DE5
:10595000B41F8026F2018460848449FFFF972E07DC
:10596000E9BC5A08010722130003440395B4AC4074
:10597000FC81C9104020380954003FFFC00696C47E
:10598000882396489201D5FB964FFE555C00800116
:10599000DD9E8401DD9E5450000C848090A2E2853F
:1059A00010F0800054100030540000C09024900685
:1059B000E2814002000610F10000AE18DD9EFC01FD
:1059C00080C1B42380A0C942847F3E37EE803E1759
:1059D000EE7FC41AC215402020095401000C900229
:1059E000E22054010003EB462E27EE7E40003C24CB
:1059F0004C2000433E17EE7D3E07EE7ED554122329
:105A0000002548000094EBC62E07EE7E4C00C01324
:105A1000EBB3E602E8038C01EB42EBB3E602E903E9
:105A200010130040EA7BEB4EE8098400EB42EBCD1B
:105A3000D5053E47EE7D3E17EE7E5452BFFF92A243
:105A40001253002512530026F8475A100403F84455
:105A50004E420083920896015410000C9022C23EE0
:105A60008440960F40110406E240400784242E171C
:105A7000EE7E4C1040152E17EE7DE624E8048C21B6
:105A80003E17EE7D2E17EE7DE624E902EBCDEA7B94
:105A9000EB4EE8098400EB42EBCDD5053E27EE7DC9
:105AA0003E07EE7E02030025120300268400120347
:105AB0000025501F80058005EBEBEB2FF83B000F16
:105AC0008006001F8007940140000440001F8005ED
:105AD00088013E07EE7C48000083960F40110406C3
:105AE000E240400784242E17EE804C1040182E17F9
:105AF000EE7FE622E8048C213E17EE7F2E17EE7F24
:105B0000E622E802841FEAD2EA7BEB4EE80B84002F
:105B10003E07EE7F841FEAD2D5053E27EE7F3E0783
:105B2000EE808400120300258005501F8005EBEBFA
:105B3000EB2F49FFFF32EB48001F80069405400021
:105B40000480001F8005400004602E17EE7CFE0FCD
:105B500010030059D544EBC62E07EE7E4C00C0134F
:105B6000EBB3E602E8038C01EB42EBB3E602E90398
:105B700010130040EA7BEB4EE8098400EB42EBCDCA
:105B8000D5053E47EE7D3E17EE7E540280FC920224
:105B900010030059CA2492A82E07EE80974F4C029A
:105BA000C01B2E07EE7FE602E8048C013E07EE7F65
:105BB0002E07EE7FE602E90410530041D503841F4F
:105BC000EAD2EA7BEB4EE80B84003E07EE7F841FAF
:105BD000EAD2D5053E27EE7F3E57EE80FC81FC6180
:105BE0002E3013455A30010544A00320D50344A0AC
:105BF000012CA7005A40010A5A48020E443397DE8E
:105C0000A5D8847FAEC0D509443397DCA5D8847F5E
:105C1000AEC0D503848080E450B27FFF540580FF7E
:105C2000E602E86FEAA6C0035A08050684003E07AC
:105C3000EE83D5675A480205EBB7E60AE962B4027B
:105C4000EAB5C85F5403800396C19F1B5C42000104
:105C50003E47EE823E40130ACC102E57EE83CD1005
:105C60002E57EE81DB0A3C3DFACA5CF181F4E9056E
:105C700084613E37EE83D50484603E37EE83EA7A52
:105C800080C180078024F48181823E97EE8149FFA4
:105C9000FE72F401CC112E17EE83C1053C1DFACA29
:105CA000E341E90A840184203E07EE8212130025B5
:105CB00010030045D50CC00B84001203001F802682
:105CC00080075C258001806C49FFFE7BEAA65A00B4
:105CD000041900030045100300462E07EE828420BD
:105CE000100300453E101346C80C02030025C806E9
:105CF0008401120300251203002684013E07EE836F
:105D0000FCE1DD9EDD9E4422AB4AB6404432AC76D7
:105D10004422ABAEA881A8C94422AC128460B6412B
:105D2000ACC4ACC5ACCCACCD8420B4A08061992906
:105D3000ACE0990A8C22ACE05A1840FBA101840027
:105D400080204432AC7698A0AC5098838C02AC5042
:105D50005A0864FBDD9EFC40EE70A58081203C0D5E
:105D6000FAB997B35A0001053C77EDB1D5034470F9
:105D700003E88420801FDD5CEA44EA86B4204210F8
:105D8000880BC1053C73EDB195F997FB8460860FD4
:105D9000445001EA96595CF08064E8039221D505ED
:105DA0005011FF9C9021964940448C205220803114
:105DB000A42042214024A4609691964BFE544010AA
:105DC00094368820381F8D098C615A38C8E58400C4
:105DD00080404442D95896C1965CC1069E419021AC
:105DE0008C219649D5034011840996CFE662E904D7
:105DF000501080639649381F8511381201094502F9
:105E0000D9584E17000388418C015A08C8E6C204CD
:105E100040210057969184804412D958822445220B
:105E2000E5BC440FFC182A50800196E14E57000A49
:105E3000E045E8058AA21250FFFFD5031310FFFFCB
:105E400038F911115EF78097E92550F1FFF85CF7FA
:105E500080B81200FFFFE8081200FFF71200FFFBF6
:105E6000AC0BAC0FD5089F5C5CF280C0E80412005C
:105E7000FFFBAC0B96CF9F59E6A2E8051200FFFE90
:105E8000AC08D508CB03AC08D5055A38030412007A
:105E9000FFFE8C815A48C8C98400381801118C0152
:105EA000426304005A08C8FBDD465A000220400342
:105EB000840AE006E8123C03F536426300002E0730
:105EC000EA173C6BF536C00E97B1E0E6E8068400B1
:105ED0003E07EA178401D50C84003E07EA178400C8
:105EE000D50784213E17EA17D50340039807ED90A4
:105EF000FCC0C80E3E07E9F3A40EC0055A001F04FB
:105F00008401DD9E84013E07E9F38400DD9E840068
:105F10003E07E9B6A40FC0035A0831F484013E07D6
:105F2000E9B68400DD9EFC442E40134080208002B0
:105F30002E27DB8AE282E8043C57EDBED5033C57AE
:105F4000EDC0E282125F8000E8052E47DB849723D4
:105F5000D5042E47DB8597238440124F8001122FF2
:105F60008002C8065090800CB4E1FB90D50650909A
:105F7000800EA1C945000032225480004E930007D4
:105F80009CA940238820A490F80C4647FFFF50426C
:105F90000FFF50287FFF8885DA0840439020A4A097
:105FA0009693122F8002D5179521411390008C846F
:105FB000888702688000A4A097B39693E046E8071C
:105FC000024880009723124F8002D505A520972311
:105FD000124F8002952998BCA590022F80028AC298
:105FE00097B3126F80035A30010448000066EA66D6
:105FF000EAE49603964BE02050287FFFE81CE0A2DD
:10600000E8078C828887A420F805F808AC20F832CD
:106010008EE29643EBD7960383FFFE0CEA89EA4EA5
:1060200040307C0AF082F383F002F103960383FF91
:10603000AC38D53EEBD7E0A296C3EA669643020F92
:10604000800097835001FF9CFE0C40001816500002
:10605000006441107C0AF084151F8005E80B8C82D7
:1060600099BCA430F810F086F187F006F10796038A
:10607000AC30220480004E07001C407380200203D5
:10608000FFFF83FFF404F5059603422280244010AD
:106090007C0AEBF84200106984608822EB7FEA2DCD
:1060A000F086F187F0068EE29603F107AC388401A2
:1060B0003E07E9F3FCC449FFFF1EC01A2E1013402F
:1060C0003C07EDCA5CF08024E904500000329603DE
:1060D000022F800322148000969344300064FE9CBB
:1060E00040738420A478EB919A089603AC38FCC4E2
:1060F000FC00E6084EF2007544F05F04EA6EEA2BFD
:106100004A003C0008223446728C9EB0C2058401CD
:106110003E07E759D502EA98965F964BEB52964FA9
:106120003E17EA2DD55DCA02EA983C03F543944C2C
:106130009648FE47EB52D554CA02EA983C03F54311
:10614000965F40100504EB52D54BCA02EA983C0317
:10615000F543401005848401EB662E07E759EB52A6
:10616000C806EA763C0BF543841FEB663C17F54303
:10617000EB22AC40D535C20584013E07E759D50274
:10618000EA98965F964BEBD1964F3E17EA2DD528AD
:10619000CA02EA983C03F531944C9648FE47EBD18D
:1061A000D51FCA02EA983C03F531965F40100504FA
:1061B000EBD1D516CA02EA983C03F53140100584AC
:1061C0008402EB662E07E759EBD1C806EA763C0B52
:1061D000F531841FEB663C17F531EB21AC40FC80B8
:1061E000FC00C831A40C5410001F5C2080109205E4
:1061F0009600CA038E3096485210800F964852007F
:106200000005E6289600E903EBC48E288466420068
:106210008C7396015A2001048444D50284409CD496
:106220004442E1D0E043E809F82CD804964984417F
:10623000D5068C419690D5F7844080222E00081018
:10624000F831FC80A40DEBC6E62292029600E90329
:106250008E229648521080015200003196489600D6
:10626000C106EBC48E2144200032EB2A96018444FF
:106270005AF8010384409CD44442E1ACE043E80D69
:1062800038120A024050C00983FFD804964984415D
:10629000D5078C419690D5F38440441000FF2E0022
:1062A00007EC49FFFF27FC80FC208480C83AA4D675
:1062B00010308009847FA90CA90D8381BC8ABC8B16
:1062C000AECCAE0D80C045119418B482F83B4E3769
:1062D000001CF83F05008004A0CDF845A8CDA6CC51
:1062E0008CC1A90C97B35A38FF03AE0CA6CDE003BE
:1062F000E902AE0DB4628381BC0B88E3A4F8BF0A47
:10630000F849BB8ABC8B8C015A0820E184004E6797
:106310000007A416B44240010020A400AC08FCA071
:10632000A41710008008841FAE0E8400AE0F8400F6
:10633000A90EA90F8381BC8CBC8D80C045119350E0
:10634000A11195C18887A4E096DB83FF4E37002D0D
:10635000A5203838810197234241906883FF0500CA
:106360008006A0CF8890E2908865886F83FFA8CFD1
:10637000A6CE8CC1A90E97B35A38FF03AE0EA6CF96
:10638000E003E902AE0FA0D18381BC0D88E3A4F83D
:10639000BF0C96DB4051FC0A8867E2678885888FCE
:1063A00083FFBB8CBC8D8C015A0832CC84004E67B5
:1063B0000007A417A09140010020A4005CF0019107
:1063C000AC09E90584013E00133FFCA084003E00B7
:1063D000133FFCA02E26BABE4E22008DFC2095C98C
:1063E0009987A4302E27262296032E572644AC30B8
:1063F000EB7DC3484E02007E4E43007C4010885720
:1064000080049691964944319498E201E808385105
:1064100080008C01888597219601D5F884008060E2
:1064200044519498E223E90838728C008C61880703
:10643000960196D9D5F82E1002468E01E281404091
:10644000BC1B2E10024796018460420080013D0C67
:10645000019D80E3E204E90D40581020A468964BAA
:10646000E061E804A4E880E496DB8C819721D5F311
:10647000A43040711CA044118A00960338209C006F
:10648000D52CC037CC36401094572E30024494930C
:106490009691E2439C174021BC1B2E300245960189
:1064A0009649420180013D0C019C80A4E202E90D65
:1064B00040780820A4F896DBE083E804A53880A2A1
:1064C00097238C419691D5F3A4B0401284A09613E3
:1064D000442183C038210400422008685001003262
:1064E000E2028023882F8460EB7FEA2D9603AC3094
:1064F000FCA0DD9EFC658180220F8030F083EBF7ED
:10650000F0822E072644F0842E072623F181816233
:10651000F38681C4049F8016227F802E006F8064E2
:10652000F08540A104084E420086F002401100169A
:1065300054D000FF55C000FFF00250807FFDC60F11
:10654000440191D05CF68002382009018481E9037E
:1065500040447007800C802B806EF8DEF88240206B
:10656000F020A450F8E5F8EEAC50B4294210707356
:106570005CF68002B62940A470078401E902800A13
:1065800096005CF68002F0848401E902800A96009D
:10659000F0858541448191D0F006E20AE94A405EE7
:1065A00028014E5500144165A801C607F817F404E8
:1065B000F81DF508056F8007F820F8B9E020E80617
:1065C000F8244026A801F8BEF829F002405E280011
:1065D000E0A0E82B4165A800C610401B001338243A
:1065E0005901800C806E83FFF405F588156F8007D4
:1065F000F893F508056F800741665820020B0000EC
:1066000083FFF895E020E811F10141509420021A2F
:10661000800083FF40253400F895121A8000B429C9
:1066200042100873B62983FF50050001EB39D5B538
:10663000FCE5F004EB919640548000FFF005F182F8
:1066400051C07FFDC60E44019040E622382009016A
:10665000E804404E2007D501800C802B8460F85C54
:10666000894C02050000F10183FF4020A020A450C6
:10667000F85FF868AC50B42942102073F002B629D4
:10668000E60240AE20078400E802800A9600F08708
:10669000F00285A144E190405DC00002F006E20DE9
:1066A000E960405434014E550022F00443568024E2
:1066B000C6104025D4019651800C3827090184600A
:1066C000F407F589155F8008F827F509055F80084C
:1066D0004005D401F828E020E809F82F121B00003B
:1066E000F1024020B4014E00FF9CF00540543400FC
:1066F000E0A0E832F00443068024C6134005C00041
:10670000808A9641382701018460800C404E701ABF
:10671000F589150F800849FFFE5FF509050F800810
:106720004005C00041560020020A8000F103960394
:106730008A0783FFE020E810F10141609420021BEA
:1067400000008820964B83FF121B0000F1024026B8
:1067500084004E00FF665006800154D000FFD59F94
:10676000FCE5FC688120EA378181828381C58560F0
:106770005A0001042EB7DB6C3C13EDB4F186842083
:10678000F18EF18FC4125A0801053C17EDB9D503FB
:106790003C17EDB8121F801A5A0801053C07EDBAE4
:1067A000D5143C07EDB7D5112E07E9F35A000109BE
:1067B0002E07E9B65A0001053C07EDBCD50280045E
:1067C000120F801A3C07EDBB120F801B84C04EC312
:1067D000001EA994A995A4142E67262212C10004B4
:1067E0002E17264550A100085131000C04D100009D
:1067F000F1852FC7DB868C508246FAB0455000C029
:10680000508F8038443191D0D51B8420A996A99708
:10681000A415AC552E67264450A1000A5131000E34
:1068200004D100012FC7DB878C58F6854450003215
:10683000455000C88641508F803C443190408420B0
:106840001215000086C03C1C04B282F63B615C203D
:106850005A1002045A180403CC07842082E98201EA
:1068600080E1480001453C1DFAB95A1801F84EC3B1
:1068700000A05410001FE624E9069FC3E63C97F8E9
:10688000E808D503547000E09C44556080FFD507AC
:1068900040101409944D8C3F556080FF41038013D4
:1068A0001305000080F0411B0013E3A7E925EB1757
:1068B00041749C20EB98021B8000EA9B964BEB47AF
:1068C00040F78407E80312750000021B800005E111
:1068D000000141708011B422418BFC0A4170DC0040
:1068E00040FB8406401F6000882F8CE1157100007A
:1068F000A85197F9D5DB5CF00020E806510800208C
:10690000511B0020D55250187FE09649511B7FE063
:10691000E1A1E925EB1741748420EB98027B80000C
:10692000EA9B97FBEB4740F79C07E8031215000032
:10693000027B800005E1000141738011B4E2418BCC
:10694000FC0A4173DC0040FB9C06407F600088EF3E
:106950008C2115710000A9D19649D5DBEBE3E9CF75
:106960008400802D8040480000E40215000040743F
:10697000C02040148420A438A4489603964BE020FD
:10698000E80313050000A43804F100009603A051A9
:1069900040707C0A880FE20F8827882FB6025008C3
:1069A0000001A85141000013E1B0E8E0D5DAE6109B
:1069B000EBC640700809E9095153FFFD5CF000B8CF
:1069C000555A80FFE806D50286A09C3C9600D50368
:1069D00044000031407A801341009C4013050000C0
:1069E00096018207E210E9224150C040551A80FF0B
:1069F000F82641678011F82940F7D807E8031315F6
:106A00000000F82D0581000041578011051100019B
:106A1000416AFC0A415C540040FAE00689B689AF3D
:106A20008D8115510000F830D5DEC13882075180C4
:106A3000FFFFD52F416C4040551B00FF40F4C420A0
:106A4000EA9B83FF41778011EB17EB98EA9BEB47BA
:106A500083FF40F7DC07E8031315000040F4C02073
:106A6000EA9B83FF05910000416780110511000139
:106A7000417B7C0A416CD80040FB640689B789AF32
:106A80008D8115610000151100014108001383FF7D
:106A9000E210E8D15A180303F84951008001D524C7
:106AA00040181C40964840F48420EA9B41578011CE
:106AB000EB17F82041178011E1B5E803121500002B
:106AC00040149C20A44805710000964B051100015C
:106AD0004150FC0A8837E23789B589AF8CE1B6228C
:106AE0001511000197F9E207E8DCF820EB17020B1B
:106AF0008000EB98EA9B83FF960341178011E1A089
:106B0000E803127500000A0B80018CE1960340F047
:106B10007C0A880141800406898F97F98020899832
:106B20004C7AFFE6B6021501000148FFFF1B8C01FD
:106B300096011A2080014C02FFFC2E06BABE027597
:106B400000005A08011F40049C20A40038119D0138
:106B5000960342008068EB7F8460F48B154F800AB7
:106B6000F589152F8008153F8007EA2D9603053F0C
:106B70008007052F8008F509054F800AF40BD5051D
:106B800040049C20A4009603F106E001E80584007F
:106B9000120A0000FCE8C41E4EC3000B3C03F5269D
:106BA0004C03BFF744021680F809E8F2D5153C0300
:106BB000F5294C03800C4402181040001C20A4004E
:106BC00096035EF0025983FFE9118400120A000166
:106BD000FCE84EC3000C40739816120980000205B1
:106BE0000000406018D697B0D50A407398F6127925
:106BF000800002050000400018D697B0C4160209B4
:106C00008000C0099E694C0080075A0001058EA2D1
:106C10004C02C0072E07DB65100F8033D50A2E0704
:106C2000DB64100F8033D5052E07DB66100F803331
:106C3000EA375A080108000F80338C019600100FC4
:106C40008033003F8033021F801A020F801B527670
:106C50000001964B960397F8022500008087F1818A
:106C6000F082F84680BC152F8006F84B02350000F4
:106C7000052F8006CE0440290C00D507F0058E01B3
:106C80004C60400E4021C801969140048820A40029
:106C90009603E160F821F82CF832FCE84051C80175
:106CA0004021C8004044942040348820A420A458A7
:106CB0009603964BE02040058013E809A460A49851
:106CC0008A22F80896A9F814F81AFCE8A458A4E057
:106CD0008A239649E201E817003F8033021F801A99
:106CE000020F801B964B9603F181F08283FFB71F42
:106CF00014EF80038009802D83FF9691808780BCEC
:106D000049FFFBFAFCE8FC4081408400EAA78400CC
:106D1000AC088121AC108024A01D80E280C44420F6
:106D20000032806A8481EAD384A0EA8AE2A0E8166D
:106D3000A0319469EBA5D810A03202248000EBA505
:106D4000E240E80312048000A03338000401A47874
:106D5000E220E802AC388CA1D5E984003E07ED2D95
:106D6000EA8A5A08011102148000E628E80CA47887
:106D70005CF080B4E808EB2BB4215EF08209E903F3
:106D80003E07ED2D84003E07ED2CEA8A5A080111DA
:106D900002148000E624E80CA4785CF08033E90853
:106DA000EB2BB4215EF08226E8033E07ED2CFCC0FD
:106DB0003C23F6989641500080645CF100C896012F
:106DC000E8242E27ED275A2801065010805A9609EC
:106DD000DD9E5A2002062E37ED325A380206501038
:106DE00080509609DD9E5A2003045A38030650103D
:106DF00080469609DD9E8E44E649E9048E64E66984
:106E0000E804501080329609DD9EFC002E17ECC974
:106E10005A1801122E17EE788C219648E62BE804BA
:106E20003E17EE78D50E842A3E17EE7884203E1762
:106E3000ECC9D507EBEDC9053E17EE783E17ECC956
:106E40003C139375AC40AC442E1726BC5A18011461
:106E5000EB34A6485A180310EBEDE625E8082E1788
:106E60002742AC402E172742AC44D5054410007889
:106E7000AC40AC442E1726D35A1801563C1DFAB923
:106E8000C9522E2726BC5A28014F80C0DD4BA600D0
:106E90005A080306840AF804AC30D545800149FF3E
:106EA000FF89AC302E07ECCBC003EA84AC302E0750
:106EB000ED325A0801343C0C00C5A4005CF00051CE
:106EC000E92D2E07EE78E60AE829EAD19644C906AC
:106ED000EB1FB4214210EC0BC9103C1C00C6A68964
:106EE000C2035A281F0BA6488E2BE63DE8068421D4
:106EF0003E17ECC9EBACAC70960EC0103C0C00C653
:106F0000A640C1035A18310BA6018E07E613E80606
:106F100084013E07ECC9EA84AC302E07ED2CC00397
:106F2000EBA1AC30FC80E602E8093C03F3BAE020B8
:106F3000E807E686E80B8401DD9E5A080206E6862D
:106F4000E8058402DD9EE607E8028407DD9EFC205A
:106F50003C43F39080A0C4105A4001095A400209F2
:106F60005A48030A444000FAD507EB7ED505444051
:106F700000AAD502848097915CF30024E807E6B06C
:106F80008401E90584025A581003840097D95CF300
:106F90008024E808E639E803EA61D5045A101903A9
:106FA000EBA45CF30064E81E3C6DF9DC5A6801094F
:106FB000E63AE918F809E9145A501017D50D5A683D
:106FC0000412E639E80F5EF180C8E80E4E35002A5B
:106FD000E6B083FFE803EAA5D5075A501006EAB6E3
:106FE000D5034E35001FE064E81C3C3DF9DC5A38FF
:106FF0000209E6B1E916F809E9135A101913D50C7C
:107000005A380310E6B0E80DE044E80B4E25000ABC
:10701000E63983FFE803EAB6FCA05A101903EAA593
:10702000FCA0FC61230F801C22BF801E810481A074
:10703000FA13004F80483C0BF75D3C0BF75C80E196
:10704000800380C280288050806B81C5F481B79F07
:1070500022CF8020F90300AF80444452C8C8B59FB6
:10706000F401CF033802B60AEAD13C9DF9DC96045C
:10707000C0163802B60254100030C12C3C13F3BACB
:10708000E02EE805E6C3E826E686E9035A6802230F
:107090003C1DFBB684C8C91E84C2D51C3822B6026A
:1070A00054010030C01E3C03F3BAE00EE805E6C30D
:1070B000E818E686E9035A680215EBE0541000026E
:1070C000C10454110010C96C9616C06C96AEC26A09
:1070D000D567960FC0065EF80023E93F5A70013E5F
:1070E0005A9001685A9004663872B6025403800CB4
:1070F000C0605EF580232E87EEBCE9054E82005A03
:10710000E746E9578006802E804B806C808AF833F2
:1071100080C04E82004FE746E94CEBE0541000027D
:10712000C10E5A98020554138008D5055A980308D1
:1071300054138004C104E6C7E80284C79616C03918
:107140005A98020497D6D5045A98033497DEC7316B
:10715000E6C7E82F84C7D52D4EA20008447000640E
:10716000FFE44073A8F6D50280EA8006802E8050A6
:10717000806CB6BF49FFFED980C0B4BF5A0802B2C6
:107180005A980405E705E815D5065A9801AB5CF452
:10719000002DE90F5CF3815FE90784C7D50584C83A
:1071A000D5A084C2D59EEBE0C0045CF380FBE8D39D
:1071B0008006FCE1FC6184C03C6FFBB63E67EED408
:1071C0002E7726293C9C00C63CAC00C53CEDF9DC82
:1071D0003CBC00C450C0000A4442C6D09630E2070E
:1071E000E86350067FF6B400C05B5A00055A3802C7
:1071F0001A025A0001565006001204D0000022263E
:107200007FFF4014B420A60900808000E6063815F0
:107210003501E905E61AE905522106409691D502A5
:10722000EB1CE70622360000E9065CF4002CE905B9
:10723000523189F696D9D5034430FFFF9F43E6BA11
:10724000E82F50547FFD5CF2802CE82A5CF08033FC
:10725000E91F8028969396DBF48149FFFE7AF401BA
:10726000C8173C2DFBB6580100013C0FFBB65AE88D
:107270000205E71AE909D5055AE8030BE719E804FE
:1072800058210003D503582100053C2FFBB63805D3
:10729000B5012E17EED4E220E8033E07EED48CC1F0
:1072A00050C6004CD59C2E07EED4E615840AE8059E
:1072B0002E07EEBCC0048E013E07EEBCFCE1EA8660
:1072C000B400920596173C0FF9DC5A0001058420A2
:1072D0005A08040384218E02E6023E17ECCAE80530
:1072E000EAD1EAE03E07ECCADD9EFC204422C8C891
:1072F000385106025412800F9E8DE642E90A8E290B
:10730000E622E90754528030842040509406D5028A
:1073100084A13C1C00C7EA4D8460A642A7C33D0C73
:1073200001DE8083E2E1E923A68001100001412013
:107330009408E3A2E9194069080040681820A5B044
:1073400097B3C505C2075A281F0BD504C2065A2099
:107350001F05C1035A183104424310008C414233C7
:107360000C009690D5E78C219648D5DDEB8FFE2456
:107370008C6140000C169603FCA05CF18033442223
:10738000C874E90DEBFB4412EDC042100C73A0CFA2
:107390003C1C00C438108D01E62BE80438110000B5
:1073A000C1124412C8F038108202E623E8073C1DDF
:1073B000F9DC5A1001095A100407842A3811000810
:1073C000EBACD502FA2438210000C2068E414432CB
:1073D000C874382180088001DD9EFA24FECC3C1D53
:1073E000FBB6C10394D996D94412C8A038208101B4
:1073F000E243E8033830810938008101DD9EFC66F4
:107400002270800022B080013C1003ACF287501043
:10741000803C3C1BF3BAEAB84201847380C381A06C
:10742000B400C0505A000551040680073C1C00C639
:107430004010802000C08001008080003C1C00C5FE
:107440005CF60006385081113C1C00CA38308202BC
:107450003C1C00C740108040A68951110001A6883D
:1074600040288801549100FFA68BA64A8C419A516E
:107470009648F186E8039739D50A5CF6001AE905C3
:10748000524386409721D5034440FFFFE706E804B6
:1074900040258013D5095CF4002CE905522589F6B6
:1074A0009691D502EB1C96008026F28BF48AF58922
:1074B000F38849FFFF1CEB39F308F509F40AF20BD6
:1074C000D50E8140D5028540EB1C448000FF8082B0
:1074D00014AF8006812A818880AA806A4522C6D09E
:1074E00038191A02C9424402C918EAD6ADC012B00E
:1074F00000014402C940EBECB5CD4402C8C844A227
:10750000C8F038101A0A4402C8A038151A0AEBEC61
:107510005B280124EBE081D240E0801B4522C88C2F
:1075200038E918084402C8808648392018084402FF
:10753000C87438101808961B97239693F082F006AB
:10754000B69FF281F084149F800380068041806C96
:107550008088F82538051A0A38051A024E0201807B
:107560008401EB5AEB32D5605A1001044800013611
:107570005AC0FF1AB40D5A080217961BF0829723BF
:10758000F0069693B69FF08444E2C8F0F281149F0F
:107590008003800638271A02806C808849FFFD43EB
:1075A00038071A0A4402C940381019115EF08032B7
:1075B000E80F8C21EBEC4412C88C382098005A2834
:1075C00001083C2DFBB6C204845E38209808B42D17
:1075D0004E1201125A1805044800010E5A180429C7
:1075E0004412C8F038109A025A1002045A18081DA2
:1075F00038F019115EF78032E817EB5A8400442204
:10760000C88CEB32381118005A10FE03F80F4412E0
:10761000C8C838109A02541080304E120121B60D9D
:1076200038011808F8038400B60D480001198E21AE
:10763000E6224EF201154412C8F038109A0244E2D4
:10764000C8C85A1002045A18083538171A025410BC
:107650008030C12F38F019115EF78032E92A4402D8
:10766000C88C380018005A08FE04480000A8EAD167
:107670009644C1085013FFDD96495CF085FB4EF23D
:10768000009E960EC00F5005FFDD96015CF009BB11
:107690004EF200955003FFDD96015CF005FB4EF2C3
:1076A000008E84204402C8BC3810180848000083AB
:1076B000EAD19604C00638071A02960FC007D51102
:1076C00038071A025400000CC00C802CFD148006F0
:1076D000F8138120802C80068048806AF806D50E39
:1076E000802C8048806A800649FFFE498120802CDA
:1076F00080068048F30649FFFE722E47ECCB5A48BD
:1077000001072216800622F68004D5075A48021087
:107710002216800722F680058A2FEACAE435E90797
:107720005A98140385255A08140384054412C9186D
:1077300038209A11401098408A47EAC396D12220F7
:107740008001E3238A4BEAC39651E903E201E8365C
:107750004422C8BC862039111808042680095CF12F
:1077600000C8E802C40686034422C880390118080C
:107770002E27ECCA2F0FEEB69694CA0538571A0278
:10778000974FC50DE3238440E8028442E20140F8AC
:107790003C0440113C043E17EEB6D50C40248C0648
:1077A000E2019692E80284A240214004FF573E572E
:1077B000EEB68402EB5AEB32D5038400B60D2E07E9
:1077C000EEB6E602E94C4402C91840601840227344
:1077D000000022B30001D5435A1802424402C8BC3B
:1077E00038301800B44D8C61965838101808C20310
:1077F0005A2805068400EB5AEB32D5314402C88082
:1078000038001800E220E8252E37EEB6E662E927B8
:107810008A019602964A5A280306002680189696F0
:10782000CA1E4422C91838411A1140611840222347
:10783000000198C1FFCC42158424427200734211AA
:10784000007340738CF6EB1297FB40B08011D507A4
:1078500084003E07EEB6840038091A0AF007ADC06E
:1078600012B00001FCE6FC6180E049FFFD2A8007C0
:1078700049FFFCA2EBAD506380089648C107852004
:107880008166814944C2C6D0D5303C3DF9DC8006D2
:107890004442C13C4452C868861F04207FFECA0689
:1078A0003822840839020509D5165A2801155A3894
:1078B000030822F000005EF78082E909D50C5A38EF
:1078C000020B22F000005EF785BFE90522200000D0
:1078D000382205098C21EACF5A180AE1D5D18D4109
:1078E00050B5804C5AA00A173A058000B0413A00C2
:1078F000802080418007543500FF49FFFD82B001A0
:10790000EB5E3A05802038062A02C0EAEB90EA7A5C
:10791000D5E7EBAD9648C1043E97ECEDFCE13C3376
:10792000F6984452C8683D1DFAB63C2DF9DC8245F4
:1079300082614502C13C5C318024B4079F01E6832B
:10794000E9045A08041FCB1D38028400E608E81930
:10795000B49142426C0BCC155A28030738480501F4
:1079600050F27FDCD5075A28020D3848050150F245
:107970007A415CF7805EE8058C01B7E738090408B6
:107980008C215073804C5A180ADA2E07EA425A00AA
:107990000105EA635A0801C284004432C13C4440F4
:1079A00005BE4450008204137FFE8E24E622E816B2
:1079B000381181114E1500135A28030922F30000D3
:1079C0005EF78082E80BAD70D5095A28020822F3D1
:1079D00000005EF785BFE902AD308C015063004CBA
:1079E0005A080AE3D59AEB1FB42192259657C10D88
:1079F000FC0080C0DD465A0802082E0726D7C804BE
:107A0000800649FFFF32FC80DD9E4420004CEB2ABB
:107A1000B420C1115A1005105A18030F0010003479
:107A2000101000370010003510100038001000361C
:107A300010100039DD9EFC208E21E6220030003738
:107A400000700038E84520500036202000394E54A0
:107A5000000F5A5FA6475011005996485CF080B35A
:107A6000E840EAC38C4110200039D53B84C1CD06E3
:107A7000EAC3C2048E4110200039EBC28446842A36
:107A8000FF1442418473003000358C88FED42020DE
:107A900000394233847342128003EAC3944B40108E
:107AA00088608C2892248C68FE749284926497205B
:107AB00096D8964A10400034103000351010003629
:107AC000104000371030003810100039FCA00010B2
:107AD0000036103000341070003510100039FCA052
:107AE00084DFD5CCFC64B61FEBF781C1F285F38649
:107AF000F081854085622E072629E3404EF2011B66
:107B0000EAD8B51F42850073B4084E0201068E0400
:107B1000E6024EF30102220400022E1F26592E2FE8
:107B2000265A9A4122040003EBCB9A8204040007F0
:107B300040212C5696C1F38296010437000584E05B
:107B4000EBBC2E372652F384A742010000032F37E7
:107B50002653818780C781278387806781A74171EA
:107B6000001341408013E385E95EA641F183F101F2
:107B700001100000438284244212CC24EBCB401B32
:107B8000840143908424F203E251E94AB48E402CEC
:107B90004400969138F209000447000138423D0143
:107BA00004FF80024C47C038F40539520911F2062F
:107BB000E055E831844A416A8AD6F2044248882472
:107BC00040422C96404A100142221024FF0C422BC6
:107BD0000824424B102440F17C0A885C41E1700685
:107BE0008382422B6424886F40F17C0A8846887E19
:107BF00041E1180680C240227C0A41213000844ABB
:107C000088E4415A8AB7892FE2E4893E40C7C80018
:107C100040D6D40050288001551100FFD5B59C698D
:107C20009748D5A2405E18014001A40140FE140609
:107C300042261C2441103C0142039C6940208820BC
:107C400080804E2400059D03E280884F42089424E2
:107C50004302946941188020401208094008100925
:107C600040108BC440004784880190424021449CCE
:107C7000401004068822F382F82BF30288DCE2DC51
:107C80008923892F92C1406327E495019826932187
:107C9000401010069B34E2C48829405E00018B2FFF
:107CA0009B9940FE140640233C01F2824ED3000310
:107CB00085A1804D8460F587F484F820F809F404E8
:107CC0008380804D80048460F1838029F817490007
:107CD0001E2B80C0F00381219442844A8460400EB0
:107CE00008084010F3D5F80A40148808100400343E
:107CF000844A8460943240109BD549007B35F50757
:107D000010040035802C80078045F30249001E33A3
:107D100010040036D5068400100400341004003529
:107D2000B41F802A49FFFE7350050001EB3948FF5C
:107D3000FEE4FCE4440395B7A640440395B6A600D0
:107D400040000504DD9E440395B9A600441395B890
:107D5000A64840008104441F6A4488205CF0805A91
:107D6000E903440095BCDD9E440395B4A600EB4FA7
:107D7000DD9E440395B4A600EA42DD9E440395B51A
:107D8000A600DD9E441395BAA6089600C00EA6086C
:107D900096005A00010BA60896005A000207A60892
:107DA00096005A0003038400DD9E9600441395BBA1
:107DB000AE08DD9EFC00446395B4AE704412ED48FD
:107DC000B6018401A98910208009100080081030B4
:107DD000800A1000800B80018024490032DEA6302A
:107DE000FC80FC0084414400B100842080628082D9
:107DF000EAF984003C0FFAF73E07ED18FC80FC40DE
:107E0000EBF72E2726522E372623421008243C1B40
:107E100093192E172653924142418424FE1C92212D
:107E20003E2726593C4B931A3C0B932A3E17265A61
:107E30004402FE85A640842184C0AE40A641AF81A5
:107E40003C6FFAB9EB265000002049003DFCEA6D7A
:107E50003C0FFAC949FFDE8A49FFDED944038D365B
:107E60004412FE5C44238D34B6C1AD90AD803C0F0E
:107E7000FABF44038D303C0FFAD744038D313C0FD9
:107E8000FAC544038D323C0FFAB12E0726C33C1FBE
:107E9000FAB63C2FFABD3E67E9F05A080106B40174
:107EA000EAE0B601D504B401EAB3B601B401852114
:107EB00040002404B601B40184C0EAB5B601B4019F
:107EC000854066000008B601B40184E0EAB6B60158
:107ED000B401EA40EAA5B601B4013C0FFADA440362
:107EE0008D36A440EB84AC40A44066108001AC40C9
:107EF000A44066108008AC40A44044038D34AC40DC
:107F00002E0726C83E07E9D4EA3C3E07E9DEEA31FF
:107F10003E67EA213E67EA103E97E7493C9FFB56E1
:107F20003CABF5343EA7EA2B3E67EA1C3E67E9E42A
:107F30003E67ED773E67E9B03E07E9E2EA92EB067D
:107F40003CABF52A3CABF5383E97EA0D3E97E9C2CB
:107F500049FFE174DD403E67EA3F3CABF52D3E67EB
:107F6000EA40AF813E67E9BF3E97EA033E67E9BC5E
:107F7000AF80DD5684023E67E9B23C9E00843E67D6
:107F8000E9E83E67ED6C3E67E9C73E67ED6DAE0818
:107F9000DD5AAE08EAACEAC23C0803AC3C0803B0C8
:107FA0004402E9303C0E01D74402E7AC3C0FFAD062
:107FB00084083E07EB183E67E9C83C7FFAC03E677D
:107FC000E9FD3E97E9F63C7BF5493CABF53F3E6762
:107FD000E9BD3E67EB3C3E67EB192E0726233E07C3
:107FE000275580073E67EB1A3E67ED2B3C7FFADF93
:107FF0003C7FFAD83C7FFACE3C7FFABB3C7FFAD27A
:108000003C7FFABA3C7FFAE53C7FFAD33C7FFAAA80
:108010003C7FFAB2F8028009490077458007F820D2
:108020003C0E00C28009F81C3C0E00C38402F81804
:108030003C0E00C48403F8143C0E00C58404F81000
:108040003C0E00C68405F80C3C0E00C78406F808F8
:108050003C0E00C88407F8043C0E00C9840849009F
:1080600077313C0E00CA3C0393193C0B94243C032B
:10807000931A3C0B948D3C0394273C1394264000A8
:1080800080203C0B94283C0394903C13948F400038
:1080900080203C7FFB5A3C0B94913E67ED64490085
:1080A0006B273C0FFADC49006AFDEA823C0E02E3D2
:1080B000EA573C0E02E54402C5503E67EB753E6749
:1080C000EB743E67EB763E600B883C7E02E43E60DC
:1080D0000B983C0FFAE0845F3C0DFADC843F3820BB
:1080E0001C088CE65A783CFA3C0DFADC84C0EB8321
:1080F0001010003D3C6FFB573C6FFB583E67ED7125
:108100003E67ED703E67ED723E67ED733E67EABC19
:108110003E67EABE3E67EABD3E67EA0F3E67EA2475
:108120003E67E9DF3E67EA063E67E9F43E67EA0B31
:108130003E67E9B73E67E9E53E67ED7649001CFA20
:108140003E67ED743E67E9CD3E67E9F23E67E9CFF1
:108150003E67EA1BEB2649003BE5DD4BAF80EA3882
:108160005A080104490041468401EB05EAA8EA6C7B
:108170004900033884E149000331840044138D41F0
:10818000AE083C7FFAB0EB043C1FFADB842DEB4ACF
:10819000842C3C1FFAD53E07E9B884203E07EA2923
:1081A000440061A83C1FFAE6446000FF3C1FFAE16E
:1081B00085263C1BF5443E17E9C33E17E9E03E1017
:1081C0000E5C3E100E5D3C0E039684043E17E9C122
:1081D0003C1BF5393E17E9E73C1BF52C3C6BF526BB
:1081E0003C6BF5293C7E00AE3C1E00AF3C9E00B0CF
:1081F0003C0E00B1DD42C02F44100190440397ECC7
:10820000AC404410011D440397EEAC40441000E420
:10821000440397F0AC40441000C7440397F2AC40CD
:10822000441000AA440397F4AC404410008E440369
:1082300097F6AC4044100072440397F8AC404403F6
:1082400097FADD44AC40440397FCAD80440397FEAD
:10825000AD80D5058007802949FFDAA08401EA6056
:108260003E000E84840584C084E04412ED80EA4917
:108270004402E0503E77E9ED3E77E9F83E77EA19AF
:108280003C6FFAE23E77E9D63C6E039A3E77EA020B
:108290003E600E6449FFED39EAC9EAA04402FEFCE3
:1082A0003E7013213E77E9D3AFC04402FEFDAFC05C
:1082B00049000A19EB4C3C6BF5413E77EA003C6BF8
:1082C000F53580263E67E9B184463E67ECD5AF8040
:1082D0004402C48CEA44802684464402C4FCEA4436
:1082E00044038D45AF8044038D46AF803E67EA1757
:1082F0003C6BF536FCC0FC21446200B880064900A6
:108300003615EA34F08149FFEA879C3449FFEA8751
:108310005003007849FFE97E500300A849FFEA8234
:10832000500300CC490075B9EA34F081490075B8B2
:10833000500300B049001887EA34F08149001886DC
:10834000EA34F0814900209B50030118490000B332
:10835000EA34F081490000B2490000CE5003012CFC
:1083600049001E25507303A0EA34F08149001E2203
:10837000800749001E22EA34F081490052845003EC
:108380000170490056D25003031849006D04EA34C5
:10839000F08149006D035003036449007298EA3488
:1083A000F0814900729750030374490056C6EA34BD
:1083B000F081490056C580074900696EEA34F081B2
:1083C0004900696D500303AC4900267AEA34F08114
:1083D00049002673EA864900281B500303D049FF51
:1083E000CBA8EA34F08149FFCBA7500300484900ED
:1083F0004307EA34F08149001B9A49FFEC8449FFA6
:10840000EC8349005695490070C149FFCB9849005B
:1084100073684900572EFCA1FC00DD56840284C01D
:108420003C6FFB57AE08DD5AAE08440000A2EBE4F7
:10843000DD40A6015A080D118006847F3C2DFADC30
:10844000843F383100088C065A083CFA3C0DFADCAF
:10845000EB831010003D490000343E07ED512E071C
:10846000262B84C0520000013E67E9B04900019C00
:108470008401EA803E07E9FAEB9FEA383E67EA07A3
:108480003E67E9D53E67EA1E5A080103EA7EFC8092
:10849000FC018401EAA8EB8644036510EA4B8400E2
:1084A000EA543C1C01EDEB1EFA50EB5DEBF4840149
:1084B000FC813C0FFBE3DD9E3C0FFBE2DD9EFC00FC
:1084C000840084203E07EF863E07EF833E07EF825D
:1084D0003C1BF7C03C1BF7BF3E17EF853E07EF8400
:1084E0004410004084003E17E7793E17E7783C0FC0
:1084F000FBE4FC803C0DFBE3A4413C1BF7BEA44421
:10850000A6003C1BF7BD3E07EF78DD9EFC20A700D0
:108510002E6726295A4001068480EB948204D526D2
:108520004442040184A0D608087200018CA1107294
:108530007FEA9768D5F92E4FECED4E4600092E479D
:10854000ED2CC41C84823E472A0CD5188EA1976856
:10855000EB94E0A4E9F59BAC88C7010303EC99BD5B
:108560008EA1110303EC9768D5F59760E2A6E806A3
:108570009967110283EC8C81D5F93C4DFAB6B4A40D
:108580003C4397464252880B5A58010C8C8F3C5002
:1085900003AC9721E285E80B5042800F9721D50765
:1085A0002E57ECC95A58010444400050A6005A08FE
:1085B000014D2E07EA1B9A10E402E8052E07ED2D67
:1085C0005A08010A5A3801082E07EF94C8083E37A6
:1085D000EF94D50484003E07EF94846084003E0746
:1085E000EA1BA609C8342E0726D35A08010E5A30B2
:1085F00001085A28010A3C03F56EE614E9053C001F
:1086000003AC8C0FD5072E07ED2C5A080106440049
:1086100000C8EB6AD5033C4B950D2E07ECC8C0177C
:108620005A080105EBF58E14D5115A080205EBF531
:108630008E0AD50C5A080305EBF58C0AD5075A08A3
:108640000407EBF58C14D5028400EB6AFCA0FC0057
:108650003C1DF9CFA6088C01AE083C1DF9CFA60839
:108660009604C8063C0DF9D13C0FF9CED5053C0D5A
:10867000F9D03C0FF9CE3C0DF9CEA6481010003FC2
:1086800080A08420EAED5000003CEAEDD8FFFC8099
:108690003C2DF9CEA65098D1AE199C0996005CF0FD
:1086A000003BE9028400AE10A6108840841FAE1182
:1086B000DD9EFC00EA632E57ECE4D00BC804EB50BF
:1086C000DD41D50444000051DD41EA633E07ECE49E
:1086D000EBB12E57ECE5D00CC80544000054DD4149
:1086E000D50444000053DD41EBB13E07ECE52E0715
:1086F000ED512E57ECE6D00CC80544000056DD4184
:10870000D503EA31DD412E07ED513E07ECE62E00A0
:1087100018ED5A00AA048407DD41FC80DD9EFC00B0
:1087200049002F47FC8044100055DD43AE40DD9EDC
:10873000FC03F0818005F283F182F384F485490023
:108740002EAEF002F10349003255DD44DD43AE4068
:10875000F001F104F205490031E2FC83FC2084C001
:1087600080E0E2C7E80B8401844080208062808042
:1087700080A28CC1DD5597B0D5F5FCA0FC00490066
:10878000330BFC80FC00490032F9FC80EB3BC8084D
:108790002E17ECD0C907FC0049003309FC80840087
:1087A000DD9EDD9EFC0049002E6CFC80EB0CC80FAA
:1087B000FC002E07262B49002E64FA09EA3D2E07FD
:1087C000262B5200000149002E5CFC80DD9EDD9EC0
:1087D000FC00490033BCFC80FC00490033AEFC8047
:1087E00044130FA0B62044138068A845441373E8CF
:1087F000A846EB43A84244130C80A84444133F907E
:1088000050200044B62244123200A851441274F899
:10881000A853DD9EFC4480C0440183603B004C00B3
:10882000440183703B0FCC20B1C43B004C003B03A0
:10883000CC20EBC12E172AA2813F420004019640B2
:10884000C1038E219648EB038386B88A38038602DB
:10885000B88B442000C84402DD2CEB2AB8934403B3
:108860001F40B88944038DD4B88CFCC4FC20842CF0
:10887000AE4184003C0FFB02EAE249FFDA78EB36B6
:108880003C0DFB02C00B8420846184028041808304
:1088900080A33C1FFB02DD55FCA049002F215A0894
:1088A00001F4AFF0D5EEFC0049002F11840149001E
:1088B0002F13FC80A4408C2196495CF08190AC4041
:1088C000E909FC008405DD418400EA28EAA3EA6B9B
:1088D000FC80DD9EFC20FD30DD42C01FA770DF0A5A
:1088E0008CA19768E6A5E90284A0EA3CAF70EA9201
:1088F000D50D8406DD4144138D20A6088C01960019
:10890000AE088400EA28EA31EA6B44038D20A60011
:10891000C00484013E07ED72FCA0A6885A28AA0A6A
:10892000FC00A680AE888420AE40490032B8FC80AE
:10893000DD9EFC00EA3F5A080417DD465A00021487
:10894000EA9A5A08011184003E07E9B08400EBEF6F
:10895000EAF74402C3B449FFFFE2840384203C2DBC
:10896000FAB1EB9EFC80A6885A20AA10FC00AE80CB
:10897000442FFFAAAE88A6005A0801054900328993
:10898000FC804900328CFC80DD9E8440AE808400F7
:10899000AC08DD9EFC005A080105490030BEFC8091
:1089A000490030BCFC80FC0084204403F560AE40EC
:1089B00084234403F561AE408400802080408060C1
:1089C000EA2FFC80FC0084234403F560AE40842041
:1089D0004403F561AE408400802080408060EA2F2F
:1089E000FC80FC004402FE63A7404403F007A6009D
:1089F000D8084402FE64A7404403F004A600D00651
:108A0000441FFF8EEBB9AE40F80A4403F007A600FE
:108A10005A002311441FFF9EEBB9AE40843F44022D
:108A2000FE61AE408420840280418461808180A107
:108A3000DD55FC80FC24440183903B004C00442124
:108A400083A03B0FCC20B004EBAA3B004C20442376
:108A50008D41A6904411E49040108840A6C838503B
:108A60000A028400384F8A0296D84462623880E055
:108A70003C13932AE201E818402300200301000080
:108A800038128000421804243902010140108C0E73
:108A90008A309649AC50A450964B4E140003ADD08A
:108AA0008C019601D5E6FCA4FC01F0819491800133
:108AB000F101DD48FC81FC0644220000FAD0A6D278
:108AC000A71384A18440F68584C2F283F284F286DF
:108AD000F288F289B67FF581F382F687F58A8041C4
:108AE000EA71FC86FC00C805EAB1EAB7EA4BFC80F3
:108AF00049FFCD6780A0C8F9EAB1441300024422BF
:108B00006238EB382E47262349002B71FC80FC008D
:108B1000DD5280C0A64949FFFFE75A680306EB0C07
:108B2000C80349FFFF89FC80FC2697D0FA5084C017
:108B300084A1F28584429718F287B6FFF581F78207
:108B4000F683F684F686F688F689F58A8041806792
:108B5000EA71FCA6FC0644420000A7A284A0A72359
:108B6000F581F582F583F584F586F588F58984A18C
:108B7000F285F387B6DFF58A80418066EA71FC866C
:108B8000FC07F38DFA7084A08082F38584418462AF
:108B9000F281F482F387F28A8064B6BFF583F584AC
:108BA000F586F588F5898041F40DEA71FC87FC01B2
:108BB000EB6EEB43EA4B44036510EB86EA4B840013
:108BC000EA543C1C01EDEB1EFA50EB5DEBF4FC812A
:108BD000FC08F18EF08D8023F28FEB38C4052E4710
:108BE00026238003D5038004848184A1B61FF082EC
:108BF0008400F083F184F085F086F088F089F08AB3
:108C0000F581F587F00DF10EF20FEA71FC88FC0199
:108C1000DD465A08021A8400EA548481EB6EEB4365
:108C2000442373E8846049FFFFD5501F8006EAC4DF
:108C300084408463EB70220F800344100096EB3A6B
:108C400040008007FC818400FC81FC254462000018
:108C5000A7F2A7B3F381B0C7F3848460F482F583ED
:108C6000B6DF808380A749002933FCA5FC0084017E
:108C7000842049002FC744000CD549002FCBFC802D
:108C80004403F01F4423F302A600A650540000E062
:108C900096678C225EF08020E807A65096678801D0
:108CA0008C029600D5038C1F96004413F01FAE086B
:108CB000DD9EFC008400802049002BFD490030BC73
:108CC0004900379449FFFFD449FFFFDC49002F24B6
:108CD000490029CE4900310F49002B3A49002AE4C6
:108CE00049FFBC7FFC803C03F3BE3C1DF9E04423FC
:108CF000F540B4423820820A4423F544B4629C8192
:108D00009691EAC04423F548B4629C829691EAC0E9
:108D10004423F54CB4629C839691EAC04423F550F9
:108D2000B4629C849691EAC04423F554B4629C8555
:108D30009691EAC04423F558B4629C869691EAC0A5
:108D4000502000083C2BF3BE8C074423F55CB44252
:108D500096013820820ADD9EFC015A0801163C0D5E
:108D6000C9A5B61F3C0DC9A6F0813C1DC9A03C0D8C
:108D7000C99F3C2DC9A13C3DC9A23C4DC9A33C5D46
:108D8000C9A4F815D516C8153C0DC99DB61F3C0DD4
:108D9000C99EF0813C1DC9983C0DC9973C2DC999CD
:108DA0003C3DC99A3C4DC99B3C5DC99C49002C9CEB
:108DB000EADD5A0801093C03F3BE5CF00080E803D9
:108DC00049FFFF93840080208040806049002A7C16
:108DD00049002A57FC814423F077A6509604EADA2A
:108DE000FE0FAE10DD9E9200FC2080E080C1DD46CB
:108DF000A6B9C80650017FF6E6028409E90280029E
:108E0000EA3BEA53AE884423F380A6505A1001FF90
:108E10004E6300668E01E60E4EF200CA44F08C28C6
:108E2000EB2040F03C00DD0F1C0084012200AC0070
:108E30002200AC00AC00280028005E005E00AC0000
:108E40002200A8008403EA8BF8488400F895F845CE
:108E5000840149002B1B8400F895EA915A08010609
:108E60004400088EEA3DD508844084018424806251
:108E7000808280A0DD558401EAF68401F88ADD460F
:108E8000C82AEB76D528EAF0C005EADDC0038400E5
:108E9000EB778401F87E8400F875EA915A080106A0
:108EA0004400088EEA3DD508844084018424806211
:108EB000808280A0DD55EB768400F85EEAF04E02F9
:108EC0000077EADD4E0300748401EB774800007000
:108ED0008401EAF68400EA8B4800006A5A6801625D
:108EE0008E03E60CE86444F08CF4EA6E40F03C003B
:108EF0004A003C000C120C121218187070B80C8C3E
:108F00008401F83AD5548401EA8BD551EAF0C011B6
:108F1000EADDC00F8400EB773E07EE643C03F3BE4E
:108F20003C1DF9E08E019402B60184013C0BF3BEB6
:108F3000EAF0C80D8401F8268401EA8B440000376A
:108F4000EA3D8400F8268400F829D531EADDC8F32B
:108F50003C5DF9E084213E17EF9550128200AA296A
:108F6000D9FFD5E9EADDC005EAF0C0038400EB775C
:108F70008401F808840149002D7FEAF0C8A3D517C1
:108F8000840149FFFEEB49FFFD108401EA8B840058
:108F900049FFFF238400EAF6840049002A77D507B9
:108FA0005A6802068401EA8B8400EAF6FCA0FC40C1
:108FB000EA3F80C15A08040BEA9AC008DD465A0805
:108FC0000213842049FFCE89D50EDD465A0002F8EF
:108FD0008401DD508420846184028041808180A3EB
:108FE000DD55D5F48402DD508441440001A04410D5
:108FF000003080628082EAF984208461440001A00C
:1090000080418083EAF95A00300E844144100030D8
:1090100080628082440001A0EAF9440000D7DD416B
:10902000D5ECEA3F5A080410DD465A00020D2E77AF
:1090300026BB5A780109800749002B4E8400EA2894
:109040008007EBE5EA59EA783C0DFB02C00784048F
:10905000DD50EA3F5A08041FD50949002B415A0840
:1090600001F88403DD50EA52D5F0DD465A000213C0
:10907000EA9A5A080110840049FFD638441FFFC3FA
:109080004403F429AE40DD408420DD548402AE3137
:10909000D50F804684058420EB9EDD408420DD547E
:1090A0008402AE31840149002D068405DD50FCC0E8
:1090B000FC20EB0B5A080152DD46C84FDD59A64093
:1090C0005A1801FFA6005A080149DD4CA78097B045
:1090D0005A680144DD408429AE418420DD54DD40DE
:1090E000842AAE41DD4280E0DD59C70D8420AE40C8
:1090F000DD4CAE408006EA28840BEA322E07ECD322
:10910000EA5BD52BAFC0DD4CAFC08006EA28440235
:10911000FEF2AFC0DD44DD43AE40EA9FC0FF49FF31
:10912000D59CEA24EAAEAE08804184618402DD4524
:10913000DD40EB9CDD4C8421AE408401EB595A00AC
:10914000010DEA9A5A080108DD40A6015A080A04EE
:10915000490021748400EA58FCA0FC43441183B008
:109160008140A600B1823B00CC003B034C2085200F
:109170005A080105490041DA81208400EA5484E05C
:10918000EB3738031E02842094918CE1EA445A782C
:1091900004F9EA8A5A08011C8403DD528049EA4333
:1091A000EA882E17E9CC440000C8FE0CEA54EB43D1
:1091B000F80344130FA0EB1E2E2726222E3726235A
:1091C000EBF449FFFF77DD56A608C8FFDD44DD4319
:1091D000AE408400FCC3FC2184C0FA003E67E9B3C2
:1091E00044738D40DD414900336984013E67E9F9EC
:1091F0003E07E9C63E07ED263E67ED423E67E9E3DE
:109200003E67E9E6AFB8DD46DD525A08020B84043A
:10921000AE0980018420DD54DD40842DAE41D50AA5
:109220008409AE0980018420DD54DD40842AAE41EA
:10923000AFB8DD598421AE40EA385A08010EDD4B43
:10924000A6003E07E9FBEBA3A6003E07E9C0EB53EF
:10925000C8033E07ED42DD40A6013E07EA1584063D
:10926000DD50EB35C814DD40EA3E2E0726C65A080D
:10927000010449001DBD840ADD5049001E2BEA3857
:10928000C04BDD465A080249840BDD50EA385A08C3
:109290000110DD42C00DEB355A0001052E07E9E350
:1092A000C8074402C722501F800749FFFF58EA3809
:1092B0005A08012BEB35C80B44000066DD5049000D
:1092C0001E7E5A08010C3E07E9B3D508440000672A
:1092D000DD50DD56A6085A0801FF44000068DD5045
:1092E000DD42C008EA255A0809FFEAB1EAB7EA4BAD
:1092F000D505DD56A6085A0801FFDD568402AE08E2
:10930000DD5AAE08D509DD42C007EAA3DD50DD4BCA
:10931000A60049FFFBFE84003E07ED26DD46DD5238
:109320002E27EA155A0802089E12E602E806840D66
:10933000AE09D5075A200204AE89D503840BAE09C5
:10934000DD40EA3E8400EA48EB993E07E9C83E0763
:10935000E9C684C14400006ADD503E67E9E3DD42AE
:10936000C00349FFF8973E67E9DBDD46C804840186
:109370003E07ED204400006FDD50FCA1FC00EB0B2C
:109380005A08011FDD46C81CDD59A6405A1801FFC6
:10939000A6005A080116DD4CA78097B05A68011143
:1093A000DD408429AE418420DD54DD40842AAE4175
:1093B000DD568400AE08DD5AAE088006EA28FC803F
:1093C000FC00DD40A6415A10061C2E17E9C5C9183D
:1093D0002E67EA22CE15DD56A6485A180112DD5A2C
:1093E000A6485A18010E8026EAEBDD54DD59AF80FD
:1093F0002E07EA05C803DD5AAE088401EA28FC807E
:109400002E07E9D78421EB46DD9E4403F07FA600BA
:10941000EA56DD9EFC0049FFFFFAFC80FC4080C25A
:10942000812080E149002D5A49002D7C44201900FB
:10943000FE14E206E8138AC0442186A040230857A0
:1094400010248000440E79609690426100734400BD
:109450001388406300D7AFB8FCC08420101480008C
:10946000AE78FCC0FC0049002D3949002D31FC804C
:10947000FC0180C08001F28149002D17F001EB69E9
:1094800084013E07ED22A6303E07ED2184003C0F0B
:10949000FAF48401EAFAF8F02E07ED225A080109DD
:1094A000844080208062808080A2DD55D5F6FC81DA
:1094B000FC0080C08001A648C1058421442000CD65
:1094C000F807A630C007800684244420008249FFA4
:1094D000FFD1840749002CE98400EB698400EAFA93
:1094E000FC80FC20A78080E0E6CBE9068ECA840AD7
:1094F00097B0AE38D50284C0A638C0038C01AE3810
:10950000A638E603E9038C01AE38A638C803840107
:10951000AE38A608C004EAADFE0CEA3DC60594319B
:10952000EAA149FFF91DA678C1078440840284613D
:10953000848380A2DD55FCA0FC02F08180C1F80C80
:10954000F201F8725A68020984013E07ED1CEAF143
:10955000EAFBF862D505EAFBEAF183FFF869F88CCB
:10956000FC82FC21FD30F281DD46C82C5A700907CF
:10957000461000F450008240D505461000C350004C
:1095800085005A60011DC6045A600205FCA1F874EA
:10959000FCA12E27ED1B2E37ED1ACA02C310441171
:1095A00086A0FE5C846AEB12443FE70042010C7324
:1095B0008A0184203E17ED1A3E17ED1BF10149FF89
:1095C000FFBDFCA1FC2080E080C1DD465A08020AF4
:1095D000CF1ADD40A6415A10041349FFFEF3D513FC
:1095E000DD40A6415A100B105A60040680068443E1
:1095F00049FFFFB9DD40A6415A180904EB5BD503CA
:1096000049FFFEBEFCA0FC02F081EAF1EAFBF20198
:10961000F80BEAFBEAF149FFFF66FC82FC02F081ED
:10962000EAF1EAFBF20149FFFEFBEAFBEAF149FF3E
:10963000FF41FC82FC00460000A6EBC4F80CFC8055
:10964000FC00F81AFC80FC00F817FC80FC004600C7
:1096500000A6EBC449FFFFD9FC80FC00EBF9EBCF7F
:10966000EB29FC80FC00F808FC80FC00EBF9EBCF58
:10967000EB29FC80FC0049FFFEF7FC80FC00EBF9C5
:10968000EBCFEB29FC80EAD0DD9EFC2080E180C29C
:10969000C00D5A00041184003C0BF53A490036F124
:1096A000444395AC443395AAD50A444395A6443324
:1096B00095A4D505444395AC443395B08400968079
:1096C000E246E80738138101381201098C01D5F808
:1096D0003C03F53AAC18FCA04422FF5038100808AF
:1096E000DD9E4452FF5084204402FF70EAEDD8FF13
:1096F000DD9E3C03F7CC8C0196015CF000FFE90293
:1097000084003C0BF7CC3C13F7CC4402FF52AE4034
:10971000DD9EFC4049FFD432EA3F9E46E622E90A3C
:1097200050107FF7E625E9065A001105840148002C
:109730000074DD40A6015A0804148404441000BDDE
:10974000DD47440000D0DD50DD42C01F840049FFEA
:10975000CBE78401DD4AEAA2EA59EA78D50B8E0804
:10976000E604E9ECDD465A0802EAFA31EA69AE405D
:10977000D521A6305A002105EB3DEA52D5FB8402E3
:10978000DD4A8400EA58D5162E07EDEAC80884029F
:109790004413970044238D54EA8CEA5A8406DD4A28
:1097A000EA24FA11AE08804184028461DD45840018
:1097B000EA8E8403DD4ADD4084C0A601DD4A49000B
:1097C0002693440000D1DD50DD469E42401304063E
:1097D000840249FFCA82DD465A08010B800649000F
:1097E000294C80064900296780064900295A44000F
:1097F00000D2DD50DD40EBB03C2DFAB64432C54816
:109800004900423780C05A00080448FFFF914400D5
:1098100000D3DD508006FCC0FC40EBDD49FFF2F1D7
:1098200049FFFA49DD4084C1AF8149FFF566440034
:1098300000A0EBE4EBE9DD5249FFFBBB4400005123
:10984000DD50EA59EA7849FFFDE2C8053E67ED4D73
:10985000EA52D5FA84003E07ED4DEB50DD50FCC0D6
:10986000FC00840FDD41840444100062DD47DD44C8
:10987000DD43AE40EA85A608C8FF44000082DD5003
:1098800044000083DD50840149FFD3DE440000849E
:10989000DD50FC80FC00840444100061DD4744106E
:1098A00000678404DD478404EB49440000A1EBE435
:1098B000DD40EB58EADBEBEE848049FFDE10EA6F17
:1098C0005A0801094402C390EBD649FFF8604900E9
:1098D0002AE6DD568402AE08DD5AAE0849FFFFC213
:1098E000840444100068DD4749FFFC77EA6F5A089A
:1098F000010449002ACE49FFF5918402DD41840428
:1099000044100069DD47FC80FC00EBF080C0840C53
:10991000DD5044038D47A6408C219648AE40DD447F
:10992000DD43AE408409441000A1DD4749FFF80340
:109930008409441000A2DD4749FFD773840944100D
:1099400000A3DD47DD40A6415A100D0B2E17ED6C2C
:10995000C9074412C4084422C730490042C38409DD
:10996000441000A4DD472E07E9C85A080107FA058C
:10997000DD4184C2480000EC8409EBABDD472E07D3
:10998000ECD6C00AEA83A6405A102105A6005A0860
:1099900022048401EA3ADD585A08190449FFD79E87
:1099A000EB795A08011CEA255A0809198400EB9F33
:1099B000EA385A080112DD4BA60049FFF92A5A0875
:1099C0000107EB535A0801043E07E9B32E07E9B338
:1099D000C003FA06DD418401EAA884003E07E9EAF3
:1099E0002E07EA2EC810EA255A08090E840CEA212F
:1099F000DD528401EA3A3E07E9EADD4BA600A649BA
:109A000049FFF8722E07EA215A08010C4402C401EA
:109A1000EB1FEADB3C3DFABF3C4DFABD49FFD85590
:109A2000DD42C013840C00130050DD47840D001389
:109A30000051DD47840E00130052DD472E07E9B7C1
:109A40005A0801048400EAD73C0DFAE85A0801429A
:109A5000DD59A60096005A08013D84203C1FFAE813
:109A60002E17EA1D5A18551B2E17ECD7C104EAD73A
:109A7000EAEAD516EA83A6005A08130544000086D0
:109A8000DD41EBE9DD524422C3B43C3DFAB6444229
:109A9000C54849FFD9E1EAEAD503EA31EB06DD58CA
:109AA00049FFD54A96003E07E9C2DD4A2E67E9C262
:109AB0005A60034E5A68020EFA04DD412E07EA3559
:109AC000DD41DD44DD43AE40DD56A608C0FFD53F95
:109AD000DD56A6085A08020EDD4CA6005A08020AF6
:109AE0008401AE08DD5AAE08DD46C80349FFFDC853
:109AF000DD40A6015A080A08DD46C80349FFFDA259
:109B000049FFFAD82E07E9EA5A08010DDD4BA600F5
:109B10005A080309EB0CC80684023E07E9EA49FF2C
:109B2000F78BDD585A080404490036F52E07EA1E63
:109B300084C15A08010D84003E07EA1EDD5AA608BA
:109B40009600C8FE8441AE88FAC3EA3A8006FC80DB
:109B5000FC01EA6F5A0801064402C3908420EB0E10
:109B6000EA385A080104490038FADD4BA6005A08C1
:109B7000030CEA385A080109490035B784023C1D34
:109B8000FAB5F80ED50F490029D4F081F10184000F
:109B9000F8072E07ECC95A0801068402842F49FFF2
:109BA000F619DD40A6415A180D048423AE41440045
:109BB00000A3EBE42E0726BD5A08010BDD40A600EA
:109BC0005A080107DD4BA60049002AFDD504EB6EBB
:109BD000EB86EA4BEA6C4412C4944422E5344432E6
:109BE00000004442E13849FFDEACFC81FC002E0756
:109BF00026BE5A080108EA6C4412D89049FFDE00DC
:109C0000D5053C0C01DFEBA8EA4B2E0726D35A08FA
:109C1000010E4402C7124412C7104422C70E443238
:109C2000E1444442DCE849FFE870EA86B400EA42D5
:109C30005A00010384003C0FFAB984013E07ED7A13
:109C4000DD585A081209EA728421EA8D5A08010483
:109C5000EA46EA5F2E17E9D45A1801054402C39078
:109C6000EB0EDD585A08120AEA728422EA8D5A086D
:109C700001058402EA46EA5FFC80FC00EBF1C003C8
:109C80008401FC80EAD5C80A4403307049FFE065CE
:109C9000C0F8FA18EAA08403FC808404FC80FC006D
:109CA0004E02005FEAC4EA2A5A181422EB7CDD480F
:109CB00044134F30F82144129ECAF8244403838889
:109CC0004412A1EAF82FEA30C00444133310D5023D
:109CD000EB78F827EA30C004441333D8D503441294
:109CE00019A0EA2A44037D48DD48FC8044135890BB
:109CF000DD4844135BB0EA2A44037708DD48441288
:109D0000A50AEA2A44038068DD4844038388441294
:109D1000A82AF808EA30C00444133310D502EB78BF
:109D2000EB72EA2ADD48EA30C004441333D8D50385
:109D3000441219A044037D484E00FFF5441386A841
:109D40004402AB4AF869F8064402AC12441389C8CD
:109D5000F8633B0054003B00D42083FFFC804403A5
:109D60007578DD5C5A18142044134DA0DD48441367
:109D700050C0F81E4412A05AF8214403851844121A
:109D8000A37AF824EA30C00444133374D502EBD923
:109D9000F825EA30C0044413343CD50344121B3088
:109DA000F828FC8044135A20DD4844135D40DD5CF4
:109DB00044037898DD484412A69ADD5C440381F898
:109DC000DD48440385184412A9BADD5CDD48EA3059
:109DD000C00444133374D502EBD944037BB8DD5C73
:109DE000DD48EA30C0044413343CD50344121B3030
:109DF000DD5C44037ED8DD48442388388022440259
:109E0000ABAEEA9E44238B58EA7FF806F80844027A
:109E1000AC768022F801EA9EEA7F83FF3B00500087
:109E20003B00D02083FFFC80FC40C8053C5DFAD598
:109E3000C508D53F5A08013E3C5DFAD55A58013A4B
:109E40002E57E9C184C38EABE2C584C0E9052E67F5
:109E5000E9C18ECB97B1C0085A08010B447000329B
:109E600080A78604D508FAF084A68207D50484E08A
:109E700080A782078124EAC44440019042581424F8
:109E8000420310735A181406802294A9DD48D504A1
:109E9000802394A9DD48EA89EB724203047394B9E4
:109EA0008029DD482E07E9C15A080E048408EAE833
:109EB000FCC09200FC012E27E9E75A200704480065
:109EC00000A7E6104EF200A4F18144F09CD83817A8
:109ED000810140F0BC00DD0F2000200020002000A8
:109EE0004C006000740086009800AC00C000D400F4
:109EF000E800FA000C0120012E57E9C18C0B4C50F0
:109F00004087EA25C8048401F101F807EA255A00D0
:109F10000103F8078400F10149FFFEC38408EAE861
:109F2000480000768400F10144234C1044335890DB
:109F30004442AB4AF86AD56B8401F10144234DA039
:109F400044335A204442ABAEF860D56144221680B7
:109F50008400F10180624442AB4AF857D55844224C
:109F600018108401F10180624442ABAEF84ED54F27
:109F70008400F10144229ECA4432A50A4442AB4AFD
:109F8000F844D5458401F1014422A05A4432A69AEE
:109F90004442ABAEF83AD53B8400F10144234F3044
:109FA00044335BB04442AC12F830D5318401F10146
:109FB000442350C044335D404442AC76F826D52754
:109FC000442219A08400F10180624442AC12F81DC1
:109FD000D51E44221B308401F10180624442AC76DC
:109FE000F814D5158400F1014422A1EA4432A82ACC
:109FF0004442AC12F80AD50B8401F1014422A37A41
:10A000004432A9BA4442AC7649FFFF10FC81920069
:10A01000FC60EB382E7726452E2726442E17262364
:10A020005A000704480000C6FFDC848041218409EF
:10A0300090E18204822444A320D044B3226044C32C
:10A04000271044D328A045321680449219A0E187F6
:10A050002E800E844EF20093401848179600401848
:10A060000408C80297084000A800A4004020AC00E3
:10A07000A5904020B000882DA4909603A44897B3E3
:10A08000E1A080669693964BE8043C4BF52682202F
:10A09000E1A6E806405248003C5BF52682264E8346
:10A0A000004F40E2040841474C00025A0000976B01
:10A0B000E005E80D025A0000976B40001480405004
:10A0C000100A020A0000960390049A2840524800A1
:10A0D00095694142CC0002FA0000EB47E0CFE80D61
:10A0E000023A000096DB40330C804061900A023A4D
:10A0F000000096DB90649AF340E7240002670000BA
:10A1000097B3E046E80D0267000097B3402118803E
:10A110004061100A02270000969390449AB288A9E1
:10A12000A5A897B3E026E80BA5A897B340109880A0
:10A130004060900AA468964B90249A713C53F5397C
:10A14000CD034E82001695614062CC009603AC3080
:10A1500040024800940140604C0096DB88A9969329
:10A160008809964B8C81ACF09720ACA8AC40500885
:10A170000001550000FF48FFFF6C4E820008840478
:10A1800058840010EAAB3E800E845EF88259E906DE
:10A1900044000BB83C0BF539EA5DEA763C0BF5263A
:10A1A0003C03F5394E0202958E013C0BF539EA5D10
:10A1B0005A000804480000F4FE5484004091040949
:10A1C00090218200826044C323F044D3258044E37D
:10A1D0002A3044832BC044A2181044B21B30E181C2
:10A1E0002F200E844EF200924028247796D84028E3
:10A1F0000408CB02961040313000A4D841118011E0
:10A2000040313400A598403138008848A518A49002
:10A21000E1F197B397239693E8043C0BF5298271FB
:10A22000E1E6E806403024003C3BF52982664F23F6
:10A23000005141400408403A2800A558976BE1A519
:10A24000E80FA558A4D8976B96DB41189480405826
:10A25000900A4111900A4032C401411180114030EE
:10A26000240094D94051A800A5E897FBE0C7E80D69
:10A27000A5E8A56897FB40631C80976B4073100AA4
:10A280004062900A9BBE97B3407A2C00A578976BEA
:10A29000E085E80DA578A5F8976B4042148097FB00
:10A2A0004052100A4043900A9B2C97234051AC0027
:10A2B000A4E896DBE043E80DA4E8A56896DB40211E
:10A2C0000C80976B4031100A4022900A9A9A96931C
:10A2D0003C33F52CCB034F22001395414032A800AC
:10A2E000131180004030240094D94071A80088AB3D
:10A2F000886B8C01ADB89600AD28AC985028000151
:10A30000550100FF48FFFF6D4F2200125929002020
:10A3100084045CF90030EAAB3F200E84E90884072E
:10A32000EA6084003E000E848405EAAB5EF982593F
:10A33000E90644000BB83C0BF52CD50AEA763C0B39
:10A34000F5293C03F52CC0048E013C0BF52CEAD515
:10A350004E0301BFEABE4E0301BC5EF987D1E91B83
:10A360002E07E784C8142E100E64C90784013E002E
:10A370000E643E07E9B8D5053E000E643E07E9B815
:10A3800084013E07ED468407EA60EA5D8E013E07E0
:10A39000E784EA5D84013E07E784EA5D4E0300F34B
:10A3A000FFDC4041840990E18020449320D044A305
:10A3B000226044B3271044C328A045234C104533E2
:10A3C0004F30E027E82C4020907796D89489CB0234
:10A3D000961040312400A4D88C21411180114031C5
:10A3E0002800A4D896484101801140312C00A5983E
:10A3F000884C94C1A5504021C800131100009884D6
:10A4000094914111480097B3976B887388538C01DE
:10A41000130880009600AD98AD50D5D4EAAAEBE3BE
:10A420004EF301575A00A0095A00A10B4462A1EA59
:10A4300044129ECAD50844634F30EB7CD504446275
:10A4400019A0EB782E07E9CAE602E82D3C0DFAD9EF
:10A450005CF01388E90584003C0FFAD9D5048C011F
:10A460003C0FFAD9EA2AEAC4DD488026EA2A4403E6
:10A470007578DD48441000C144037572AC40EB228E
:10A48000A400441375749603AC08EB21A400441394
:10A4900075769603AC08442373E8EB7CEA228402C9
:10A4A000EA5AEA5D9E82E642E822EA2AEB72DD4839
:10A4B0008026EA2A44037BB8DD48441000C24403E6
:10A4C0007BB2AC40EB22A40044137BB49603AC08EF
:10A4D000EB21A40044137BB69603AC0844237578A3
:10A4E00044134DA0EA228402EA5AEA5D9E84E642C1
:10A4F000E823EA2A44038068DD488026EA2A4403E8
:10A5000081F8DD48441000C3440381F2AC40EB22E3
:10A51000A400441381F49603AC08EB21A400441377
:10A5200081F69603AC084423770844134F30EA229F
:10A530008402EA5AEA5D8E06E6024EF200CAEA2A70
:10A54000440386A8DD488026EA2A44038838DD488B
:10A55000441000C444038832AC40EB22A4004413EE
:10A5600088349603AC08EB21A40044138836960384
:10A57000AC0844237898441350C0EA228402EA5A73
:10A58000EA5D5A000103EA5DFE548460405104090B
:10A5900090218043449323F044A3258044B32A3080
:10A5A00044C32BC045234DA0453350C0E041E82CA7
:10A5B0004001149797209411CC0296C0404024008B
:10A5C000A5208C414112001140402800A520969002
:10A5D0004102001140402C00A5E0880C9519A5808F
:10A5E0004002480013100000981D940141104800DB
:10A5F00097FB97B3889388138C611308800096D8D3
:10A60000ADE0AD80D5D4EAAAEBE3E9625A00A00937
:10A610005A00A10C4462A37A4412A05AD50944639B
:10A6200050C044134DA0D50444621B30EBD92E0713
:10A63000E9CAE602E812DD5C44037708DD488026BB
:10A64000DD5C44037898DD484413525044237A2853
:10A65000EA228402EA5AD53C9E82E642E812DD5C98
:10A6600044037D48DD488026DD5C44037ED8DD4818
:10A67000441353E044237BB8EA228402EA5AD528E3
:10A680009E84E642E812DD5C44038388DD48802630
:10A69000DD5C44038518DD484413557044237D4830
:10A6A000EA228402EA5AD5148E06E602E811DD5C3D
:10A6B000440389C8DD488026DD5C44038B58DD48AF
:10A6C00084024413570044237ED8EA22EA5AFCE06D
:10A6D00084004412E2148060383081098C014422E5
:10A6E000E2145A08C0FB8400806098508C0212303B
:10A6F00080C85A0990FCFC2084803C6DFAB93D1C4E
:10A7000001DF80A484E34500064041289000401208
:10A71000A009023900005402801F944D96DB882066
:10A720005A6801093931050190618873383105098A
:10A73000D5083931050140319C76887338310509D7
:10A740004012940940300C09940A02190000880351
:10A75000964B500000C85A68010938310101902118
:10A76000882338110109D50738310101EAE6882329
:10A77000381101098CA197698C824C587FC8FCA0C4
:10A78000FC662EA7262280C02E8726452E972644BB
:10A790002EB72623C82584E1F826806A808880A702
:10A7A000F80744035890EB7844229ECAEA71B75FD9
:10A7B000F78114AF8002F683F684F685F686F78774
:10A7C000F688F689F68A83FF44035BB0441219A029
:10A7D0004422A1EA806A808880A7EA71FCE65A08D0
:10A7E000012684E0490023EE44035A20EBD9442299
:10A7F000A05A8069808B80A6F802EA71B73FF68183
:10A80000149F8002F783F784F785F786F687F78829
:10A81000F789F78A83FF44035D4044121B304422CA
:10A82000A37A8069808B80A6EA71FCE6FC2080C058
:10A83000C81744129ECAEA2A4402A50ADD48EA2A39
:10A840004402A82A4412A1EADD4884E34452A50A3E
:10A85000443D5AF64442E2144422A68AD51C4412CE
:10A86000A05ADD5C4402A69ADD484402A9BA44120B
:10A87000A37ADD5CDD485A6001044800012144529E
:10A88000A69A443D5AF64442E21484E34422A82A9C
:10A890004800006B982B38120011A4284462E2147F
:10A8A0009603E020E908EA37C802EAE6A4288A010C
:10A8B0009603AC288CA2DAEF84814402A50A4432C4
:10A8C000DC2080A48420EB44F8F384003C0FFACA17
:10A8D0003C4C019C8060EB0A98A0C10CA450964BA4
:10A8E0005EF080338420E905A4505010FFCE964BD3
:10A8F000AC50A4508C02964B88615A0840EE8440BC
:10A900003C3FFACA4402E05080628421F86EEB4476
:10A910008400EB57F8D284004412E050F86F8400B2
:10A920003E07EA1384003C5C019C8020804099280B
:10A93000A4E096DB4E37000BA4E08C4196DB5EF181
:10A9400081F59690E9038C2196488C025A0840F1D3
:10A95000E6454EF30074E6254EF3007184013E0790
:10A96000EA134800006C982B38120011A4284462A6
:10A97000E2149603E020E908EA37C802EAE6A428D0
:10A980008A019603AC288CA2DAEF84214402A69AAD
:10A990004432DC20808180A1EB44F88A84003C0FA3
:10A9A000FAD63C4C019D806080A02E20130D98604B
:10A9B000C20FA48896934E27000CA48850217FCE06
:10A9C0009693AC88A48896934E240003AD48A4487F
:10A9D0008C02964B88615A0864EA842180413C3F8E
:10A9E000FAD64402E050846049FFDA9FEB448401C8
:10A9F000EB57F86384014412E05049FFDBF3840015
:10AA00003C5C019D802080409928A4E096DB4E3775
:10AA1000000BA4E08C4196DB5EF181F59690E90392
:10AA20008C2196488C025A0864F1E645E927E62510
:10AA3000E92584013E07EA13D5214452A82A444D52
:10AA400057D684604422A9AA80253800900538137F
:10AA500004119603E020E902ACE88CA2DAF6842027
:10AA600080814402A82AEB0F4432DBA884A1F8209D
:10AA70008400EBDAEB0FF821D5224452A9BA444DF9
:10AA800057D684604422AB4A80253800900538139D
:10AA900004119603E020E902ACE88CA2DAF68421E6
:10AAA0004402A9BAEB0F80A14432DBA8848049FF9D
:10AAB000DE5A8401EBDAEB0F49FFDBF8FCA0FC0067
:10AAC0004432C3CB4402DC20EBDAEB0149003F33D4
:10AAD000EA57EB572E27E9EB49005D5DEA57EB5744
:10AAE000EB448461F805EB0F8460EBDAEA5749FF29
:10AAF000B8A4EA574900441F2E17DBD1EA57490092
:10AB00005FF5EA5749005155EA574900445AEA5758
:10AB100049005533EAA6C0035A08050D84013E00DA
:10AB2000130E3E00130D84003C080989841F3E006B
:10AB300013092E0013095A00FF0684003E00134437
:10AB4000D50484013E001344EA572E17DBD1490097
:10AB500060CA8401FC80FC002E07E9D5C803EA3AEC
:10AB6000D5068401EA3A84003E07E9D5DD585A0843
:10AB7000120AEA72842FEA8D5A080105840FEA4608
:10AB8000EA5FDD4C8421AE40EA9A5A080108DD40B4
:10AB9000A6015A080A0449001451FC80DD9EDD9E7E
:10ABA000FC002E07E9F0C8422E67E9B35A68010C91
:10ABB000EAD9C809490055A8C8062E07ED27C803D9
:10ABC0003E67EA2BEA63C81EEAD9C81C2E07EA2BA7
:10ABD000C8192E07E9B35A000116490006575A084A
:10ABE0000208FA02DD4184013E07EA2BD50B44023C
:10ABF000E5343C1393864422C3FC49000E0B5A00F3
:10AC000002F2DD40A6412E07EA2B5A1006045A181C
:10AC10000B105A0001092E07ED765A0001052E0788
:10AC2000EA1CC0048401EA47EA808401D5245A0062
:10AC3000010A2E07ED765A0001062E07EA075A0888
:10AC400001F6DD44DD43AE40DD56A608C0FF8400BA
:10AC50003E07EA2B3E07ED768401EB99DD585A0852
:10AC6000120AEA728425EA8D5A0801058405EA462B
:10AC7000EA5F8402FC80FC00EA385A08010A4402B8
:10AC80000400501000285020005049002EBCDD4028
:10AC9000EBB02E27EA282E37E9F22E47E9CD49FFFF
:10ACA000EC37EA9A5A080107EBA75A080104490051
:10ACB0000B38FC80FC2084C02E07E9EEE2C0E835AA
:10ACC0003C0C00C395F138501901DE2D3C0C00C638
:10ACD0004422D89098473C0C00C5A6493C3003ACB0
:10ACE0003800191149FFD4993C1C00C38827A48857
:10ACF000FE17AC08800649FFD4A33C1C00C388E1C2
:10AD0000A478FE0FAC383C0C00C5381019013C0388
:10AD10009746E220E8082E07E9CD5A00FF058C018E
:10AD20003E07E9CD8CC1D5C9FCA0FC00DD40A601E1
:10AD30005A000305F83DE603E906DD585A0005040C
:10AD40005A08120A84003E07EB743E07EB753E0773
:10AD5000EB76D5363C0DFAEB5A0801088400EBAED1
:10AD60004402C550490054C74402E5684412C56016
:10AD7000490057DE3E07EB76F81B5A0803078400AC
:10AD80003E07EB743E07EB75490054D080C05A086B
:10AD90000110F80E5A0803078006EB964400006184
:10ADA000DD41F8065A08040D8401EB96D5094900E7
:10ADB00054BA5A0803068400EA2E8401EA80FC8013
:10ADC000FC20EA6F5A0801064402C3908422EB0E6D
:10ADD0002E0726C25A080108EA6CEBB04422DCE8D0
:10ADE00049000B504402E13849FFE011EA9A5A0841
:10ADF0000109EBA75A0801064402E13849000AABF1
:10AE0000EA6C4412C4BC442200008460848549FF7B
:10AE1000D53DDD585A08120AEA728423EA8D5A0891
:10AE200001058403EA46EA5F2E0726C25A08010A92
:10AE3000EBB15A080107EB5CC004EA6C49000CDC7A
:10AE40008400441201D03E07EA0E502080144402D0
:10AE5000C730490004B1EB5CC8074402C730441254
:10AE6000E144490004C3EB5C4E02006D84003E07E0
:10AE7000E9F5DD585A08120AEA728424EA8D5A0864
:10AE800001058404EA46EA5FEA385A0001062E0703
:10AE900026C25A0801064402019C49002FCA8400B8
:10AEA0003E07ED2AEB253C0C01DE3C2003AC44328E
:10AEB000C3CE8481EAD3EABEC8222E0726C15A082F
:10AEC0000111EA86B40096045A0001083C0DFABF4D
:10AED000A60096045A080106EB6FC007EAD0C00529
:10AEE0002E07EA425A08010CEB1D4412E1444422A9
:10AEF000C3CE490003253E07ED52D50684003E0728
:10AF0000ED52490002BC49FFFED72E0726D45A084D
:10AF1000022ADD4BA600C8102E07ED27E602E90C39
:10AF2000EB1DEBA84422C3CE4432E74C4442C40894
:10AF3000490007CAD51784003E07ED78490005FA95
:10AF4000D511EA635A080106490002833E07ED5213
:10AF5000490005F084003E07ED783E07E9EE3E0724
:10AF6000E9CDEA6F5A0801064402C3908423EB0E30
:10AF70002E17E9EEEAD93E07ED27C9043E17EA2865
:10AF8000D508EB1D4422E74C4432C40849003E1268
:10AF9000DD465A080211DD4BA600C80D2E37EA28FF
:10AFA000E664E809EB1DEBA82E27E9EE4442E74CE6
:10AFB00049003F332E57EA28C53E2E2726522E370A
:10AFC0002653924192614402E74C8420E225E80B2B
:10AFD000A5008C218882AD00A5018C0888831240D1
:10AFE0007FFDD5F58400EA2EEB403E07EA1C3E07C4
:10AFF000ED33DD40A6015A080317DD5E5A0804113F
:10B00000EA91C805DD588E04E602E9052E07EA0636
:10B010005A0801078404EA48D5655A080464840084
:10B02000EA48D5605A080A5FDD5E5A0805F88401CF
:10B03000EA48D558EA63C8562E17ED423E07E9EEB6
:10B040003E07EA28EBA23C0FFB5A5A1001093C0DBF
:10B05000FB574420EA60E240E9038C01EA2E3C0DF4
:10B06000FB584420EA60E240E90D3C23F69E3C3365
:10B07000F54BE262E802C1048C01EB40D5033C1FB2
:10B08000FB58EA915A08010F84203C1FFB572E17EA
:10B09000ED33EA475CF08032E80A8C213E17ED334D
:10B0A000D50684203E17E9DF3E17ED332E1726BC68
:10B0B0005A180119DD52A6495A1003045A180A13E6
:10B0C0002E17ED345A1801093C1DFB58E622E804FE
:10B0D000C8033E07ED348400EB0549002D79840157
:10B0E000EB05DD5B5A08020749005311C0038400D9
:10B0F000EA2E49FFFD575A080204480000E5EA63BA
:10B100005A0801058400EA2EEB4049FFFDB64402CF
:10B11000E74C2E17EA284422EDC04432DCE849000F
:10B120005640DD585A08120AEA728426EA8D5A08F7
:10B1300001058406EA46EA5FDD46C009EA82EB259E
:10B140003C2C01DE3C3003AC49FFE4CEEAD9C00719
:10B15000EA82EB254422E144490002DCEA6F5A0806
:10B1600001064402C3908424EB0E2E0726CB5A001E
:10B1700001072E272629EA828420D510EA82EB25B2
:10B180003C2C01DE49FFB8FCD50BB460C305A4C25A
:10B19000ACC6A4C3ACC78C21EACFE222E9F7EA63CC
:10B1A000C806EA822E1729F149005B97EA82490016
:10B1B0004912DD585A08120AEA728427EA8D5A08A1
:10B1C00001058407EA46EA5FEA8249FFE40EEA9A4B
:10B1D0005A080116EBA75A080113EB1D4412EDC0E3
:10B1E0002E27EA284432C49C490006EA4900089602
:10B1F0005A0801064402C7304900111484203C1F3C
:10B20000FB4E2E6726293C7C00C5EA8280618601C0
:10B210004510FFFFE266E835B440C226EBC212409B
:10B22000000A044000091300000BE22440123C1BFA
:10B230005A2003255A2005230220001E0240001F29
:10B24000E282E8031220001F1220001DA087025096
:10B250000020382389011220001E4C5880108CA138
:10B2600012500020D50B1220000A1220001D1220BF
:10B27000001E1220001F122000208C61EACFD5CBC7
:10B280003C1FFB4E49FFEA17EAA69E41E622E9066B
:10B290005A00040549FFFD4BD504DD465A0802FC5F
:10B2A0002E6726BC5A680112EB0CC810DD5B5A08E9
:10B2B000010EDD40A6015A00060A5A000B0849009B
:10B2C00032AED50480C0D50284C18006FCA0FC004B
:10B2D000EBF080C0840CDD50DD44DD43AE408409DA
:10B2E000441000A1DD4749FFEB268409441000A269
:10B2F000DD47DD40A6415A100D0B2E17ED6CC90736
:10B300004412C4084422C730490035EC8409441073
:10B3100000A3DD472E07E9C85A08010BDD44DD43D1
:10B32000AE408401EB59C0FE84024800008B8409C2
:10B33000441000A4DD474402FEF2A600C007DD4031
:10B34000A6415A18030449FFC7898409EBABDD47BE
:10B350002E07EA215A08010C4402C401EB1FEADB64
:10B360003C3DFABF3C4DFABD49FFCBAF840C001306
:10B370000050DD47840D00130051DD47840E00139B
:10B380000052DD473C0DFAFEC035840B44100087A7
:10B39000DD478400EAD73C0FFAFEEAEE5A08550E64
:10B3A000EBE9DD524422C3B43C3DFAB64442C54801
:10B3B00049FFCD52EAEAD503EA31EB06DD5849FFF1
:10B3C000C8BB96003E07E9C25A00033C5A08021364
:10B3D000DD44DD43AE40DD56A608C0FFDD465A0021
:10B3E00002A5DD44DD43AE408401EB59C0FE48FFB9
:10B3F000FF9D8409441000A6DD47DD56A6085A08C3
:10B400000206DD4CA6005A000205EB795A08010F2E
:10B410008401AE08DD5AAE08DD465A0002048400FD
:10B42000EB9FDD46C80349FFF12BDD40A6015A0022
:10B430000B0449FFEE3F8409441000A7DD47840157
:10B44000FC803C0FFB19DD9E3C0FFB18DD9E2E0798
:10B45000EFA2C0038E01EAEFEAA69E41E622E903CD
:10B460005A080404FA08EAEF2E07EFA2C802EB0D0F
:10B470003E07EFA02E07EFA1DD9E841F3C0FF9E2EF
:10B480008400EAEFEB0D3E07ED28DD9EFC20A612BE
:10B49000C0038E01AE123D0DFB18A7530008000338
:10B4A0008E01D0038CA1AF53A610C0038E01AE1045
:10B4B00000080002A7518E01D0038CA1AF51840077
:10B4C000A790012100018080E3C6E924A7D20131C1
:10B4D0000003E3E7E91D0058000281E642F394739C
:10B4E000051080054058BC200312800041188011CF
:10B4F000E5BAE90C0312800002F2800041188011C5
:10B50000EB47E08F8811E802A5288CE1D5E38CC1D8
:10B51000D5DCC406441001F4FE0C400010173C1D9D
:10B52000FB19A688441003E8FE549649E220E80679
:10B5300084414412EC9838208C08FCA0FC612E3722
:10B54000ED285A38010C2E47EFA2C40884008E81E2
:10B55000AE103E47EFA2480000BA847F3C3FF9E2BC
:10B560003C3DFB19A7185CF20042E904444000414D
:10B57000AF18A7D82E37E749C306443003E8FFDCED
:10B5800097F9D50344703E80A7908162C6478460D6
:10B590003C2DF9E280A3E0A6E80FA1013842150195
:10B5A000DC09A10238421501E2644022BC1B403292
:10B5B0003C1B8CA1D5F13C3BF530A0C53C2FF9E2FA
:10B5C000402188403A210800B0C13A218820003F3C
:10B5D0008004005F8005004F8007989D006F800603
:10B5E0009041409100108CA198A68C819AEB9BA66B
:10B5F00097B197194430006442C30C249041FEE493
:10B6000040A1001040261056406198D640C100135A
:10B610008460B08197B1F8A7D505855F8186812ABE
:10B6200080065014FFFC9648E638E9064E95000562
:10B630005CF60079E80C50157FFC96485CF0802A97
:10B64000E9084EA500075CF30079E90344707D002A
:10B65000E2E03E97EA41E9112E07EFA15A080109FD
:10B6600000058000C0053C03F530E61FE8062E0704
:10B67000EA4284205A08010C84003E07EA42840111
:10B68000EB0D3C0DFB198421A601EAEF2E07EFA27A
:10B69000C00B5A1801053E17EFA1D5068E01960082
:10B6A000EAEFC802EB0DEAA69E41E622E9035A083A
:10B6B00004048401EB0D2E37EFA15A3801048400F5
:10B6C000EADE2E07EFA23E07EFA08003FCE1FC209C
:10B6D000EBFB42010C734432EC9838518800EBC20A
:10B6E000007000355A500104FAA9D502FAB1EB55A1
:10B6F000FFBCFF64E0C5E809A147A00AEBA5E6107E
:10B70000E904FF3C8401CC02840038018808FCA0D5
:10B71000FC6284C0B61F84008121F2813E07ED29BE
:10B72000B4FF44B2EC988106B48754A300FF6602CC
:10B7300000045A08013E2E07ED285A0001043885FE
:10B7400098085A4005135A4003110203800E04144E
:10B750008005EA4DEB5EB0433A008020F10180099C
:10B76000B083806A49FFFE94B41F8029804A49FF54
:10B77000FFB0380598005A08010D8420B6273E070F
:10B78000ED293E07ED283C0DFB19A601EAEFD50691
:10B790008CC15073804C5A680AC92E07ED285A088C
:10B7A000010A2E07ED29C8063E07ED28FCE2CCCCA5
:10B7B000D5DCFCE2FC002E17ED5080022E272E92E5
:10B7C0005A1801073C13F7F0C103442000782E17E4
:10B7D000ED6C5A180103A6843C0C01DEEB254432C3
:10B7E000C3EE8480EAD3FC80DD402E4726DEA6012E
:10B7F0005A0006049721D5032E4726E02E07EA11AA
:10B800002E2726E5E202E8068C013C4393733E07AF
:10B81000EA112E27E9F52E0726E42E3726DDE24031
:10B82000E92F2E07E9F65A080130FC2040000C0CE5
:10B830008A04960184E0EB37E2E2E821A18AB44170
:10B8400094F988C388430303000004508014A49033
:10B8500088A3FEA4A4E8422040738CE188432E37DD
:10B8600026DD40310C0D96D9ACF0A4F02E6726DD14
:10B870004031980C8A439691ACA8D5DEFCA08C414F
:10B880003E27E9F5DD9EDD9E2E1726C75A100104DE
:10B890008401DD9EEB5CC84244326EB880803C136C
:10B8A000932AE201E820EBA840108020A4883C13F2
:10B8B00093769693FE4AE041E8119883A6508C2136
:10B8C0009648AE50A6903C139371E241E9093C13AF
:10B8D000F5348C213C1BF534D5039843AF088C011B
:10B8E0009601D5DE3C03F5343C139377E220E8D192
:10B8F00084203C1BF534840044326EB8EB37E202FE
:10B90000E80698838C01AE509601D5F92E07ED70AC
:10B910008C013E07ED708402DD9E84003C0BF53403
:10B920008001DD9EFC2082208201FD208401842094
:10B930009AA0E2829BA94C67801B98A0E24498E9F8
:10B94000886F924140210FE4926142F18824426164
:10B95000086940F3BC2080EFE38FE9074C7840048E
:10B96000E3A6E903FD01D5E5FD21D5E3E642E8E6DE
:10B97000FCA0FC4080804201802442620869EB2ADE
:10B9800080A1880780E0FE37C80ACB03E642E9229F
:10B99000EB554202186942129873D50B45000064BA
:10B9A0004E760004CF0AC609420240694212C073B3
:10B9B000EA2DF80984E1D511420140694211C073B2
:10B9C000FD12EA2D421000034030FC0A83FF84FF81
:10B9D000D50484E14410166284C08481445194A04B
:10B9E00041019807382291014F0300064C61C01CA9
:10B9F000E222E8199FA1440194A03840190185234F
:10BA00009A0CE2208A6F420480698A4442148C7343
:10BA1000EBD4EA2D420324735A70010450007FA630
:10BA20009602FCC084005A7801044400005A8C81BC
:10BA30005A481FDAFCC0FC204440271080C0FE6436
:10BA40002200002840208856FE2422130050223372
:10BA50000000EAC6E022E85140F00DF6E04FE84F62
:10BA600044500078FA788024991D4002040A5CF062
:10BA70000051E904524000A0D50480805A002805F6
:10BA800052700078D5034470005038431111387358
:10BA90001D11FF0C40421C96E044E8039F41D50471
:10BAA000E082E8309CC1E0A3E8E04C01800380A381
:10BAB0005CF28051E904521280A0D50280255072B8
:10BAC00080285CF38051E9035272807838130511A5
:10BAD00044302710FECC38131D118A824031847601
:10BAE0009A9A42420003EAC3E082E90CE044E90981
:10BAF000E2054002BC1AFCA0FA18FCA0EAC2FCA0B5
:10BB00008005FCA05CF00051E905523000A0B66150
:10BB1000D502B60150107FD85CF08051E905520083
:10BB200000C8B602DD9EB622DD9E3C0FFBE9DD9E1D
:10BB30004402F2348420AE42AE43AE46AE47DD9EB0
:10BB4000FC6D8140440194E03B0044004607FFFF48
:10BB500084C051CF806050000FFF3B0E44208121F4
:10BB6000F287F68F81A680A6510F805845E00056D7
:10BB700045900064F08DA618E2A04EF2010704047F
:10BB80008001EBA54C02C0FF040480054000144076
:10BB9000A640F181A68200E0000301400001F0010F
:10BBA000401708018A148801EB3AE4034EF200EBD7
:10BBB00045507FFF40F708064EF300E5F70140FAD5
:10BBC0001C064EF300DD2F372622B409F082420115
:10BBD0004C24F402984794494122040001190001C1
:10BBE00054F880044EF300C9044480010119000098
:10BBF000F48338B245014CB2C0C0882A236080006B
:10BC00004F6700BBC20B51117FFF80874248CC7346
:10BC10003915110113180000D50313580000C70B84
:10BC2000822743114C73F40D89A43915450113186B
:10BC30000001D5031358000150F9FFFFE2EFE806B9
:10BC40000310800113180002D503135800022F17A8
:10BC500026238FA1E251E8094113CC008811380551
:10BC6000010112080003D503135800039F39420B4A
:10BC70007824F4899D11F48A9D3940006416F48B70
:10BC80009F11F08854B580FF8400F48C391E0100A8
:10BC900004CF800838484511F484E08CE866411EE2
:10BCA00000200118800138484511F485E08CE85DDA
:10BCB0005A00020E5A00030F5A00010504CF8009F2
:10BCC000D50304CF800B048F800CD50804CF8009E6
:10BCD000D50304CF800B048F800A822C43144C734D
:10BCE000F40241188408889101220001F486552944
:10BCF0000004552900FF4F23003989AA23888000BA
:10BD0000F404437C7824417BE6F6E097E82EF405C2
:10BD1000E097E82BF40600F20000F40338F23D004F
:10BD20004CB7C02440FC5807B010E90C3870190912
:10BD3000B01238201909F80B396019091320800056
:10BD4000D50F38C01909B01238801909B00F38B0B2
:10BD50001808B01483FF3980190913288000E6C43D
:10BD6000E8088CC197B0D5058C015A080491D50418
:10BD7000804E80F485A18CE148FFFF238C4148FF71
:10BD8000FF1B8CA148FFFEF95AD001044800007F38
:10BD9000808DF207800A8029EAD384404717FFFF8D
:10BDA00080E2808250CF804850DF8040508F8050AA
:10BDB00051188FFF85C2E286E86438069101385633
:10BDC00011012E17262280604232847382C08023A4
:10BDD00038341101383505092F2726229E69436022
:10BDE000C873826580628560441000FF51528001F3
:10BDF00051707FFF518000015029FFFF40FA8806F3
:10BE0000E9294025D800860041414400402BC0006C
:10BE100040FC0806E91C04F48000402A400040274A
:10BE2000882000F100015AF8021101910000B08F42
:10BE300038F110004CFCC0058CE197F8D5065A1873
:10BE4000FF0380399C9996D08D81D5E18DE189726F
:10BE5000D5D4804380604232C873B58940380C2005
:10BE600010E18001EB38E2E242028C73B4694001D8
:10BE70008020E904B04F38109000AE408C81D59CF2
:10BE800084013E07ED788401FCED2E07ED2A5A0867
:10BE900001192E4727B44422018C8420445000739A
:10BEA000E224E80AA6108C218C0A960042001401B4
:10BEB00018010001D5F6800A8029F2078481EAD3AF
:10BEC0008400FCEDFC20848080C0A7D0800480A486
:10BED0004502C988E2A7E816A0F1383195014C3235
:10BEE000C0100513000296E839189501383810087B
:10BEF0008C81E7A697204001BC1AE68CE8038CA150
:10BF0000D5EA2E57ED27A0F2E6A238018101E90F0C
:10BF1000E683E80D8C81DC0B8E06E612E808806271
:10BF200080013C2003AC802649FFFE0CFCA0FC01F4
:10BF3000F081F80740000009F0019E41F181C8FB43
:10BF4000DD43DD44AE4083FFFC81FC02F081F00163
:10BF5000441003E8FE0C50107C5E4603A19650008E
:10BF60000B1F4200806940009409F083F001C80271
:10BF7000D509EA33F0039E41F183C8FCDD43DD447B
:10BF8000AE40FC82FC02F0818400F083D50ADD43E0
:10BF9000DD44AE40440003E8EA3DF0038C01F08349
:10BFA000F103F001E220E9F4FC823C0FFBF1DD9E9D
:10BFB0003C0FFBF0DD9E3C0FFBEFDD9EFC4084E080
:10BFC0003C2DFBF180C1808780A7862504F300000B
:10BFD000E81250F7FFFC5CF78002E90D052300072B
:10BFE0000500000238F8490101210006E3CFE8030B
:10BFF00011118002B58651287FFFE7C2E9035B0873
:10C0000004058C81972080E58CA197685063004CD3
:10C010005A580ADE2F17EFDBCC0684008420AE1AB4
:10C0200080A1D51FA61A5A00051B5A4801145008B2
:10C03000FFFFE602E8042E57EFDADFF04400004C81
:10C040004213807384012250800422108005AE1AAE
:10C05000D50884038420AE1A80A1D503842080A152
:10C06000A61A5A0801263C6DFBEFA7B35A680121B6
:10C070003D2DFBF00269000951337FFF0269000288
:10C0800050937FFF84C241099A164302A47340581B
:10C090004CB70309000A032900038F818FC1406850
:10C0A00018D64260C873976B40134037964BE7A58C
:10C0B000E81844F0BEC03917C40040F8BC00DD0FDA
:10C0C000060C0C161C005A08010BD5105A00010C66
:10C0D000C80C8403D50BE602E808D503C806D506CC
:10C0E0008400D5048402D50284043E07EFDB8E0170
:10C0F000E60484C04EF2008C44F0BF04EB20EA2B2F
:10C100004A003C0008003400500002018400446FE3
:10C11000FFAA3C0BF7EC3E67E78C3C5BF7EA3C1B65
:10C12000F7EB3C5BF7E83C1BF7E93E07EFCE3E77C9
:10C13000EFDA3E07EFCCD56D2E07EFCE0261001A85
:10C14000E206E8048C013E07EFCE3C5BF7E83C1BBF
:10C15000F7E9D55F2E07EFCF5A0801262E17EFCE4D
:10C160000201001AE220E81F2E17EFCD0201001B8A
:10C17000E220E8192E07EFCCC8163CF7F7E43C079D
:10C18000F7E8021100198A0FEB3AE001E80C3CF7DE
:10C19000F7E53C07F7E98A0FEB3AE001E80484038E
:10C1A0003E07E78C2E17E78C84003E07EFCD5A1030
:10C1B00003313E07EFCF2E07EFCCC82B3C07F7E942
:10C1C0000211001EE001E91D0211001FE020E91923
:10C1D0003C17F7E80251001CE025E9130251001D4D
:10C1E000E0A1E90F2E67EFCE0251001AE2C5E81177
:10C1F00084A13E57EFCF3C1BF7E43C0BF7E5D50994
:10C200008402AE1AD5063E67EFCFD5033E67EFDB5B
:10C2100084003E07EFDC3C03F7ECCC052E17ED5213
:10C220005A180111A454E201E8058C013C0BF7EC0B
:10C23000D52284013E07EFDC8404AE1A3E07EFDB13
:10C24000D51A2E17EFCF5A18010E2E17EFCD025127
:10C25000001BE225E8058C213E17EFCDD5033E47B4
:10C26000EFCFA454E201E904EA3C3E07E78C8400E6
:10C270003C0BF7EC2E27E78C5CF10020E8208C4C7F
:10C2800096908401E65EAE18AE998401E904FA2E18
:10C29000F803D504802249004A3D8403EB968400CC
:10C2A0003E07EFDBEA3C3E07E78C44000060DD41DF
:10C2B0002E07EFB88C013E07EFB8D5038400AE1807
:10C2C0003C0DFBF13C1DFB57A404E220E904840073
:10C2D0003E07ED6CFCC0FC0084004412C49C442F5B
:10C2E000FFAAAE08AE0AAE8984203E27E78C3E073F
:10C2F000EFDB3C1BF7EC3E17EFDC3E07EFCF3E07D2
:10C30000EFCE3E07EFCD3E07EFDA3E07EFCCFC80E5
:10C310003C0DFBF1A404DD9E2E07EFDCDD9E2E1705
:10C32000262984004432000084819680E241E80698
:10C330009883104103EC8C01D5F9EA86B400EA42F7
:10C340005A080106440000B4EB6ADD9EEAC2EB6ABB
:10C35000DD9E3C139404AC40DD9EFC60A612C0033D
:10C360008E01AE12A6135A0031048C01AE13A61032
:10C37000C0038E01AE10A6115A001F048C01AE112D
:10C38000009100010131000301010000A692503428
:10C390008001507980018A708AE284C096D897F82B
:10C3A00042B38C24823080868006E331E9218242C8
:10C3B000E3F2E91C04A080054058C8A040551420B1
:10C3C000F8095EF78024E91002A2800040A5001160
:10C3D000888A02A2800040F5001183FFE00FE80286
:10C3E000A4288CC197B18DC1D5E48DA1D5DFC0063D
:10C3F000445001F4FF2C4042009744500064FFACCD
:10C4000040F32DF65EF78026E838E669E936E6E97E
:10C41000E9342E07ED27E603E8305CF21F41E92DF1
:10C4200088534004C00090414030040A9415A10D87
:10C430009858F8059C59F8029E598820401204200B
:10C44000A448964B5EF08023E81883FF501000202C
:10C4500088234E00FFF550107FE09819400200201D
:10C46000A40096035EF00023E902FCE0EAD0C805D0
:10C4700084013E07EA42FCE0FCE03C0FFB1BDD9E32
:10C48000FC632E37274E5A3803068400AE08480056
:10C4900001B22E37ED275A3801122E37E9EE5A38FD
:10C4A000020E3C3C00C680830852000200D180018D
:10C4B00000E2000100918002D506449000FF80A9AF
:10C4C00081C981A984602E4727B4EB948203979891
:10C4D000E2C4E806999F1103018C8C61D5F9503FA5
:10C4E0008013848080C2814181808022A005FA531C
:10C4F000B6BFEAD38440010F8013824281028222B8
:10C500008062808284FFB4BF9610E210E81E05337B
:10C51000000196513939890194114D30C015A0722E
:10C5200038108901E281E80BA0F480818803A6C15C
:10C5300001100000A03380E203200000500400013D
:10C54000548000FF8C41D5E18400F5833E07EA4228
:10C550005A77FF35A03540B38808152F8002151F84
:10C560008001B67F880BEB5EB0453A008020B08535
:10C570008006802C49FFFEF3A036B47F39001E02EE
:10C58000A037051F800138401E0204030008052F54
:10C59000800238001E02F5034E0200D53C2DFB1B25
:10C5A00000110032421804244100821700110033A8
:10C5B000FF0C40420097480000C884803E07EFE52A
:10C5C0003E07EFF082045CF90078E90C5A77FF0B24
:10C5D0002E07EFE45CF000C8E8058C013E07EFE4AD
:10C5E000D50984003E07EFE4841F3E07EFE33E07D2
:10C5F000EFE22E07EFE45A08010C5CF8802EE90800
:10C600009E5CE639E8053E37EFE33F17EFE22E1771
:10C61000EFE35A10FF1F2E27EFE25A20FF1BE6140C
:10C62000E8188A51EAC3E442E914000F8013E602D5
:10C63000E910DD4BA6C0CB0DEBED5A18010B440001
:10C6400001E0E7053C0BF7F910150000E84AD509B1
:10C650003C03F7F0C008E705E8038E01D50284002B
:10C660003C0BF7F05A7FFF0584008060D534A0B5FD
:10C6700040711C4084C0A67A012380033D1DFB1B32
:10C6800080068066E3C1E91CA6B801338001E3E2BD
:10C69000E9150058800281224290947380A9049683
:10C6A000000540549420A568976B5EF28023E9044E
:10C6B000886288018CC18C41D5EB8C21D5E4C6D52C
:10C6C0000058803200288033FF5CFE844032987727
:10C6D00040011817001500005A100107EBACD505F2
:10C6E0005A7FFFC78003EAAD2E27EFE5E646E9054E
:10C6F00044238D40A690C20B40380C0142F18003C8
:10C70000E22FE9059A20EBBAE22FE80D440001E0A0
:10C710003C0BF7F98401EAA72E1727B4440201A4C1
:10C7200084A0D5083C03F7F9C0F78E013C0BF7F95C
:10C73000D5F4D160082000018CA110207FE7976814
:10C74000D5F980808200A0B55CF90078884BA652AC
:10C750000131000300B10000A691E9202E07EFF09F
:10C76000C80884013E07EFF03D0FFBFB3C4FFBFA8E
:10C770002E07EFF05A0801163C0DFBFB40080001A4
:10C78000EBBA5EF78065E8083C0DFBFA9A20EBBA3D
:10C790005EF78065E9068402D50284003E07EFF06B
:10C7A00040F6AC06E922E24DE920E2A1E91EE3E50C
:10C7B000E91C40F72C06E919E24EE917E321E915D7
:10C7C000E3E9E9135CF900FBE9102E07EFF05A08E2
:10C7D000020D2E07EFE55CF000C84EF2FEFB8C0167
:10C7E0003E07EFE548FFFEF684003E07EFE548FF11
:10C7F000FEECFCE3FC0080C0A046A0058444846FEE
:10C80000848584A049FFE223A036A075EA4BFC8012
:10C81000FC002E5726D05A5001048401FC803C3D78
:10C82000FAB1A6D95A3009045A3804193C33938511
:10C83000994BE2239769E8049A599649D5028420D6
:10C840002E47E9E9A0C2A0034031907740001017BD
:10C8500096D996012E472717D51B44338D40A7182C
:10C86000CCDD3C339384994BE2239769E8049A59D1
:10C870009649D50280242E67E9CCB460A0014031EE
:10C880009877400018172E47271696D9960144F03E
:10C8900002004252BC01E2A3E805A6108C01AE10D2
:10C8A000D505E201E9FB8400AE10DD40A6015A087F
:10C8B00004048400AE10A610E280E8B08400AE103C
:10C8C0002E07ED718C013E07ED718402FC80FC2087
:10C8D00005008013006F8018011F801C55087FFF22
:10C8E000CA0F8381BE1244220168B913EA6840610D
:10C8F00018405420FFFFA6749648CB16D5234472E7
:10C9000000004103C04045200064E2D1E8EB80F024
:10C910004273487351338064182380014C79FFFEC1
:10C920008CC197B0D5F3EB55FE744010884044623B
:10C9300000644422000088418826183100014C2000
:10C94000FFFEAD00AD41FCA0FC20F6085A60010BD3
:10C950004462E1F4387304004462DC583913040083
:10C96000D503862284E98380B91245020000546011
:10C97000FFFFFA38FE7CBF14401098404063C009A6
:10C9800054737FFF4460006088304268982440639D
:10C990001C40A7CFAFD8A6CEAEE0A6CCAEE80240F2
:10C9A00000300230800D020000300210800C8864DC
:10C9B0008801F406F1074008002088D040380C2098
:10C9C000B664B601B406920A9637AE10FCA0FC40DD
:10C9D0008380BD14B814446000485452FFFFEA45F8
:10C9E000FEF4FF3440420040403194404452000085
:10C9F00088A484008A6438619400386081090862E0
:10CA00008001386101098C015A0832F74402003470
:10CA1000888084A0852339319002411094000D2232
:10CA200000014101140084E04203A42402A8800014
:10CA30004069800D9797406519001A688001400988
:10CA4000000D026800009617400301008CE11A08EF
:10CA500000015A780AEB8CB45A5864DFFCC0040019
:10CA60000013EB7EFEE4EA45EBBC44320000886034
:10CA700084009908A7613840800040424008404245
:10CA800017009950A76940421500385100008C02E8
:10CA90008885AB195A0832EFDD9E04000013EB7E47
:10CAA000EA45FEE440318040EA9C88608400A51994
:10CAB00038408008A75B9908AF61B483384100080B
:10CAC000A319995092888C02AF295A0832F2DD9E40
:10CAD0004412E1F4380080008E015C000009DD9E04
:10CAE000E201E80AA610E260E8049AC3AED0DD9E37
:10CAF0008400AE10DD9EE220E80BA61052F180FF0C
:10CB0000E00FE8048860AED0DD9E841FAE10DD9E8D
:10CB1000FC60EEA8F0858141F28480E35A3801057B
:10CB20003C800C3FD506F9134E0200A33C800C3E1E
:10CB30002E07EA4484C1E602E9058E014063000C39
:10CB400097B04063280E97B0CE0284C1B00A50BFA0
:10CB50008024505F8021F081F105F004B088503FBF
:10CB60008022504F8023B77FF78249FFFEEFF00409
:10CB7000B064B0BD003F8022004F802349FFFF29F1
:10CB8000F86E49FFFF8CB0248120B00B8380858034
:10CB900044D000323855B202440065109928440050
:10CBA00073E840E2800042063424F08584E03904D2
:10CBB0009D015CF807FFE8482E17EA453932C101AC
:10CBC000003F80208E214028040840098C164CA08C
:10CBD000C0148844A4508A0840308C768A68EBFDE3
:10CBE000EBBAE06FE90413310000D52E380741019C
:10CBF000380E1C08D5294EA3000639324109F81019
:10CC0000D5168844A45040308C76401020018A68A4
:10CC1000EBFD42F08003E06FE90A133100003814A5
:10CC20009D01382E1C003827050983FFF105B0CB84
:10CC300098B98843960180288066F487F58649FF75
:10CC4000FF51F407F5068CE15A7832B350948064B2
:10CC500051CE00325AC001048581D59DF004B04BFD
:10CC6000502F805E003F802183FF49FFFEFAED5880
:10CC7000FCE0FC61F0818401B63F814280C3EA7E22
:10CC8000DD465A0002048400EA58DD568401AE08ED
:10CC9000DD5AAE0884003C0FFB0A2E07ED775A08D8
:10CCA000010684073E07EA44D50C5A6801072E079F
:10CCB00027113E07EA44D5052E0727103E07EA4410
:10CCC0002E07EA448C013E07EA4544000060DD502F
:10CCD000DD465A08024B5A6801074413F423EA3927
:10CCE000EA36D50B440000618520DD50816944C3DC
:10CCF000F04AEB8785A1D50FA6085A0002F5AED001
:10CD0000D5FC3C0DFB0AC81BE9FDEB90EA7ADD4C33
:10CD100010D000002E07EA45E320E8653CBFFB0C7D
:10CD2000108600005A60010744000062DD5084E074
:10CD3000D5188006EA28EA9FC0FFD5F73CBFFB0A5A
:10CD4000CE12EA5C8E0154E000FF800E49FFFEC265
:10CD5000C008800E8029B45F80668CE1F82D97F8BA
:10CD6000E2EAD5D38007D5F746B000F484E044C3A7
:10CD7000F04AEB8785A150B582402E07EA45E2E0F4
:10CD8000E83210860000F8BF44000061DD505A68A8
:10CD90000105F001EB5BD506DD408420DD54490040
:10CDA000287644000062DD5085204C95000D8009F6
:10CDB0008027B45F806649FFFEAD505480015492D5
:10CDC00080FFD5F4DD4C8CE1549380FF10D000003F
:10CDD0005A6801062E77EA454C93BFD1800BEB29A8
:10CDE00080E9D5CC8400EA7E8400FCE1FC212E079A
:10CDF000ED77C8063C2393893C33938AD503EA8CAC
:10CE000080432E07264F84C0EA643C4393843C53FE
:10CE10009385F08196904402F25C96D8B6DF49FF84
:10CE2000FD58DD4680E0EA64DD405A78021B844804
:10CE30008066F8255A0801053E07ED42D549DD40D8
:10CE40008425AE4184213E17ECDE3E77ED26EA3E96
:10CE50008441DD40EA648062F8123E67ECDED5185A
:10CE60002E27264F8066F80BDD408429AE413E67B1
:10CE7000ED6CEA3E8441EA64DD40806249FFFEFBDE
:10CE8000DD40842AAE4184213E17ED6CEA3E8401E8
:10CE90003E07E9D184033E07ED268407DD50840078
:10CEA000EB99DD465A080206DD40842DAE41D50BD4
:10CEB000DD408420DD542E17EA15DD405A180203A8
:10CEC000842AAE41DD40EA3E4400006FDD50FCA103
:10CED000FC00DD465A0802158400EB738401EA7EEB
:10CEE000DD43DD44AE40DD59A640C9FFA6405A18D7
:10CEF00001FFDD4C8422AE408400EA7ED50BEBF9C5
:10CF0000EBCFEB2949FFE3B8DD408420DD54490035
:10CF100027BE44000065DD50DD42C00DDD44DD4329
:10CF2000AE4049FFB012C0FEEAB1EB43FA50EB5DF0
:10CF300049FFDDFCFC80FC24442194E8EBAA444139
:10CF400094F8B0843B0FCC203B024C003B014C20BA
:10CF5000390102024421E49040210040A79080E181
:10CF600097B0381F820284804513651045226238CD
:10CF7000EB37E282E81994E14021C400033100005C
:10CF80004021C800994BA490383810008C81FE9C39
:10CF9000A4E84021180E8A53969340211C568843DA
:10CFA000ACA89721D5E644200C804431B2904230A1
:10CFB0000873800349FFAB07FCA4FC6184C08401B3
:10CFC000EAEB3E67E9DF8126EA7E80E6850485A6F6
:10CFD00044E38D405A78040B8400DD528040EA43DC
:10CFE0003ED7ED268581EA88D50B80073E87ED2662
:10CFF000F8198180DD5284038047EA43EA88DD4CDA
:10D000008421AE409E39854054B000FF4CA6002ECE
:10D01000DD59A640C9FFDD42C00EE2C9E80CC70BCE
:10D02000800B4900218AF0818CC1800BF10197B0FF
:10D0300049FFFF8300170000DD595A180310A6406E
:10D040005A1801FFDD42C007EA255A0809FFEAB174
:10D05000EAB7EA4BEB90EA7AD504A6405A1801FFEA
:10D0600050050001EB39D5D38CE197F85A7805B417
:10D070008400EA7E8400FCE1FC4544219508EB94A1
:10D08000EBAAB042442195183B00CC20EBAAA6BAEB
:10D0900081208400B186EA543810A602EB1EA6FB5C
:10D0A00092413B034C20EBF4EB1E38132602A6BA48
:10D0B000A6FBEBF4FCC53C0FFB1CDD9E3C0FFB1EEE
:10D0C000DD9EFC008420DD54DD568400AE08DD5A70
:10D0D000AE088401EA2884018440842A808080622A
:10D0E00080A2DD55DD44DD43AE40EA9FC8043C0D1F
:10D0F000FB09C0FCDD42C0168401DD4ADD44DD438E
:10D10000AE4049FFAF22C0FE8402DD4ADD465A0030
:10D110000214EA24EAAEAE08804184618402DD454F
:10D12000D50BDD465A000209DD44DD43AE40EA245A
:10D13000A6085A0832FFDD465A0802072E07E9D72B
:10D140008C013E07E9D7FC80FC2080A03C0DFB1C35
:10D150003C4C01E5A68394E9E2A2E825F87BE906C8
:10D16000A4309783982AF87FF8649222CD0DA421E9
:10D17000F83140220820A4109603E0204EF200C9A6
:10D180008401EA47FCA09E1A8804A40096499603ED
:10D190009F91E020DE04E9F58845F835F82CF81B6E
:10D1A0008845F8318403FE14E2A0E93599E3A5B877
:10D1B00097B3E026E90CA5B897F39BAA4062182024
:10D1C000A5B097B388C7E0264EF200A39222D808F4
:10D1D000F81396499603E020E9D483FFF8139E1ACA
:10D1E0008804A4009592960396498EC1E020DE0340
:10D1F000E9C8F808E9C68C628864A41883FF4E0069
:10D20000FFEB9AAA40220820A4109603E020E9B977
:10D21000FCA083FFD2039591DE19F81CE910F820D9
:10D2200096038807E020E90BA4309783982AF81B1F
:10D2300096038806E0204EF2006C83FF8C62F8258E
:10D24000F811F826F82EF824FCA08EC1D6038E0122
:10D25000D83099A3A4309603E02083FFE915A430C9
:10D2600097C39A2A40020020A40083FF96038807F0
:10D27000E020E90AA4309783982A4E00FFF5960330
:10D280008806E020E8458E628864A41892229603FE
:10D29000E0204EF3FF7783FF4E00FFE54E00FFF9DD
:10D2A000884540220820A41083FF4E00FFF2FCA016
:10D2B0009F9A982341221800A400026900008C6202
:10D2C0004103001188649BAA40F00011A5D84112C7
:10D2D0001820982A026880004022002097FB40070F
:10D2E000C000A51097B388079723880688049D0D72
:10D2F000E080E80E020900004E00FFCAA4184E00AC
:10D30000FFC8020880004E00FFC448FFFF36FCA0A3
:10D310002E17E9BAC1092E272AA2E241E9048E217B
:10D320009648D50284204422F0EC38310501E260B1
:10D33000E92BFC20840038010509EAF3842084A34A
:10D340003C3C01E33C0C01E43C4C01EC94898862D8
:10D3500088028881A598A5C0A62088074203147377
:10D36000404008099721AD183C4C01E33C3C01ECDE
:10D370008844A49088614000084196008C21AE1832
:10D380005A18C8E0FCA0DD9EFC005A0801122E10BD
:10D3900013C12E0013C05A1801048E03D5028E0249
:10D3A00096008440802080624900088CFC804900FF
:10D3B000089BFC80A641EA745A1804112E17E9C78D
:10D3C000C903A602D502A6032E17EA265A18020898
:10D3D000E604E9058E039600DD9EA604DD9E54005A
:10D3E00000FD5A0804053C03F7FBDD9EEA740200C9
:10D3F0000009DD9E5A0804053C03F7FADD9EEA7435
:10D400000200000ADD9EEA74A400DD9EB400EA7406
:10D41000A447020000083C1BF7FB3C0BF7FADD9E1B
:10D420002E17E9BFC90984423E17E7483E27E9FAAB
:10D430003E17E9DFEA51DD9EFC00DD44DD43AE40EE
:10D440003C0DFB09C810EA6F5A0801064402C4509B
:10D4500049FFDA328401844080208062808080A28B
:10D46000DD55D5EF8406DD4ADD42C01DEA24EA39E8
:10D47000EA36A6085A003204AED0D5FCDD43DD44BE
:10D480003C6DFAD55A600904AE40D5FB4412C55430
:10D49000840280418461DD45EBA7C003840AD50284
:10D4A0008006EA41EA6944100033AE402E07EB746F
:10D4B000C81149FFB8355A00A10EDD428020C807C7
:10D4C000840280418061848380A1DD5549FFE0B4FE
:10D4D000FC80840E49FFD944FC80FC00DD465A08DC
:10D4E00002074403F422A600961FFC808400FC80FF
:10D4F000FC2084003C0BF54FDD4084233C7DFAB0DA
:10D5000084C1AE41EBE2EA3EDD4BA600842397F8EE
:10D510004900147F3C7FFAB0EB11C80A2E07EA01DC
:10D52000C8078409DD4A3E67EA123E67E9D1DD405B
:10D53000EA3EDD5684003E07EA018401AE08DD5A6A
:10D54000AE08DD5E5A0004048405EA482E07EA1C92
:10D550008420C8093C1DFB1EA448E622E9038E2254
:10D56000D50280203C1FFB57EB045A18020FC80954
:10D570003C1DFB1EA448E62AE9055000FFF6D50233
:10D580008400EA2EFA18EAA084013E07EA1E84000D
:10D59000EABDFCA0FC0084C03C6FFAEEEAEBEB5164
:10D5A000EBC13E07E9BA8401EA28DD59AF80EB51AF
:10D5B000FC80FC00DD40A601EB235A080911DD5E6A
:10D5C0005A0004048405EA482E07EA1CC808F80338
:10D5D000E602E90549FFF69E8E02D5028400EA2E96
:10D5E000F81849FFE02FDD408429AE418420DD5446
:10D5F000DD40842AAE41EA3E49002449840084216A
:10D60000EA3A3E17ED6CEABD49FFF667490047BAB2
:10D6100049FFE025FC80EA743C3C01E5A503842039
:10D6200084019899A4909693E082E80284008C2269
:10D630005A1990F9DD9EFC202E17E9FA5A18020BB0
:10D640002E17E748C9072E17EA248E225C108001A6
:10D65000D50284203C6DFB1C3C4DF9E43C7C01E48C
:10D6600084A08461864353300000A6B35113800226
:10D6700051017FFF4C58001D410104088F814C5817
:10D680000018430148248F814C58001394928E4116
:10D69000D20FA4B8027880008A479693E00238221D
:10D6A0001509E903E053E8045A18010384628CA1C8
:10D6B00080F15A58C7DC5A18011C401004098440F4
:10D6C000FF4A38720911E027E807A633880238F2CA
:10D6D0000111E02FE909E0E5E808A63388023802E5
:10D6E0000111E005E80284628C415A2895EC800320
:10D6F000FCA084204422F0EC380105098C215A1842
:10D7000008FDDD9EFC4080E0A60080C25A08051E90
:10D710008401AE38DD4085203C9BF692A601EAE903
:10D72000F8153C13F54EE62AE8058C213C1BF54E16
:10D73000D5133C9BF54EA430E619E804EA52840068
:10D74000F8058400AC30D508840049FFFFD484007C
:10D75000AC303C0BF54EFCC0FC01DD40A601EAE913
:10D76000F081F1014402C4044422C46C49FFFFCC9F
:10D770002E17EA248400EA8F3E07E9E4C9033E0736
:10D78000E9E684003E07E9BAEA3CEA92FC81FC2023
:10D79000FD30EBC180A0A630AF70C5092E172AA2BC
:10D7A00084C0E225E9059FA997B0D50280C5D01DA8
:10D7B000DD465A08021B3C3DFB1C8400A65B9449D5
:10D7C000E001E80D8387BA09BC0B944188418824A5
:10D7D000A4488C019649AC509600D5F13C03F52B3A
:10D7E000C00E8E01EA8FD50B4402F0EC38501901BF
:10D7F0004410FFFFD1048CA1385019092E17E9E617
:10D800004000980E9604C81B0513800A0503800982
:10D810000453800B40380000A49840488000969143
:10D82000ACA0A498992896918C02ACA05A0990F4C7
:10D8300084014060180CFE773E17E9E6FCA0FC006E
:10D840002E272AA2441000FF4020880C4413F42203
:10D85000A648FE93965F9690C1038E219648A780B6
:10D8600084A14042840CFF37972296E0AEC04C6101
:10D87000800D4C31000B88254052840CFF6797685F
:10D88000FF5D5C028001FC808005FC80FC00840060
:10D89000EA8FEAF3EA47DD40A6015A080423DD5E79
:10D8A000C8094402C3C649FFFFCC5A0801048403D7
:10D8B000EA48DD5E5A08031F4402DD2C8420442020
:10D8C0000320EA442E07EA2AC807EA83A600962E18
:10D8D000C8038404D50A8401EA488400EAFDD50A15
:10D8E0002E07E748C8048402EA48D5042E07EA2A2E
:10D8F000D5F0DD5E5A08020584003E07EA46840042
:10D9000080804452E8683C3C01E294418861A4D89C
:10D910003C2C01E496D98841ACD03C2C01E33C3C42
:10D9200001E488418823A4489649AC503C1C01EC92
:10D930008820AF08384280088C015A08C8E6FC806D
:10D94000FC208407DD4A84C0DD403E67ECDEEA3E11
:10D95000DD4C84213E67E9D7AE4084003C0FFB00DC
:10D96000EAE2EB363C2DFB00CA098401AFF08020CF
:10D970008062808080A2DD55D5F6DD44DD43AE4077
:10D98000EA9FC80B3C2DFB09CA08840184278062EA
:10D99000808080A2DD55D5F58421DD40DD54DD4257
:10D9A000EA53EA3BC00E8400EA75AE883C2DFAB01B
:10D9B000CA24840180208062808080A2DD55D5F752
:10D9C000AE882E07E9EFC009840184408020806280
:10D9D000808080A2DD55D5F64412C4A084618041C8
:10D9E00084023C3FFAB03E37E9EFDD454413307026
:10D9F00084028041EA22DD458408DD4ADD40EA3EBA
:10DA0000FCA0FC4084E3812142709C2484203E17CA
:10DA1000E9DF40A0080890E384C0E0CAE8153C2C88
:10DA200001E540211820A4909693E0E2E80A8006E0
:10DA3000802949FFFB8BEACCC0043E67EC74FCC034
:10DA40008CC197B0D5EBFCC0FC60812180E0441212
:10DA5000E1444402C39A49FFFE9C4400FFFF8480D6
:10DA60003C1DFB1E8049A912A81300008016E61079
:10DA7000E80452400010972084C0FAA042501401DC
:10DA80003CADFB1C3CBC01E43C8C01E23D2C01E5BF
:10DA90003CCC01E32ED7E7482EE7EA242F17EA46CD
:10DAA0003D3DFAB68046454000324552E5BC450250
:10DAB000E86882C60005000394C2E043E879941147
:10DAC00040658000A4F040F40000EA9BFEE4423789
:10DAD000947340F90000926496D9ACF0880CA4F0DD
:10DAE000037000008A7796DB1237800055710003BF
:10DAF00040310809423BD07340390C20A4D8383A51
:10DB000089090237800040F18011A4CDFEDA40F788
:10DB10008C07E81C5AD001045AE80219383808006A
:10DB20008C6196D83838080802F0800640F78C06D9
:10DB3000E813A4F0862196D9ACC02E07EC7539689D
:10DB400008088C013E07EC75D50738080800C004AA
:10DB50008E0138080808A4F004048002E203E804F7
:10DB6000A43014048002A4F004048003E260E804FA
:10DB7000A43014048003040480023C37F54FE260B3
:10DB8000E8033C0BF54FA6395A080908B413EA42DA
:10DB90005A00010AA58BD508B413EA425A000104C1
:10DBA000A58CD502EB558C41969048FFFF858026C9
:10DBB0003F17EA4649FFFF27DD40A6015A0809073B
:10DBC000800649FFFD3A3E07E9FAFCE0FC4080E0B0
:10DBD000A60180C15A08041F9E0CE604E90C5A10E5
:10DBE0000C0BDD5E5A0004082E07E9C75A08010B2A
:10DBF000EB51D508DD42C80B3C03F6925A080108E8
:10DC0000D5F48007EB5BEA6CEBD8EBF68400EAFD19
:10DC1000D508DD5E5A00040649FFDD178007EB5B7F
:10DC2000DD424E0200853C03F5464412E5348C018A
:10DC3000EAF33C03F52B8C01EA8F800749FFFF06CE
:10DC4000EB4CA600C0058401EA478400EA2EEACC2A
:10DC50005A08011584003E07E9E484002E172AA221
:10DC60004432F0EC80809680E241E8053841810939
:10DC70008C01D5FAEA84DD41D5242E97E7485A98DD
:10DC800001159E34E602E9114402E5343C13938702
:10DC90004422C3C449FFF5BE5A080208FA01DD4117
:10DCA0003E97E9DF3E97EA2B4412FEFCA6085A088D
:10DCB000A5098401EB99EA473E07EA2B8400AE08E8
:10DCC0002E07E748C834A6385A080232DD5E5A00EB
:10DCD000010F2E07EA465A0801062E07E9FA5A00F4
:10DCE00001073CF7F55D5EF78078E81849FFFC9581
:10DCF000C8093CF7F55D5EF78078E904EA47EAF386
:10DD0000D50D840184E0EA803E77ED5249FFEBB700
:10DD1000DD5E5A0802043E77EA24DD5E5A080208F6
:10DD20002E07E9FA5A0802048400EA47EA3CEA921C
:10DD30009E34E602E80CDD42C004EA76EA46EA5F79
:10DD40008400EA478400EA8FEAF3D5055A680204A2
:10DD50008401EA47EA915A080104EA47EA80FCC0D4
:10DD6000E606E86E44F0DB70EA6EEA2B4A003C00FF
:10DD7000062440CE60968401EB00AE084423F249AD
:10DD80008422AE504423F24AAE104423F24BAE50EC
:10DD90008464D52D841FEB00AE084413F249AE080D
:10DDA0004413F24AAE084413F24BAE088448D53906
:10DDB0008401EB00AE084413F249AE084413F24A62
:10DDC000AE084413F24BAE084413F24CAE08D52C07
:10DDD0008401EB00AE084423F2498424AE5044236E
:10DDE000F24AAE104423F24BAE50846C4423F24C02
:10DDF000AED04423F24DAE504423F24EAE10442335
:10DE0000F24FAE50D51A8400EB00AE084413F2492D
:10DE1000AE084413F24AAE084413F24BAE088441F4
:10DE20004413F24CAE884413F24DAE084413F24E44
:10DE3000AE084413F24FAE084413F250AE08DD9E14
:10DE40009200C102EAB696004413F251AE08DD9E7C
:10DE500040003C0892104423F2444010BC08AC102F
:10DE600092304403F246AC40DD9E84214403F240EC
:10DE7000AE40EA3BEA53AE88A6405A1001FFDD9E51
:10DE80004413F258A448AC404413F25AA448AC419D
:10DE90004413F25CA448AC424413F25EA448AC4381
:10DEA0004413F260A648EBCCDD9EFC02F0818002B8
:10DEB000F383F18249FFFF56F001F10249FFFFCAE7
:10DEC00049FFFFD5F00349FFFFDDFC82FC02F08132
:10DED0004403F242F182F283AF40001F80204403EA
:10DEE000F243AE404403F252ACC04403F254AD00DE
:10DEF00084214403F256AC40001F80244403F241C5
:10DF0000AE40000F8028001F802C49FFFF9CF001CD
:10DF1000F102F203F30C49FFFFCAFC82FC203C6DC6
:10DF2000FB1F97C4050300025510800F43085C09CE
:10DF300040781EE44273D809470FFF0F4273D4099B
:10DF400051080FFF4073C0028E2A86404073C604FA
:10DF5000E625A9F2132300031123000B4EF2007CE7
:10DF6000012F8038011F8030010F8034007F802C0A
:10DF700044F0DD7CEBC8EABA4A003C0006060676AF
:10DF80007600C003EB81D5034021BC08F007925016
:10DF90009201AC32F00692A192011203000BF0083C
:10DFA000926192011203000EF009ACB092011203CB
:10DFB000000F220F801E1203000C220F802012037C
:10DFC000000D020F8022AD718C01ACF41123000C06
:10DFD0001113000D1103000E1073000F1123001018
:10DFE0001113001111030012107300131203000A21
:10DFF000D532C003EB81D5034021BC08F00A925012
:10E000009201AC328400100300108401928192616D
:10E01000100300118400ACB0AD31ACF41123000C3E
:10E020001113000D1103000E1073000F11030012E5
:10E03000107300131123001411130015110300169F
:10E04000107300171203000C1203000D1203000ED0
:10E050001203000F4403F1408421AE40EA39EA364E
:10E06000A6405A180104AED0D5FCFCA044038CF0A5
:10E070003C0FFB1F441FC6784403F142AC408400B0
:10E0800044138D08B6013C1DFB1FA80F3C1DFB1F50
:10E0900014008008DD9E84203C0FFAC1AC43DD9E55
:10E0A0003C3DFAC1920192219241AC18AC59AC9A14
:10E0B000DD9E3C1DFAC1A6821020800CA683102094
:10E0C000800DA680A6011020800E1000800FDD9E1E
:10E0D0003C1DFAC1A68210208010A683102080115A
:10E0E000A680A6011020801210008013DD9E3C1D2A
:10E0F000FAC1A68210208014A68310208015A68065
:10E10000A6011020801610008017DD9EFC01B63F8E
:10E11000F28149FFFFD0B41F49FFFFDCF00149FF46
:10E12000FFE8FC81FC24007F8060F081F182F283B3
:10E13000001F803C002F8038000F8040006F804C13
:10E14000105F8016103F8014102F8017104F80151D
:10E15000101F801A103F8018100F801B104F80195D
:10E16000CF08105F801E103F801C102F801FD50726
:10E17000101F801E103F801C100F801F3C0DFB1FC6
:10E18000104F801DF855B005B046B087F856F00125
:10E19000F102F203F8573C0DFAC1021F8028AC448B
:10E1A000001F8054002F8044FE775263002040609F
:10E1B0009824001F80481060000A58108040FE57C5
:10E1C0001010000B221F802C1210000C221F802E1A
:10E1D0001210000DDD44DD43AE404403F1408421C4
:10E1E000AE40A6405A1001FFFCA4FC04F081941933
:10E1F0009600F182100F80178422100F801B84C1BB
:10E200003C0DFB1F103F8014104F8015103F8018ED
:10E21000104F8019103F801C103F801F104F801D31
:10E22000F283101F8016101F801A106F801E49FF86
:10E23000FF34B005B046B08749FFFF6AF001F10234
:10E24000F20349FFFF2F3C0DFAC184208449AC44FE
:10E250001010000B1020000ADD44DD43AE404403E3
:10E26000F140AF80A6405A1001FFFC844403F148FE
:10E27000A6404403F149A600EBF39601DD9E44104D
:10E280000055DD43AE40EA85A6085A0001FF84210F
:10E290004403F380AE40EA3BEA53AE88A6405A10EE
:10E2A00001FFDD9EFC004413F381A608EB93AE084A
:10E2B00084004413F384AE084413F56BAE0849FFA1
:10E2C000FFE0FC804453F381A72896D8544200F025
:10E2D000FEA7401104449688400100E49680440360
:10E2E000F384AEA8AEC0DD9E84004413F386AE086E
:10E2F0004413F387AE08DD9EFC604403F38496D894
:10E30000AEC049FFFFBEDD44DD43AE404413F380A1
:10E31000A6085A0001FF4473F3864463F3874493CD
:10E32000F04AEBDC44B3F380A6385A08010D49FFEC
:10E33000FFDD49FFFFA610A48000000580005A0001
:10E3400001FED5F3A6305A0001F4FCE0DD9E441E28
:10E3500000008801920296014413F3CAAC08DD9EC6
:10E360004413F280A608EA6AAE08DD9E4423F280D8
:10E37000A650400080A49600AE10DD9E441E000012
:10E38000880196814413F286AC884200400B441306
:10E39000F288AE08DD9EFC608141001000094473E4
:10E3A000F280968CA67880C0EB840000000A4010B2
:10E3B00088243C7FFB21AE789684A638A470EAB509
:10E3C00040000844AE384403F284AC40A03149FF19
:10E3D000FFD7001300084403F283AE40852044B306
:10E3E000F04AEB870003000B49FFFFC249FFFFBA69
:10E3F000A6389604C01284011085800049FFED996B
:10E40000EB90EA7AE72FE9F52E07ED7E5A0801F244
:10E4100084023E07ED7ED5174403F2813C0FFB20BA
:10E420005AA80307A6404210880BC1DDD5095AA897
:10E430000106A600EA42C807D5D65AA80205A600DA
:10E44000EB7AC0D1FCE0C80844138D25A6088C01E6
:10E450009600AE08D50E44238D26A6508C219648F2
:10E46000AE505A0801074413F060A608EA61D506C9
:10E470004413F060A608540000FBAE08DD9E960031
:10E480004413F068AE08DD9E4423F053A650960472
:10E49000EADA88019600AE10DD9E4413F06AA68881
:10E4A0009604542100FEAE88A68888029600AE0825
:10E4B000DD9E4423F054AC104403F056AC40DD9E86
:10E4C0004031C808402189808802401004C084A5DA
:10E4D0004443F06D4403F06EAF603C1FFB223A10E2
:10E4E0000420DD9E84204403F06DAE40DD9E440395
:10E4F000F061A600EA42DD9E4403F061A6009207A7
:10E50000DD9EFC0049FFFFFAC80749FFFFF25A00F1
:10E5100001068401FC808400FC808402FC804000B1
:10E52000808496004413F481AE08DD9E96814413E6
:10E53000F48396D0A7089248AEC8A6C9AE89EB105E
:10E540008801921096004413F485AE08DD9E9681F2
:10E550004413F486AC88EB108801921096004413A3
:10E56000F488AE08DD9E96814413F48996D0A708FE
:10E570009248AEC8A6C9AE89EB10880192109600E9
:10E580004413F48BAE08DD9E96004413F48CAE0861
:10E59000DD9E4403F482A640EA3BEADA581080018B
:10E5A000AE40EA53AE88A640964CC9FEDD9EFC0004
:10E5B0004463F00EA4304200200BC00744138D24A6
:10E5C000F81C84084800007BA430EB4FC859A430E5
:10E5D000EB7AC00644138D23F8108403D56FA43062
:10E5E000EA42C00644138D22F8088402D567A4309D
:10E5F000EA56C00A44138D21A6088C019600AE0885
:10E6000083FF8404D55BA4309604C04E49FF8FE994
:10E61000A4304200180BC836A4304200140BC83492
:10E62000A43042001C0BC832A4304200240BC00BA3
:10E630004403F064A640964CC12BA640EADAAE40F3
:10E640008409D53CEB9DA4404210A80BC923A440EB
:10E650004210AC0BC921A4404210B00BC91FA4400A
:10E660004210B40BC91DA4404210B80BC91BA40032
:10E67000920FC01A84013E07ED18840FD51F840144
:10E68000D51D8406D51B8405D5198407D5178409A3
:10E69000D515840AD513840BD511840CD50F840DA0
:10E6A000D50D840ED50B4403F01AA400EB4FC00522
:10E6B00049FF8F97FA01D502FA0884204423F00E0F
:10E6C000AC504423F01AAC50FC8084214403F32264
:10E6D000AE40DD9E4413F323AE08DD9E4403F323D6
:10E6E000A600DD9EFC004463F540B6064403F544F5
:10E6F000B6204403F548B6404403F54CB6604403E5
:10E70000F550B6804403F554B6A0F1044403F5581F
:10E71000B620F1054403F55CB620FC80FC6144336F
:10E72000F5044423F5024413F5033C3FFB24443332
:10E73000F50580C03C2FFB273C1FFB263C3FFB23FD
:10E740005A00030448000142DD424413F51AC00494
:10E750008401AE08D502AE0884204403F578AE40AB
:10E76000441FFFAA4403F579AE4084C14403F50079
:10E77000AF808400802080408060EA2F842344039F
:10E78000F501AE408400802080408060EA2FEB14C9
:10E79000A608EAE0AE088400802080408060EA2F6E
:10E7A00044000802EA3D3C1DFB26A608EAE0AE084C
:10E7B0008400802080408060EA2F4400041AEA3DF3
:10E7C000DD444403F509AE40840080208040806031
:10E7D000EA2FEB14A608EA6AAE083C0DFB26A680D9
:10E7E00058210001AE80A68858210004AE88A6807A
:10E7F00058210004AE80A68858210008AE88A68063
:10E8000058210008AE80A68858210010AE88A64086
:10E8100058108010AE408400802080408060EA2F35
:10E82000440005AAEA3DEB14A608EAC8AE083C1D60
:10E83000FB26A608EAC8AE088400802080408060DD
:10E84000EA2F2E07E9FD4E030116DD403E67E9FD84
:10E85000A601B61FDD46DD525A0802058404AE0942
:10E86000D5038409AE098501DD403E87ECDEEA3E32
:10E870003C2DFAC944020168046100128420EA6850
:10E880004060184004A300030493000340051009EE
:10E8900054A0000340049809960F3E17ECDEF08167
:10E8A000A1F3A03344B3F68066000030EAA5A83394
:10E8B000A033FA6F660000C0EAE7A833A03392E8FD
:10E8C0006600030058000200A83304410013844C82
:10E8D000929054027FFFA73597CFFF14404200402B
:10E8E000EA9C40E2000004D700004608000804C784
:10E8F000000140068002B60E460F000F40060002DF
:10E90000140700014423F683841F10858000AE1095
:10E910004423F684AE104423F685AE104423F686D5
:10E92000AE104403F687AE404403F688AE4044037D
:10E93000F689AE404403F68AAE40840080208040D1
:10E94000EA2F4403F40BA64044200039548080FF92
:10E950004413F415AE888424AE408401EA284400B0
:10E9600005AAEA3DDD44DD43AE40EA9FC0FF8400D6
:10E9700085208020109580008040FA6FEA2F4403A4
:10E98000F415EB194403F40B10800000A03366006B
:10E99000003040A0288414A30003A033F1016600D6
:10E9A00000C0409004C414930003A0336600030029
:10E9B00040701D04A9F3DD40001F800014D7000043
:10E9C00014C70001AE41D556C83184414413F50047
:10E9D000AE8884434413F501AE883C2DFB2780604C
:10E9E000A65058108002AE503C2DFB26A650581061
:10E9F0008002AE5080208040EA2FEB148066A6088B
:10EA0000EA61AE083C0DFB26A68058210004AE80CA
:10EA1000A68858210008AE88A64080465810800875
:10EA2000AE4080068026EA2FD5255A080124A6D0BC
:10EA3000A608543180F3540000F3AED0AE08840031
:10EA4000802080408060EA2F84004413F500AE08E7
:10EA50004413F501AE08EB14A608EAB3AE083C1D5A
:10EA6000FB26A608EAB3AE088400802080408060C0
:10EA7000EA2FFCE1DD9E46108000EB28EAFC421004
:10EA8000EC0940008364EA7DDD9E46100800EB2817
:10EA9000EAFC4210DC09400082E4EA7DDD9E44117C
:10EAA0000000EB28EAFC4210C00940008204EA7D25
:10EAB000DD9E44108000EB28EAFC4210BC094000B7
:10EAC00081E4EA7DDD9E4410020064132803641390
:10EAD00008026610820040008124EB5F4413F7EFC8
:10EAE000A60896009684C203EAA1AE08DD9E8422A1
:10EAF000EB28EAFCEB8440008024EA7DDD9E641272
:10EB00000002C00458008001D50366008001640241
:10EB10000003DD9EDD9EDD9EDD9EFC4080E0440323
:10EB2000F040A780812181425463001C5A7802265C
:10EB3000DD42C0154422FEF64433F04A44400055FD
:10EB4000A6104412FEF65A00EC04AF18D5FA840061
:10EB5000AE08804184618402DD45D50A4412FEF688
:10EB6000440FFFECAE08804180078461DD45EA690F
:10EB7000FA30AE408400EA5884004413F00EAC082A
:10EB8000FFBF4413F01AAC0897B04403F040AF80C5
:10EB9000DD44DD43AE405A7802144410005AAE40C2
:10EBA00049000105C8FE2E17ECD45A18010744137A
:10EBB000F3743E07ECD4AE088400EA7DEB5F4413A7
:10EBC000F0DAA608EB93402500049690AE88540432
:10EBD00080FF4413F0EDAE08DD444403F041AE4045
:10EBE000EA33EA33EA33EA33EA33EA33EA33FCC09E
:10EBF000400004A44423F0429600A6D0AE10DD9E4F
:10EC0000965F9604400080844413F043AE08DD9E76
:10EC10004413F044AC08DD9E540000FD4413F0465C
:10EC2000AE08DD9E40003C0892104433F2004010D4
:10EC3000BC08AC1892304403F202EB81AC40925015
:10EC40004403F204AC80DD9E4403F20AA640EA3B92
:10EC5000EADA58108001AE40EA53AE88A640964CDE
:10EC6000C9FEDD9E96004423F206AE10964844038A
:10EC7000F207AE40DD9EFC00DD42C004440255B800
:10EC8000FC80440215B8FC80FC00DD42C004440254
:10EC90004A00FC8044020A00FC804403F20BA600F8
:10ECA000DD9E4413F208AC08DD9E4423F20AA65010
:10ECB000964C400080249600AE10DD9EE608E823C6
:10ECC00044F0EACCEA6EEA2B4A003C00080E141A23
:10ECD00020262C324403F20CD5154403F20ED51233
:10ECE0004403F210D50F4403F212D50C4403F2147E
:10ECF000D5094403F216D5064403F218D50344039C
:10ED0000F21AAE40DD9E9200E608E82344F0EB18CC
:10ED1000EA6EEA2B4A003C00080E141A20262C3218
:10ED20004403F20DD5154403F20FD5124403F2113A
:10ED3000D50F4403F213D50C4403F215D50944034F
:10ED4000F217D5064403F219D5034403F21BAE4073
:10ED5000DD9E92004403F0C4A600DD9E960044139D
:10ED6000F0C4AE08DD9E4403F0C3A600DD9E96000D
:10ED70004413F0C3AE08DD9E4403F0CEA400441358
:10ED8000F0D0A648400080E4441D020088015C00E9
:10ED90000080DD9E4402FE00DD9E84214403F0F5E8
:10EDA000AE40DD44DD43AE40DD9E4403F0F4A600FA
:10EDB0009204DD9E4403F0F7A600DD9E9600441306
:10EDC000F0F7AE08DD9E4403F0F6A600DD9E960047
:10EDD0004413F0F6AE08DD9E4452FE004412FE3E9F
:10EDE00018028001D9FEDD9EFC40440000FD49FF71
:10EDF000FFF54463F068EA59EA78F803FA09EA3D56
:10EE0000A6305200000149FFFB3C44000492EA3D59
:10EE1000EA52D5F4FC0049FFFFE992004423F0C711
:10EE2000A65096485A080105581080C0D502966F22
:10EE3000AE50DD9EFC00441005FC4403F0CEAC4017
:10EE400084204403F0D0AE40840149FFFFE9FC80F8
:10EE50004423F0ECA6509604541080FB40008044FC
:10EE6000AE10DD9EFC0049FFFFF5FC804403F0CEB0
:10EE7000A4004413F0D0A648400080E4EAA9FE0DA7
:10EE8000EACDDD9E92024413F0E6AC08DD9E441309
:10EE9000F050A608EAE7AE08DD9E4413F050A6083D
:10EEA0009637AE08DD9E4423F050A65096175410B6
:10EEB00080F8FE47AE50DD9E4423F050A6509617D2
:10EEC0005410808F40008084AE10DD9E4413F050BB
:10EED000A608EBA4AE08DD9E4413F050A60854002B
:10EEE00000F7AE08DD9E4413F051A608EA6AAE08AA
:10EEF000DD9EFC00840749FFFFD884204403F04CCA
:10EF0000AE40840749FFFFDA84214403F04EAE404F
:10EF100049FFFFEBFC8096004413F04CAE08DD9EE9
:10EF20004403F04DA600DD9E3C0FFBFFDD9E3C0D33
:10EF3000FBFFA600DD9E44030FA0EAB73C0FFAD307
:10EF40003C1FFAAA3C0FFAB2DD9EC0045A00020927
:10EF5000DD9E3C0DFBFFA6003C0FF9E5DD9E3C1F4E
:10EF6000F9E5DD9E40003C0892104433F1C44010A6
:10EF7000BC08AC1892304403F1C6EB81AC4092500F
:10EF80004403F1C8AC80DD9EFC0044020000A68270
:10EF9000A6434403F1C2AE804403F1C3AE403C0D2E
:10EFA000FAD33C1DFAAA3C2DFAB249FFFFDDFC80E2
:10EFB00084003C0FFB0584214403F1C0AE40DD9E7C
:10EFC000FC602EB726222EA726452E9726442E77A4
:10EFD00026234E030087EB7DC03D3C0DFAE2E6158B
:10EFE000E9392E00130AC8113C00096A50F07FB0BD
:10EFF0005CF78BE0E8083C00096B50F07FB05CF7F1
:10F000009360E9038401D5028400EB3FEBDF5CF001
:10F010000320E807EA37C019EAF284CCC017D515F7
:10F020005CF0044CE807EA37C010EAF284C4C00E72
:10F03000D50C5CF005DCE807EA37C007EAF284C5C6
:10F04000C005D5038400EB3F84CF2E17EA2D800640
:10F05000C905840084CFEB3F80064413F1C210B091
:10F0600080004413F1C310A080004423F1C4441F66
:10F07000AC48AC50443FA6084423F1C6ACD044236E
:10F08000F1C8AC5096004413F1C1AE08F8A6DD44B7
:10F09000DD43AE40EB1AA6085A0001FF4403F1C25B
:10F0A00010B000004403F1C310A000004413F1C4E9
:10F0B000440FADD8AC08442FA7984413F1C6AC88D0
:10F0C0004413F1C8AC0897B04403F1C1AF80F88590
:10F0D000DD44DD43AE40EB1AA6085A0001FFF803F9
:10F0E0005A0001044800006EEB7DC0283C0DFAE296
:10F0F000E615E924EA7B5CF00320E807EA37C0194B
:10F10000EAF284CCC017D5155CF0044CE807EA3766
:10F11000C010EAF284C4C00ED50C5CF005DCE80730
:10F12000EA37C007EAF284C5C005D5038400EB3F87
:10F1300084CF2E17EA2D8006C905840084CFEB3FCB
:10F1400080064413F1C2109080004413F1C3AFC88D
:10F150004423F1C4441FAD10AC50443FA6D0442317
:10F16000F1C6ACD04423F1C8AC5096004413F1C1B1
:10F17000AE08F833DD44DD43AE40EB1AA6085A0072
:10F1800001FF4403F1C2EB194403F1C3AFC04413C0
:10F19000F1C4440FAEA0AC08442FA8604413F1C6DC
:10F1A000AC884413F1C8AC0897B04403F1C1AF80F8
:10F1B000F814DD44DD43AE40EB1AA6085A0001FF07
:10F1C000FCE0FC0649FFFEE23C0DF9E55A000F1099
:10F1D00096004413F1C1AE0849FFFEECDD44DD4367
:10F1E000AE40EB1AA6085A0001FFFC86FA30F18502
:10F1F00084228400EB3884A1F187EB86F083F084CD
:10F20000F086F088F0892E472623B67FF581F382B9
:10F21000F58AEB6E8041EA71FC869200FC212E0794
:10F22000E9F480E480C55A08010A8406441000E12C
:10F23000DD473C0DFF97B606D55A9E0CE6025000FE
:10F24000FFF8E9049680E642E81D9600E602E92E02
:10F250002E07ECDEC00B8405DD478406441000E277
:10F26000DD473C0DFF93B606D542F181DD46F10145
:10F270005A0802F38406441000E3DD47EAE5B606C7
:10F28000D5365A180D268406441000E4DD472E07B3
:10F29000ED268E01E606E81144F0F0A4EA6E40F097
:10F2A0003C00DD0F1A060E24141A3C0DFF93B6061F
:10F2B000D51EEAC5B606D51BDD4BA600C804EA6D0F
:10F2C000B606D5155A080314EA94B606D5108E2A48
:10F2D000E622E808EAC5B605441000E58406DD47E5
:10F2E000D506DD4BA60049000C2EB606DD42C01542
:10F2F000EAAAEBE3E912DD5B5A08010684033E0744
:10F30000ECCCD50BDD5B5A0802092E07ECCC5A0871
:10F31000030584003E07ECCCEBF1B4A63C2DFF9135
:10F320003C5FFAC0C01BD20BEA94D0093C0DFF9A97
:10F33000D00F3C0DFF99D00CEAE5D82AA029962FD2
:10F340005A081427A029920C962F5A080B2204025F
:10F350008011EA6A14028011D51BD214EA94D012EB
:10F360003C0DFF9AD00F3C0DFF99D00CEAE5D81068
:10F37000A029962F5A08140D0402801196045A08E9
:10F380000108040280116600000114028011B40615
:10F390004412FF80402008093C0FFAC0B641041017
:10F3A00000084422FF84966FB622A0014412FF8811
:10F3B000962FAE08EB4D4412FF89A0014452FF90F6
:10F3C0009206962FAE08EB4D4412FF8AA001443DF1
:10F3D0000070920C962FAE08EB4D4412FF8BA001EB
:10F3E0004422C6889212962FAE084402FF98986B6A
:10F3F00038110400EAEDD8FCEB26B446EB10882265
:10F4000092229649EB9AEB26441E00208801920234
:10F4100096014413F400AC0897F84403F402AFC01B
:10F42000FCA19200FC2044719554381386024630AA
:10F4300000FF40608C0292CC10600009406090098F
:10F440001060000A38638A02462000F04073080208
:10F4500092F040138484FEE6926C1010000B44106E
:10F46000FF00407304021030000EFEAE403210095F
:10F47000FE6E952492E840220A1592281070000C26
:10F480001060000D1030000F10200010101000113F
:10F4900010500012FCA0FC02444195283B024C0095
:10F4A0003B0FCC20380F8000FE45380F8400FE85CE
:10F4B000380F88005600000FFC829200FC41B4A077
:10F4C000EA6DD050EA94D04EEAE5D04C3C0C039F54
:10F4D000E608E84844F0F2E0EA6E40F03C00DD0F58
:10F4E000127826485A3C7008EAD5C83E8400EA6083
:10F4F000D53B84003E07F000EAFE8E02E602E834C7
:10F500008402EA60D5312E07F0008C019600E606F1
:10F510003E07F000E9298405EA60D5262E00134451
:10F52000C8238406EA60D5203C0C03A05A08030FC8
:10F530003C100983E622E8F6D5163C0C03A05A08D5
:10F5400003F23C000983E602E8ED8404EA60D50C8E
:10F55000EAFEE602E809D5CBEAD5C0C98407EA602D
:10F56000D5038401EA60040280144412030092105F
:10F57000EA45EA4D3C1C039FE62D4EF2011444F08F
:10F58000F38C38178501EABA4A003C001A008A0059
:10F59000EA002A016601A601B001BA01CE01060205
:10F5A000D8010C0212022E17ED465A1801058420CC
:10F5B0003E17ED468420EA51841F3E001321EA30B5
:10F5C000C8083C0C00AEEB803C0C00AFEBEAD50960
:10F5D0005A0801083C0C00B0EB803C0C00B1EBEA8F
:10F5E000EBBE4491955497C89648EB03EB08842AE8
:10F5F000B61F84468007F88938048202F081EA68E1
:10F60000EA9CB49FEAD6F5018426844A8067F88D87
:10F610008400EA49F84F8421EA51EA30C8083C0CDA
:10F6200000AEEB803C0C00AFEBEAD5095A080108AC
:10F630003C0C00B0EB803C0C00B1EBEA3C1C039AA4
:10F640004491955497C89648EB03EB088423B61F62
:10F6500084428007F85A38048202F081EA68440242
:10F660000040B49FEAD6F501842284438067F85DA8
:10F670008405EA49F81F8422EA513C1C039C44910A
:10F68000955497C89648EB03EB088421B61F844233
:10F690008007F83B38048202F081EA684402008067
:10F6A000B49FEAD6F501842284418067F83E840045
:10F6B000EA49480000788423EA51460000CC500013
:10F6C00002BCEB088426B61F84428401F81E441154
:10F6D000955438008202F081EA68440200C0B49F69
:10F6E000EAD6F501842284468461F81F8401EA4940
:10F6F000D5598423EA5146000093500000AFEB082F
:10F700008426B61F8442840349FFFEC744119554E2
:10F7100038008202F081EA68440200C0B49FEAD651
:10F72000F50184228446846349FFFE7E8402EA490F
:10F73000D5398424EA518404EA49D5348425EA5130
:10F740008400EA49D52F8426EA512E07ED465A084F
:10F75000012284003E07ED46D51D8427EA51840529
:10F76000EA49D5208428EA51040280164412020096
:10F77000EA45EA4D4624259F4613DA6050108E452F
:10F78000502101BAA841A842A883A844A845A84688
:10F79000A8478405EA49D5068407EA49D5038406C3
:10F7A000EA49FCC19200DD40A6019E44E622E90739
:10F7B0005A000906DD4BA600E602E8098405F815A3
:10F7C000AE08F81AA6405A1001FFDD9EEBA3A60072
:10F7D000C8058401F80AAE08D50F5A0001065A0080
:10F7E00002045A08030A84004413F572AE08441355
:10F7F000F57383FFAE084403F3808421AE4083FF9A
:10F80000A6405A1001FFDD9E8400EB6D8421440365
:10F81000F403AE40DD9E4403F403A600EACDDD9E72
:10F820004403F40CA6009600C8074413F3CFA6487F
:10F8300040000406DD9E8401DD9E8400EA85EB6DB8
:10F84000AE08DD9EFC005A08011149FFFFAE49FFDA
:10F85000FFDD842D8400EB4A44138D463C0BF538C4
:10F860003E07EA05AE08FC8049FFFFE9FC8044033F
:10F87000F01DA680A641A6C04011050458108400C2
:10F880009688AE809228A681AE41EA3B4413F421CB
:10F89000F806502100014C21FFFE8440AE88442030
:10F8A00000004430000A83FF502100014C21FFFE7C
:10F8B000A6409648AE40DD9EFC20DD464432E1F491
:10F8C0004412DC584422E59C5A0802148400447215
:10F8D000DD0C4462E7B84452ED60F812384080080D
:10F8E00038428000384100088C015A0820F8FCA0FA
:10F8F00084004472E57C4462F0CC4452DC783843A6
:10F900008000384180083843000083FF38410008F8
:10F9100038428000384080088C015A0820F2FCA050
:10F92000A6403E1013C0A6413E1013C1A6423E1091
:10F9300013C2A6433E1013C3A645A684402105006A
:10F94000A647A6C640118500003000090040000807
:10F95000EAEC3C3809E40030000B0040000AEAEC15
:10F960003C3809E50030000C3E3013CC0030000D6F
:10F970003E3013CDEBCA969396DC3E3013CEEBCAE5
:10F98000964B4231840B3E3013CFEBCA3C2809E240
:10F990004231880B3E3013D0EBCA3C1809E34231A8
:10F9A0008C0B3E3013D10030000F96DF3E3013D267
:10F9B0000030000F92643E3013D30030001100403D
:10F9C0000010EAEC3C3809EA003000130040001255
:10F9D000EAEC3C3809EB003000150040001496CFEB
:10F9E000EAEC3C3809EC0030001592623E3013DA44
:10F9F000003000170040001696CFEAEC3C3809EEC4
:10FA00000030001792623E3013DE0000001E962F79
:10FA10003E0013DF42012C0BC006440FF000FE87AE
:10FA20003C2809E24200AC0BC006440FF000FE4740
:10FA30003C1809E384093E0013D2FA063E0013D3B2
:10FA4000DD9EA4C0442200004412D824EA35B661E9
:10FA5000A4C2EA351430800FA4C4EA35A8CAA4C6EB
:10FA6000EA35A8C902300008EA35143080100230A7
:10FA7000000AEA35143080080230000CEA351430F0
:10FA800080090230000EEA35143080110230001077
:10FA9000EA351430801202300012EA351430801337
:10FAA00002300014EA351430801402300016EA35B2
:10FAB0001430801502300018EA35143080160230F8
:10FAC000001AEA35143080170200001C4021004063
:10FAD00014208018DD9EFC00EB263C2DFF91EB10DE
:10FAE000882292229649EB9AFC80FC004423F6ACD3
:10FAF0004413F6AD5A080106AE108407AE08D504CB
:10FB00008400AE10AE08840080208040FA6FEA2F97
:10FB1000FC80B44084A08C449C2DA2D196005A58FD
:10FB2000200680A05A0823FADD9E5441803F3840C9
:10FB300094088CA197689266D8F3D5F4FC20B48021
:10FB400084608C8484E5B4045A38060566000FFF8F
:10FB5000D504921E4000780842219C2484A09690EF
:10FB60005A20200C386088008C414063140C8CA60D
:10FB7000880696905A581EF68C6196D8AA215A3853
:10FB800007E4FCA0FC20B4608400503180249583FD
:10FB9000A31997B0844099568C415472000F97680E
:10FBA00096903870940892845A2808F78C01960031
:10FBB0005A0804EFFCA0FC20B4608400503180346B
:10FBC0009583A31997B0844099568C415472000FC5
:10FBD000976896903870940892845A2808F78C0198
:10FBE00096005A0804EFFCA0FC45EA6D3C0FFAC0F1
:10FBF00084234403F40BAE4084264403F404AE4053
:10FC000084014413F407AE084413F408AE0884409A
:10FC10004413F01EAE884413F420AE08EA385A08A4
:10FC20000105EA6D490006B94402D8244412DD0CEE
:10FC300049FFFF714402D8244412ED60F8054402E4
:10FC4000D8284412E54849FFFF9F4412E7B8440210
:10FC5000D82449FFFFB24900089844020000490037
:10FC6000090DB1C1440195383B00440480273B0095
:10FC7000C424A600AE08B184440195443B0044046A
:10FC800080263B00C424A600509F801CAE088449F7
:10FC900084208009EA4484011004800684204442C0
:10FCA000E57C4432F0CC4402DC78382384003822EE
:10FCB00004083823040038218408382484003820BC
:10FCC00004088C215A1809F3FCC5FC00B480844058
:10FCD00050420024840080A098D096D838308C0000
:10FCE000958296DF4031980C8C0188A35A0808F65B
:10FCF0008C489690AB615A2820EFFC80FC04A64902
:10FD0000B4405A1003045A180D0FEB34A648C90525
:10FD10004412ED60EA73FC845A1803254412E54846
:10FD2000EA73FC845A180407F81658000003B889CF
:10FD3000FC845030FFF6E662E80B842084463820CD
:10FD4000FC088C215A1820FD803FEA73FC848E2821
:10FD5000E622E8088382B8096600000F83FFEA61A3
:10FD6000B889FC84FC00A68180C05A2003145A2064
:10FD700006129E14E602E90E50017FF8E602E90E33
:10FD800050017FF6E602E90A5A280D1EDD465A08A0
:10FD9000020684003E07E9B2D50484013E07E9B2B9
:10FDA000EB0BA6712E27E9C784812E37E9E8445270
:10FDB000C50449FFFA35DD465A000206EA5080269E
:10FDC00049FFFF9EFC80FC00B48084405042003418
:10FDD000840080A098D096D838308C00958296DF29
:10FDE0004031980C8C0188A35A0808F68C489690EC
:10FDF000AB615A2820EFFC80FC014412E1F4F08151
:10FE000049FFFE9EF0014412DC58F9BAFC81FC2443
:10FE100080E180C049FFFD522E2013D24442E1F41C
:10FE20004402DC582E3013C15A7806358429381222
:10FE30000808E662842238100808E924DD465A08DA
:10FE4000022284005A6803122E1013C14432E5487E
:10FE5000F83C5A0820FFEA93C00D8E228440881F88
:10FE6000E24110F07FFFD5064422ED60F83F5A08CA
:10FE700020FFEA938429381F8008EA50803FEA7304
:10FE8000D54CEA934412E59C8443EAFFEA50EA73B6
:10FE9000D5448420381208085A68030538600808D9
:10FEA000D504842138100808E662E930DD465A0896
:10FEB000022E5A6803192E0013C184285A0802031F
:10FEC000842784004432E54838218000382F800898
:10FED0008C0183FF5A0820FAEA93C010881F101083
:10FEE0007FFFD50C84004422ED6038110000381FDC
:10FEF00080088C0183FF5A0820FAEA938422381F75
:10FF00008008EA50803FEA73D508EA934412E59CE2
:10FF10008445EAFFEA50EA73EA5049FFFF6FFCA408
:10FF20003C5DFAC93C1DFFA0D10C3C1DFFA1D109CD
:10FF30003C1DFFA2D1063C0DFFA3FE2DEACDDD9EA8
:10FF40008401DD9E3C5DFAC9EBE6D10E3C1DFF92BB
:10FF5000D10B3C1DFF99D1083C1DFF9AD105EAE564
:10FF6000FE2DEACDDD9E8401DD9E844540300817DC
:10FF7000848696D8FE2438108E024000800D962F7D
:10FF8000DD9EEB043C3DFF9E5A1802043C3DFFA061
:10FF9000EB82442201209230EA994011044004404F
:10FFA000800A462C003F50210FFF54000FFF4000F5
:10FFB0004808FF16FF071440800AEB824432018094
:10FFC0009230EA99EB670430800AFE9EFE17140017
:10FFD000800ADD9EFC00446201044063002022038D
:10FFE000000049FFFFD0A4303C0BF545FC80FC41EC
:10FFF00080C03C0DAEDCF081EAC7EAC580E1812219
:020000021000EC
:100000004C5000C1CE04AF9084E1D50F5A6804096A
:10001000800149FFFFE11074800084E3D506B00140
:1000200038600400AE5084E384004412DC58386029
:1000300080088C014492DC585A0820FB49FFFF8459
:100040003C6DFAC9C01004030014441203C092109E
:10005000EA45EA4D3C1C039A8C259648AE44AE45D1
:10006000AE46AE4749FFFF5EC06650830050B408FD
:10007000441204209210EA45EA4DEBBE3C2DFAC032
:100080008C259648AE443C1C039C443397808C25B9
:100090009648AE46B408441203609210EA45EA4D11
:1000A0003C1C00AE84888C259648AE443C1C00B0B5
:1000B00084A28C259648AE453C1C00AF86098C2551
:1000C0009648AE463C1C00B18C259648AE47B40815
:1000D000441203C09210EA45EA4D3C1C039A84CBBB
:1000E0008C259648AE44AE45AE46AE47840004111A
:1000F0000008966FE001E8419843A6489648E63428
:10010000E809E62CE810C1125A180A1339048008CD
:10011000D50F5A10140650F0FFE0E2AFE909384459
:100120008008D50638648008D503387480088C01AF
:100130009600D5DEEA6D4C600005EA944C60401EE6
:1001400084283E100278842A3E10027A3E100284EF
:100150002E1013D24422E1F4382104004402DC586A
:100160005A280906844238200408D5073870040844
:100170002E1013D338700408EA504412DC5849FF9B
:10018000FE24FCC144138D40AE08AE98DD9EFC01F8
:1001900080C0DD4BB65FF381AF808001EA3E800610
:1001A000B43FF20149FFFF25FC81FC6084003E075B
:1001B000E9B2DD40842300A0000144738D41AE41CB
:1001C0000093800049FFFB7A840080408067DD5205
:1001D00044638D4000B30000EBB4EA504412DD0CE0
:1001E00049FFFCAE8403DD5280498067EBB4E762CF
:1001F0008403E8028400AE304412DD0CEA5049FF6B
:10020000FC9FA630DD528049EA43EBB4A6303E079E
:10021000E9FBDD4010A00001FCE0FC208380BA1265
:10022000BE134442032054217FFF4022084092D055
:1002300054037FFFA795848CFFA440630040EA9C91
:1002400088C0C3299221520086409641EAAE400000
:100250008017A05396006610830058108200A853A0
:100260009E45E637E81384614071800C9F418420ED
:1002700088039AA94041880C98814021880CFEA7E8
:100280008C21FFD75A1803F7D50EE605E90A467FF9
:10029000F000D509A01384FF66000300A813D5035E
:1002A000447000FFDD42C00292F04203BC0BF842F2
:1002B000A031464FFC7FF82CA8314203B80BF83A26
:1002C000A03150420FFFF82EA8314203B40BF83290
:1002D000A031463FE3FF66000007FE0FA83142034E
:1002E000B00BF828B40650318FFF66007000400054
:1002F0000584B6064203AC0BF81DB40666000E007A
:1003000040000524B6064203A80BF814B4066600A4
:1003100001C0400004C483FFB6064203A40BF80AE0
:10032000B406660000384000046483FFB60642034A
:10033000A00B94018C045410000683FFB4066600E1
:100340000007FE0F42139C0B9449B606F8114408AF
:10035000FFFFFE4640108A04B6264213980BF807AA
:10036000FE6640108A64B6264213940B94498C248E
:1003700054208006B42683FFFE5E40108AC4B62651
:100380004213900BF80A461F1FFFEAF8FE6E40105A
:100390008B24B62642138C0B94498C24B4A654208B
:1003A000800683FF4618FFFFEAF8FE6E40108B843C
:1003B000B6264213880BA0B194498C2454108006B1
:1003C000FE1640000604A831540380024E00FFB41C
:1003D000A03197FCFE264000066495F9A8318CE414
:1003E00054038006A1F1FFDE407382C4A9F1FCA092
:1003F0008400EB34AE08EAAD3C1BF5534412C9F857
:100400003E07E9FBAE08AE09AE0AAE0BDD9EFC006E
:100410002E27F01E84C340111857443003209690B5
:100420004412817842110C73DD5C49FFC33F2E07F3
:10043000F01E8C0196004060183796484010041B4F
:100440003E17F01EFC80FC002E27F01D84C34011D7
:1004500018574430032096904412817842110C734F
:10046000DD5C49FFC3232E07F01D8C019600406020
:10047000183796484010041B3E17F01DFC8084007E
:100480003C0BF53C3C0BF527DD4BA600C0049E431E
:10049000E622E81244037320A6003C0BF527441320
:1004A00073224403732144237323A600A648A69015
:1004B0003C2BF53CD5269E41E622E9035A0805204F
:1004C000840044537320802044337334A7283C2392
:1004D000F5278CA488443C2BF5270022FFFD8802D9
:1004E0000022FFFE0042FFFF88223C23F53C9601DC
:1004F000884496493C2BF53CDBEAD50384008020F8
:100500003C23F53C88223C23F52796498802960136
:100510003C1BF53C88203C0BF5273C1BF53ADD9E47
:10052000FC00846080A384DF9718E282E8073850DB
:100530000D0938608D098C61D5F8FC80FC0084A021
:1005400040308C204C118018A500A588E2C4E80337
:10055000A500AD08A580A510E2C4E803A500AD1074
:100560000A4080010A6100018A86E0A4E8029761DE
:100570008C02D5E98005FC80FC2084A082604121AA
:1005800040098082800597E9E2E3E83E5CF38064FD
:10059000E90650F3FF385CF78064E8324069942044
:1005A00002F3000003108000E3AFE805030300003E
:1005B000130080000313000002F20000E3AFE8051F
:1005C0000303000013020000031080000302000078
:1005D0004108C001E010E8143D180C5A400800130F
:1005E000030200003D080C5BA5B03C680C5C3C7845
:1005F0000C5D3C080C5E3C280C5F3D280C608CA117
:100600008C228C82D5C1FCA0FC004440032080C118
:100610004413000042101073800180228043443054
:10062000012CEB68AC30FC80401004204430FFFF0C
:1006300084404C00800EA500E244E803A48096911B
:10064000A500E283E803A4C096D98C02D5F3EBA100
:10065000420180019A109601DD9EFC6044600320F7
:10066000FE34448301904463000050B1819050A255
:10067000019080E18122890088C0EAAD8006EB8884
:100680000214800081A9E220E8031204800050C314
:100690000190EAAD800CEB88021680008D22E220EA
:1006A000E8031204FFFF5015FE70800650257E708F
:1006B000F809A47881A7E220E802AC38802B800CEE
:1006C000804AEB5DEB24021680008CE2E220E80316
:1006D0001203FFFF5063006450B5806450A50064AE
:1006E0004C647FCDFCE0FC002E07ED272E17ED6E4D
:1006F000C0203C0DCA825A18010592019601D5030B
:10070000920296013C2DFB4EE2402E07ED4AE80690
:10071000E61EE80F8C01EBA2D50CC00B5CF10E10AD
:10072000E906E60FE9048E05EBA2D5038E01EBA2E4
:100730005A1801112E07ED4A5A081E058405EBC907
:10074000D50CE614E9048406EBC9D5078407EBC988
:10075000D50449FFF3EEEBC9FC803C33F8095CF1AA
:100760008033E913FC00848084C3E282E80D4030CA
:100770001020A558A4C88C81FEF490624031945C8E
:100780001A308001D5F3FC80DD9E84003E07ED49E0
:100790008400EADCDD9EFC003C03F809EBA6E905D9
:1007A000EADF84003C0BF552EB56EBA6E90384002C
:1007B000EAC1FC80FC0080C084003C0BF53A49FF94
:1007C000FE602E07E9CC406300D6DD463C2393A0B3
:1007D0005A0002088423FE549649E2C1E90BD50E63
:1007E000EB8DE2C20010002BE8093C03F53AE22051
:1007F000E9058400EAC18400D5028401FC80B4616B
:10080000AE185A2802049208AE19B4018840B641C5
:10081000DD9EFC448140B61F81218400B1C13815A2
:10082000000038101C088C015A081AFB44001900FB
:10083000F844EA94B43FA680AE880400001EB43F9A
:1008400092109C89962FB65FAE09F82B8442440023
:100850000280F835EA6D803F04600014EA9C92D073
:10086000EA68406018408386B80E8442F821F82375
:10087000B80BF829F823B41F00130028AE40B41FAA
:1008800084429C41B63F3C1DFF9E0460801444128C
:10089000018092D0EA684060984000130028AE4181
:1008A000B41F803F8C01B61F83FF0403000E92101B
:1008B0009605F80502030016803F844249FFFFA118
:1008C0000403000B803F921054000FFF83FF4E0083
:1008D000FFF6440FFFAA10048051EA53EA3B0004DC
:1008E00080515A00CC04AE88D5FBDD42C0074412CB
:1008F000FE51840280418461DD458400381380000C
:10090000381500088C015A081AFB84001004805125
:10091000FCC4FC0044030C803C1C01DD442000C8E6
:1009200049FFC0C4FC80FC002E07E9DB8E01E60213
:10093000E809DD5C44030C80EA793C2FFB2E49FF7B
:10094000C0B52E07E9DBEB235A08011644530C808F
:10095000442F74F84430096044430FA08400986A1F
:10096000A5A838608009500003204C01FFFB8CA231
:10097000DCF6FC80FC80FC0049FFFF0F49FFFFCB49
:100980002E07E9DBC008EADFDD4BA60049FFFFCDFB
:100990008400EBC5FC80FC000400001444120060DD
:1009A0009210EA45EA4D2E172748101000182E170E
:1009B0002749101000192E1727461010001B2E175C
:1009C00027471010001AA0454210F008A845A0457E
:1009D0004210F408A845A0454210FC08A845A045CF
:1009E0004210F808A845DD42C00544037320F8040E
:1009F000FC804403738449FFECACFC803C0FFC0991
:100A0000DD9E2E37ED6E5A3001062E37EA475A38F2
:100A1000011C84603E37EA47003000103E3729F160
:100A2000A0053C0FCA7DA60A3E072A3CA60B3E073E
:100A30002A3DA4123C0B9533A4133C0B9534FA04C5
:100A40003E072A6ADD9EA6C03E3729F1A0033C0F6F
:100A5000CA7DA6083E072A3CA6093E072A3DA410E7
:100A60003C0B9533A4113C0B953484043E072A6A51
:100A7000DD9E5A00010544128178D502EA79504082
:100A8000832080A184001A028001DCFEFC204453F4
:100A9000000044630C80800180650A218001A5C0AC
:100AA0004023885C1A2000014C027FF950528320B9
:100AB000DEF38400443281784440096084A0988346
:100AC000386080013861140950528320DCFA8C02AE
:100AD0005A0B20F6FCA0FC60848084FF84C18267EE
:100AE00080A482244492C9F8816681040300000036
:100AF000552200FFE3828140E80E03008000E3837B
:100B0000E80A38849008A580E2D3E8088266823239
:100B100084C0D50538B49008D50284C00B0080018C
:100B200002A500008C81898AE3878C0240783C1BF7
:100B300040593C1B5A4804DC5A60010380B18005CF
:100B4000FCE0FC002E17EA123C6DFF91C10B840003
:100B50003E07EA12441000E684063C6DFFA8DD471C
:100B6000D534C80ADD5B5A000131DD5B5A08022E1C
:100B70003C6DFFA0D52A5A08030EDD5B5A0801051B
:100B80003C6DFF92D522DD5B5A0802203C6DFFA12F
:100B9000D51C5A08010EDD5B5A0801053C6DFF9912
:100BA000D514DD5B5A0802123C6DFFA2D50E5A081F
:100BB000020DDD5B5A0801053C6DFF9AD506DD5B31
:100BC0005A0802043C6DFFA38006FC80FC002E073F
:100BD000E9F7C82B3C0DFB585CF00032E9042E0706
:100BE000ED34C0062E07ED335CF00032E91E8420A0
:100BF0003C1BF534840044326EB8EB37E202E80661
:100C000098838C01AE509601D5F93C0C01D93C1C5F
:100C100001DBEA4B44000033EADCEA79EB6BDD5C94
:100C200049FFFD9D8401EAA8FC8040300C204C0166
:100C300080051A200001D5FCDD9EFC4051FFF9B86B
:100C4000F0818400EB33EA79B0028440EA22EBAF12
:100C5000500F8328EA79EB1CEA22EBAF84C044A052
:100C60000320449281784472F27C80094203287305
:100C7000B042502F8328EA22EB68380399098CC1CF
:100C8000EB335A6803F4B042502F8328EA22F00174
:100C9000EB68EB333C080C52EA79F00149FFFBB9F1
:100CA000DD4BA6008E03E602E8113C03F5534460D9
:100CB0000032EBA6E9089E4150007FCE406018D676
:100CC0009B8E97B13C6BF553D504EB8D0260000E03
:100CD000DD465A0002058403FF8497B13C03F69E6B
:100CE0003C100C543C080C53E220E8033C080C5424
:100CF000E2C03C680C553C080B703C680B71E80581
:100D000084023E07ED49D5162E17ED49C1048E2108
:100D10003E17ED493C13F54BE220E90A3C03F80984
:100D20004410EA5FE220E9068C01EADCD503840086
:100D3000EADCEB6FE602E9078401EA8784003E07FC
:100D4000F004D5098400EA872E07F004C0048E0160
:100D50003E07F00451FF8648FCC044038D40A64086
:100D60002E07EA0AC1062E17EA095A1801038C0158
:100D70003E0726E8DD9E44100055DD43AE40EA857F
:100D8000A608C8FFDD9EEBE6442200C004008014E4
:100D90009210EA4540010040B400920A96373E079F
:100DA000E9E904008014441200009210EA45EA4D7B
:100DB000B42000000028922A96773E17E9CC3E071F
:100DC000E9F1DD9EFC008400EB6DDD4C8421AE403A
:100DD0008401802049FFC3F8DD43DD44AE403C2D53
:100DE000FAC5A6505A1001FFDD44AE40840CEA213A
:100DF000DD4C8421AE408400EB403E07ED33FC80A7
:100E0000FC008403EBC5EA9684008040DD52EA438F
:100E1000EA888400EAA83E07ED3384013E07ED34FA
:100E2000EB45DD4BA60049FFBE74EADFFC80FC20E9
:100E3000444200002E6727B4842044338D4080E470
:100E40009688E246E819A7589881C5040051002009
:100E5000D503385004004102040010580184A758FB
:100E6000C50400210028D50300210008997910222B
:100E7000818C8C21D5E6FCA04422D824B462444263
:100E80000000EB82A0919230EA99401204400410D5
:100E9000800A923254108FFF964B121000813C1B37
:100EA000F54AEB8204210015923044320180EA9920
:100EB000EB6754217FFF4432000C40218840023010
:100EC000801F103001040230801F9268103001052D
:100ED0000230801E103001060230801E92681030F1
:100EE0000107A4D310300108A4D39268103001097F
:100EF000A4D11030010AA4D192681030010BA112C4
:100F0000846192985452003F044080114041903EC9
:100F1000404290E41040010CA092041080119248CD
:100F200096AFFECE40310CE41030010DDD9EFC206A
:100F300080E080C1EBDDDD42C00C50130104804134
:100F4000846A8402DD45EA67840249FF987DD504FE
:100F5000840249FF9879EA94442201808380B9147D
:100F6000BB1592304402000C5431FFFF40300C405E
:100F7000EA990003010540110440002301044001E7
:100F8000010096011200801F0003010700230106E3
:100F90004001010096011200801E0003010C402058
:100FA0001C0950408044B404EAB340000824B6044D
:100FB000B4040023010D66000001400008F5B604EA
:100FC0000003010900130108EBF39601AC1B0003B9
:100FD000010B0013010AEBF39601AC190003010C9D
:100FE000A09A5410003F460C0FFF50000FFFFE1652
:100FF00040000704A81A0003010D5410003FA01A76
:1010000066003F0040000504A81AC7038EE197F868
:101010008403DD528047EA43EBB4FCA0FC608121ED
:101020008162814380C4DD56A60896005A0801FEFD
:10103000DD5AAE08802049FFC2C7DD59A640C9FF6E
:10104000A6405A1801FF84003E07E9F9DD42C0209E
:10105000EA255A0809FFEAB1EAB7EA4BDD4C8421D8
:10106000AE400074812ECF05F8083E77E9F9D5101F
:101070000073005197FCCF0649FFBD9B1074809E02
:10108000D5058400EBA049FFBCD78401EADE840AC1
:10109000EAA784001003005110030052100300530C
:1010A000FCE0EBE64422000004108014463C003FC4
:1010B0009230EA99401104400420800A50318FFF99
:1010C00054000FFFFE9E402102441420800ADD9E42
:1010D000FC4280C2812080E1FA408420801FEA44E3
:1010E000987E2E27F0144432C69CEB2E9649380188
:1010F000880880834462F26CC10438130909D5045E
:1011000084013803090984209C1145019674451017
:101110000BB899419757387214005A70FF0F38383E
:101120000400385315014231C42440319476385FAD
:101130009E028865383F9E0A8C215A1808EC84204C
:1011400080618081385F86029788E2858C214033F8
:101150003C1B4042BC1B5A1804F7E647E9028400D6
:101160003E07F01410348000FCC2FC60EE38509F43
:101170008028F082F183844884208009B1CCEA443D
:10118000800784208448EA448400EB33F003446001
:1011900000C8406300D654D300FF40068408960080
:1011A000F08485809431F081048F80028169814CC4
:1011B00097B1F0034CA0005FB00E501F8100F20405
:1011C00049FFF9B04452817844428AD840E614007D
:1011D000888C14BF8005B04E502F81008066800E31
:1011E000F487EB24F086B06750070190502F81649C
:1011F0008066EB24F50602158000E20540503C1A9B
:101200009629E220F407E8031255800050E70320F6
:101210004CE27FE3B04E502F810080668008EB24C3
:1012200050E40190F086B067800E502F8164806694
:10123000EB24F406F105E20440403C1AA448962150
:10124000E2208D62E8031245FFFF802D8008EB88C5
:101250003803A909802D800EEB883813A901E220FC
:10126000E8033803A909F0018D41890040C6000058
:10127000D5A1F00249FFF8E9DD463C1DFC0902203A
:10128000800F5A0002058403FE84969180628029B3
:101290008007F97C38138101100F802738248101E1
:1012A000500F802749FFFF1644138D41A608004FB9
:1012B000802738038101EB33A6C8385391013823C6
:1012C0008D0138048D018802382491018845E04061
:1012D000E8069A825CF100C8E805D5028440103F18
:1012E0008027A608443001F4945140108C37E6233F
:1012F000E807C907441000C740108806D5028423B8
:10130000002F80272E57F01CDA072E37F015886142
:101310003E37F015D5033E17F0152E37F015E6636E
:10132000E8035A18030684003E07F01580023E27A2
:10133000F01CEDC8FCE08401DD9E84004412C69CD4
:10134000845FEAFF8C015A0808FE84003E07F0140F
:10135000DD9E5A0801078401AE088400AC10DD9EB2
:10136000EB8D0200000F42420001E283E9F5A41078
:10137000E61EE8048C01AC10DD9E8400AE08DD9E04
:10138000FC40812184203C1BF69E109100008424A7
:1013900080C2814349FFFEEB80E04402C9F8381067
:1013A000240081205A18010FEB6FE602E8048C013B
:1013B0003E07ED4984013E07ED6E84003C0BF5517C
:1013C000D52E4412C74E84004422C4823C33F69E7C
:1013D0003C43F54BF9152E17ED49C1048E213E17FC
:1013E000ED495AA801128460802338048C00C80398
:1013F0008C2196498C615A3804FA5A180406EB5627
:101400008C01EAC1D5038400EAC13C13F809440009
:10141000EA5FE201E9048C213C1BF8098400EA87B9
:10142000EB6FC0048401EA87AFF0FCC0FC00978436
:101430004060982044100640FE0C44130000400019
:10144000803C80228043EA22EB68AC30FC80FC6068
:1014500051FFF9B8B67F8160EA22B002818180E253
:10146000EA798440F481EBAFEB1CEA22500F832829
:10147000EA79EBAFDD4C8421AE4084C084013C6F3F
:10148000FB0A4493F04AEA7EEBDCEADF44D3F42320
:101490004C65804884003E07EA1A8400EB7384019F
:1014A000802049FFC091840C10A48000EA2100062E
:1014B00080005A00040510A48000D5FA850C85C070
:1014C0002E07EA1AE20CE825EA255A0809FF3C8FA4
:1014D000FAD53CEFFB0A2E07EA1AB43F5A78020904
:1014E000F201B0C2504F832849FFF8B9D50BB08242
:1014F000503F83285A78010549FFF888D50349FFF2
:10150000FF972E07EA1A8C0196003E07EA1AD5D9F2
:10151000DD4C8421AE408CC1EA3CEA9297B0D5B94B
:10152000EA9651FF8648FCE0FC4384208448B002E0
:10153000EA4484208448B004EA44EA968422DD4BDD
:10154000AE40844284018425F80C44638D42EA59FC
:10155000EA78A6305A088F0AEA5284018425844228
:10156000B0C2B104F829D5F6B04284448402F859D7
:10157000DD463C1DFC090220800F5A000205840351
:10158000FE849691B0428062B00449FFFAA6F081D1
:1015900049FFFED58402F815EA96F001FCC3FC0170
:1015A00080C0EA968421DD4BAE40840184258040D2
:1015B000B0C1504F800649FFFF4C5A6801058006B4
:1015C00049FFFA59EA96EB7449FFF8F6FC81FC41B1
:1015D0008400EA2C49FFF9D1DD4BA600C0145A0063
:1015E000040448000062EA843C0BF54B4412C74EE9
:1015F00084004422C4823C33F69E4440005049FF9C
:10160000FEAAD5063E07ED6EEA843C0BF54BEB6B6C
:10161000842049FFFB14DD4BA6004412C71C844103
:1016200049FFC035EB4CA60096424E14000F5A08F5
:1016300088098400EA873C03F8098C01EADCD505B7
:101640008401EA878400EADCEB6BEA79DD5C49FF20
:10165000F886EB535A000103F8622E07ED3E5A005C
:101660000103F85D8400EB0544000043DD4149FFC0
:10167000FF5DEA2CEB4CA60096424E140004960F38
:10168000EA2CDD52002F8007EA438403EA8884C1F4
:1016900084003C0BF551EAA83E67ED6EEB45EADFAE
:1016A0003E67ED6FF83CEBA13C0BF54BEB355A0870
:1016B00001093C3DFB584400003140300C06D50781
:1016C0008460C8052E37E9EE40300C0644138D4186
:1016D000EB6BA648EAAF49FFFE5544138D4220004C
:1016E00080004E04001A8400EA87A6089636C00FD0
:1016F0008400EAC1A60854200020C20E6620002003
:10170000960FAE88EA2C8401EA87D506EB56E61ED2
:10171000E803FA0EEAC1EB535A00010448000070D6
:101720002E07ED3E5A08011E2E77E9E35A78011A7A
:1017300044938D4100548000EB48D06184C03E67E3
:10174000ED6FEA968403DD52002F80078069EA88F6
:101750003E67E9F73E67ED333E77ED6FEB45D54FDA
:10176000EB56E61EE94C44000042DD418400EAC12C
:10177000EA96DD42C008EA255A0809FFDD4BA600BB
:1017800049FFB9C7840149FFFF0C44238D42A6508D
:101790008062970A4E4400089666C106440FFFC057
:1017A000AE10D521C82084E0AFD82E67ED42EA43C1
:1017B000CE0E8006DD528046EA883E67E9F73C6F30
:1017C000FB583E77ED33EB45EADFD5198403DD5254
:1017D000A698EA883C0DFB58EBA6E91184013E0768
:1017E000EA07D50DEA438403DD52A698EA8884000F
:1017F000EAA83E07ED338401EB05EB45EB8D0000D5
:10180000002EC00B3C13F69E4402FE54AC403C1329
:10181000F5404402FE56AC40FCC1FC00DD465A08CF
:10182000022C3C1DFB0CEA93E220E803EA9FC00C6B
:1018300084003C0BF53849FFEFF5C81E49FFF6213F
:1018400049FFFEC7D519EA6F5A0801064402C45081
:1018500049FFB832840184408080842A806280A25B
:10186000DD55DD5B5A08020549FFCA61D5DB2E074D
:10187000E9B55A0801D8FC80FC20DD4BA6802E1764
:10188000E9CC2E07E9F12E37E9BB2E5013DFCA054C
:10189000804082018003D5048205804380A142718B
:1018A00040243D1C01DB4220142484804523331056
:1018B0003C03932AE280E81595A140034800A4C0A8
:1018C000A44088D1A430FE6C4231C0249A08FE3C6A
:1018D0008C81400008169A189601AC309721D5E902
:1018E0003C0C01DB3C1C01D9EA4BFCA044531C20FE
:1018F000442003E844331DB05A08050BA528021202
:1019000091B8FE64401088379649AC68D50B5A08E8
:10191000010AA468024291B8FE54401090379649DB
:10192000AC688CA2DBEADD9EFC6080E0DD4B80C110
:10193000818281638144009000005A780114C103C0
:101940008EC197B0EBA3A740D607EB355A08010527
:10195000800649FFDB938403DD528046EA43EA8830
:10196000D50D5A78020C5A980405840149FFFFC02E
:101970008400DD528046EA43EA88840149FFE89BFF
:10198000DD56A60896005A0801FEDD5AAE088020F2
:1019900049FFBE1ADD59A640C9FFA6405A1801FFEB
:1019A000DD42C016EA255A0809FFEAB1EAB7EA4B58
:1019B000DD4BA600C8045A980409D5055A08040648
:1019C0004E93000449FFFF5ADD4C8421AE405A7803
:1019D000010984001076000010758000EAA7D5097F
:1019E0005A780208840010060000EADE8401EAA7A3
:1019F000FCE0FC202E67EA063C73F52BA60149FFAC
:101A0000DCFB8EC1E2E05C630001E904EB11C00283
:101A100084C18006FCA0FC00DD40A6415A100405EC
:101A20008424AE41EA3E840A441000B5DD47EB1140
:101A3000C803F80AE80349FFDF85840A441000B6AA
:101A4000DD47DD42C024DD588E04E60283FFE8173F
:101A50002E07E7985A08010A4410003F8408804185
:101A6000806149FFE52FD5155A0802144400003F54
:101A700084268040806049FFE525D50B4420003F47
:101A800084088426806249FFE51DD50349FFE52CC3
:101A9000441000B7840ADD478405DD4AEA6749FF40
:101AA00085AF8406DD4A840A441000B8DD47DD4C6A
:101AB0008421AE408420840280418461808180A1A1
:101AC000DD55FC80FC418120EA3CEA9284063C7DA5
:101AD000FAB0EBBB84C1DD40EBE2EA3EDD4BA60091
:101AE000842649FFF1968400EA8FDD5997F83C7F00
:101AF000FAB03E67EA26AF80DD4CAF803E67E9EF83
:101B00002E67E9C797B05A6801108026DD40DD5482
:101B1000800949FFDC51F08184408402F101806634
:101B2000808280A2DD55FCC1FC2080C0DD44DD4305
:101B3000AE404472FEF22E07ECDDC8198404441056
:101B400000F3DD47EB3D8401EB595A080103F8220D
:101B5000A6B89690C205DD4049FF9380D5ED84017B
:101B600080208062808080A2DD55D5E68401EA581D
:101B7000840ADD4A2E07ECDDDD4A2E27ECDD5A28EB
:101B8000030C8401EA3A49FFDCB58400EA5884007A
:101B9000EA8E4800006D5A280409DD408421DD5496
:101BA000EB3E8400EA8ED5635A28060D800649FF75
:101BB000FF8B84013E07ECD78400EA588400EA8E4C
:101BC000D5565A280A13A63184C15A080A07840038
:101BD0003E67ED6CEA8ED54BEAE1DD4C3E67E748A7
:101BE000AF808400EA8ED5435A28092DA63184E0BF
:101BF0005A080A0984023E77ED6C3E77ECDDAE3080
:101C0000D5365A080B14AEB1DD403E77ECDDEA3E26
:101C1000DD408421DD548400EA2E3E77ED6C49FFDF
:101C2000BD2684013E07ED19D5228405DD4AEA6709
:101C300049FF84E68406DD4A3E77ECDD8402842099
:101C4000D5115A280B1584203C1FFB57AEB13C2DF3
:101C5000FAC58401EABD3C1BF52B3E17ECDDAE1046
:101C6000840280418461808180A1DD55FCA0FC61FB
:101C700080C0A601B65FF3815A080408A6305A084E
:101C80000105840049FFDB822E07EA215A08010C76
:101C90004402C401B43FF2013C3DFABF3C4DFABDE1
:101CA00049FF9713EA3CEB06DD42C805EA24EA390E
:101CB000EA36D566852044A2FE5044C2C56C44DD98
:101CC00001B044B2FE56DD5E5A000121A6315A0829
:101CD000041EEA8A4472FE50EB935A0010188401E5
:101CE000EAFDA6388540EA7A80278047846610A3FB
:101CF00080008402DD4584024412C7048041806074
:101D0000DD45EA523EA7EB8CD52C3B0540003B0657
:101D100040204402FE54A6403E17EB90A6013E0729
:101D2000EB91EAA984024422C56C8466DD454452E5
:101D3000FE504412C56C8005382034043800800001
:101D40004C01000D50748001E72597F8E806440027
:101D50000089DD418127D5B881278CA14C55FFED45
:101D6000EA24FA12AE08804184028461DD452E0720
:101D7000EB8C5A08130F44000085DD41D50AA608F4
:101D80005A002204AED0D5FCEA83A6005A0013F50F
:101D9000DD524422C3B4B47FF401EBE949FF985CFF
:101DA0009600EAEA49FF9291DD585A00010984E160
:101DB0003C7FFAE8DD42C8033C7FFAFEA6315A08B0
:101DC0000812A6305A08024FEA3F5A00063E5A004F
:101DD0000906EA3F5A08113ED514DD465A0802FBAF
:101DE000D533541000FD5A180910A6705A18020D68
:101DF0008401EA7EEA3F9E46E622E9265A08112A35
:101E0000DD42C022D5265A080A07A6308E02E60215
:101E1000E829D51A5A08030CA7B05A68012480068D
:101E200049FFE6498006EA7E8408D51D5A08040F5A
:101E3000A7B05A680118800649FFE63D8006EA7E91
:101E4000EBC13E07E9BA8408D50E5A0006E7D50A69
:101E5000844084618402FA25808380A2DD55840851
:101E6000D5028401FCE1FC0084003C0FFB07DD444B
:101E7000DD43AE403C2DFB07CA0884018020806210
:101E8000808080A2DD55D5F7FC80FC00DD56840003
:101E9000AE08DD5AAE088401EA28840BEA322E0728
:101EA000ECD3EA5BDD44DD43AE40EA85A6085A0088
:101EB00001FFDD42C00AEA24A6085A0832FF84095D
:101EC000EA218401DD4AD50C49FF8EC7EA24EAAE37
:101ED000AE08804184028461DD458402DD4AFC80D5
:101EE000FC6180C081618406A67180E28520DD47A7
:101EF000854944C3F04AEB87A6313E97ED198E031E
:101F0000E6094EF202FF44F11D10EB20EA2BDD0F33
:101F100012005201F0055002F0056C03CA03A4043C
:101F20000C05DD422E0726BAC809DD44DD43AE406C
:101F3000840944100091DD47D5295A08013F0493D4
:101F40008003F848E320E9F2D538DD59A600C8241B
:101F5000DD4CA6005A080121DD5B5A08021BEA6F1E
:101F60005A0801064402C45049FFB4A62E07264F62
:101F70003C1DFB0C8C019401E220E80884408401A4
:101F8000842A8062808080A2DD55DD42C005D5DED6
:101F9000DD5B5A0001E6DD42C80CDD59A600C80928
:101FA0002E07E9B75A0001062E07E9EF5A0001D9BA
:101FB000840944100092DD472E0726BA5A00010317
:101FC000EA20DD42C01BEB4CA600C0038400EA2ED1
:101FD000A1FB49FFDA1AE207E904EA91C006D50934
:101FE00049001B92C8FBD510DD588E04E602E90CAF
:101FF0002E07EA065A000109EA202E17ECDD5A10D6
:102000000403EA20EA8EDD44DD43AE40DD56A60837
:10201000C0FFDD42C808DD4BA6005A08030949FF8E
:10202000F6F1D50549FF8791C0FED5F68404AE319F
:1020300084003E07ECDEDD40EA3E49FFDB8FDD42F7
:10204000C0088406441000D5DD478404EA41D50366
:102050008401EA58840EDD4A84023E07E9D7EB3E4C
:10206000EA20840B441000BADD47DD42C812840B1D
:10207000441000BBDD478006EB31F95C8405DD4A86
:102080008404441000F1DD47EB3D8006EB9CEA2020
:10209000840B441000BCDD47DD5EC8388401DD4A96
:1020A000DD589E44E624E90E5A000C0DDD5E5A0010
:1020B000040A3C03F6925A0801048006EB5B840094
:1020C000EAFDEBC12E57E9BAD805EA6CEBD8EBF67E
:1020D000F919EA3CEA92DD588E04E602E809EA764C
:1020E000EA46EA5F8400EA478400EA8FEAF3DD5EAD
:1020F0005A000413441000D28406DD478404EA41E8
:10210000DD408421DD54EB3ED5075A0804068401E6
:10211000EA488400EAFD8400EABDEB318006F90A52
:102120008401EA3AEB11C80B49FFBDA9EAAB5A0892
:1021300003058402EA75D5038401EA75EACC5A08DE
:102140000103F804DD5E5A080404480001D5DD5B94
:102150005A000203F804EB114E0301CE480001AA15
:102160002ED7EA265AD8011349FFDA168402EABDAF
:10217000DD4CEB1984053E97EA2EDD4ADD424E0226
:10218000FEBDEA255A0809FFEA205AD00203EA20D8
:102190008400EA75DD42C028EA938C023C1DFB0CEA
:1021A0008C22E220E8053C1DFAEE5A1801F9EA6C8F
:1021B000EBD8EBF6DD404412E53449FFDC47EACCCE
:1021C000C805DD40A601EAE9F9788406DD4ADD4369
:1021D000DD44AE4080C049FF86ABC0FEEA31AE3080
:1021E000DD5BC0FFD52249FFBD4AEAAB5A080305B3
:1021F0003CDFFAB0D5038401EA75DD44DD43AE402F
:102200004493F7F1EA9F80605A0801FE0074800051
:1022100097FCCFF94412C4A080418402DD458006BA
:10222000EB9C3E77ECD7EA2084003E07ECD7EBF13D
:102230005A000104EAD5D50284002E67EA065A68DE
:102240000108DD408420DD543E67EA26EA200015BF
:1022500080004E1301532E17E9DF4E13014F4E033A
:10226000014DDD5B5A00010448000148441000D4D0
:102270008406DD478404EA41EB3EEA20EA3F5A083F
:1022800006108400EA48EABDEBD8EA6CEBF6DD46BE
:10229000C00CEA740200001049FF8D28D5065A08C8
:1022A0001110DD42C0EFD50C8403DD41EAE1DD5AB7
:1022B0008401EA3AEA80AE08840FDD4AEA20EA3F68
:1022C0005A000903EA20DD465A000203EA20DD40F5
:1022D0008420DD548403AE31EA208401DD4ADD42EE
:1022E000C8098006EB31F8268405DD4A8006EB9CA0
:1022F000EA20DD5EC8178402DD4A49FFB9A68006E0
:10230000EB5B49FFDAC5DD4C8421AE40DD5E5A004F
:10231000040E8409EA418403DD4ADD42C007F83532
:10232000D5055A0804048401EA488404DD4A80067D
:10233000EB3149FFDC4DEACC85213E97EA2E5A006D
:102340000105DD5E5A08040A840AEA41EAE1DD5A21
:102350008401EA80AE08EA20A631EAE9F8AE3CA39F
:10236000F52BA63149FFD848E340E912840BEA4136
:102370008400842BA83BAE71EA8FDD4C3E97EA26A1
:10238000EB19DD424E0200BE49FFB962EA20840922
:10239000EA418405DD4AEA6749FF81328406DD4A65
:1023A000DD428020C8F2840280418461808180A166
:1023B000DD55EA20DD42C802EA80A6305A08021F35
:1023C00010860000DD56A608C0FFA631EAE9F081BC
:1023D00085A04402C404F1014422C46C49FFD9948D
:1023E0003CDBF52B10A30001DD40EA3E840010D356
:1023F000801CA83B3ED7EA26F853EA3F5A08070C50
:102400008409AE31EAE1DD5A8401EA80AE08FA08B7
:102410003C0FFACC84001003801CEA202E07EA2629
:102420005A080119DD40EA3E49FFB91EDD40842902
:10243000AE418420DD54DD40842BAE4149FFFD27B1
:102440008402DD5AEABD8400AE08EA3A8403DD4A1C
:10245000D5585A0802578404DD4A3E97EA26DD42E1
:10246000C8088006EB9C2E07ED194E03FD47D549A1
:1024700000058000C803EACCC0042E07E748C81254
:102480008409EA4110A30001DD40EA3EDD408421D9
:10249000DD5484001093801CA83B49FFB8E848FF36
:1024A000FD2D840AEA41EAE1DD4C8421AE40D529C4
:1024B0008403DD4AA631EAE949FFD72CDD4049FF14
:1024C000FA9AC00E8404DD4A84013E07ECD78406E4
:1024D000EA41800649FFFAF88405DD4AD512441026
:1024E00000D38406DD478404EA41DD408421DD54C5
:1024F000EB3ED5078402DD4A8403EA4149FFD7FA5F
:10250000FCE1FC40C002F92944600065EA59EA7820
:10251000DD46C00E8EC1C60C84218041806184805E
:1025200044004F00EAF9EB8FEA3DEA52D5F284000D
:10253000EBE5FCC044100055DD43AE40EA85A6083B
:102540005A0001FFDD9E9200FC40812080C2EBF02A
:1025500080E049FFFFF15004FFFFE60F4EF20190CB
:1025600044F1236CEB2040F03C00DD0FEC001E003A
:10257000EC0048025E0010031003100310036A020F
:102580009E02F2021003100314038404FA22DD47B2
:10259000840EAE318406AE308400EAB480A75003C6
:1025A0008041843FEAEDD8FF80068421DD54DD467A
:1025B0005A00020584013E07ECD484208402804145
:1025C0008461808180A1DD55F8F4FA258404DD471B
:1025D00044000031DD4185204403F429EB19F875EE
:1025E00084013E97E9B2AE3010938050EB0BA67198
:1025F0002E27E9C784812E37E9E84452C50449FFF4
:10260000E60FDD4BA600C806EA504412ED60EA73FF
:10261000D5075A080306EA504412E548EA738400D5
:102620003E07ED6C2E17ED6F8400EA2E84013E0705
:10263000E9C85A100103EBC58400EA7EDD56840226
:10264000AE08DD5AAE08A6318E08E6044EF2011A35
:10265000800649FFB10DF8AD8404FA23DD475A988E
:10266000010644000030DD41D503EAAEDD41DD4C1A
:102670008422AE40A6308E02E603E906A63154203D
:1026800000FD5A2808078400EAB4EAC2DD41F89147
:10269000AE702E17ED4DC9099E43E624E90C5A0091
:1026A0000D0B5A080E0CD5035A080E06EB76840063
:1026B00049FFB1728408AE31D5038409AE3185403B
:1026C00010A380503EA7E9E449FFED71DD40EA3EEA
:1026D00084043EA7EA3EEA59DD4AEBDCDD465A08AF
:1026E0000206EB3D10A38000D5FA4413F3D1A608EF
:1026F000EAA1AE08441FFFC34403F429AE40DD46FF
:10270000C008842144005AF0804180618081EAF948
:1027100084003E07ED6C2E17ED6F8400EA2E8401D5
:102720003E07E9C85A100103EBC58400EA7E840025
:1027300049FFE1A384208006DD548405DD4A44007E
:102740000033DD41EA3F5A0004045A0807064400FA
:1027500001F4EA3DD504EA8449FFCC16DD46C00405
:10276000840049FF8AC3EB7644000034DD415A9867
:102770000112840EAE318405AE3080298006DD540E
:102780008420840280418069808180A13E97ECD4BE
:10279000DD55DD428020848F8402C1078440802083
:1027A000806280A2DD55F8058041806180A1DD5501
:1027B000480000688404FA24DD478420DD40DD54AD
:1027C000840AAE318403AE308400EAB4DD40EA3ED0
:1027D0008401EB96D5568404FA2ADD47840EAE3187
:1027E0008406AE3080A750038041843FEAEDD8FFD5
:1027F00080068421DD54842084008461EAB4804111
:102800008402808380A1DD55D53CFA2B8404DD470A
:10281000DD46DD525A08020DA6095A000313800155
:102820008420DD5449FFD6668401EA3AD50AA60918
:102830005A000A0880018420DD54EAE18401EA3A62
:1028400000038051001380524422C3D04432C39FFE
:102850004442C3E349FFF86A8400EAB4D512840411
:10286000FA2CDD47000380515A0001055A08020581
:1028700084003E07EA068400EAB4D503841BEAB468
:10288000FCC03C0FFC0ADD9EFC6004EF800DC80A12
:10289000B461A0499419944940108FF5EA55EA2D86
:1028A000D5469521981C9E628C82A400882388645A
:1028B000A5C8A5989603814597FB97B34E070006D8
:1028C000EB30F812FD60D503858081AC4E770007B0
:1028D0008007EB30F809FD40D503850081284E675D
:1028E00000088006EB3049002388FD30D50384C002
:1028F00080E640050408EB30FD50FD13FD04EA6559
:10290000FD10FD05EA27FD50FD13FD04EA26FD1626
:10291000EA65FD16EA65FD10FD05490027DF49005F
:102920002943021F80189201400004201207000072
:10293000FCE0FC6380E03C03EDE6EA81EA90A63C23
:10294000812180C28143C009A63D5A001F07A63ECF
:10295000C004A63F5A083109000300455A08010582
:10296000EBA1EA81EA9000038009C0085A001F0722
:1029700000038008C0035A08310E00030042C0075C
:10298000B4065A08050800030046C804EAC9EA81EB
:10299000EA90A57CC51844001F00D0155A58311183
:1029A00000030042C007B4065A08051B0003004696
:1029B000C817440007D0EA8144000708D510440036
:1029C0001F31D80E00030042C007B4065A0805099B
:1029D00000030046C805440003E8EA81EA903C0C85
:1029E00001A14E0600BFC8083C0C01A04410752F81
:1029F000E2204EF300B73C0C01A34E0600B3C8081A
:102A00003C0C01A24410752FE2204EF300AB2E07C0
:102A1000EA134E0300A7A4384E0200A4A4394E02C4
:102A200000A12E07ED464E03009D021F800AEBDF3A
:102A3000E2204EF20097021F800BEA7BE2204EF26A
:102A40000091EBF14E03008E842110150000EB0A7B
:102A50003C40033EC907C40550027FE1EB46D50266
:102A6000800444119458385091014411941838103E
:102A70009101B63F9C74F181EA89F182502380284C
:102A8000501380103C3C019CF822EA373C40033F45
:102A9000C807C40850127FCF40000406D504840044
:102AA000D5028004441193B43850910144119350DD
:102AB00038109101B63F9C76F18144100066F18296
:102AC000502380303C3C019D5013801849FFFEDEAE
:102AD0000434800B0424800A4E360006CB3E5CF1A1
:102AE000012DE93B04A4800D04B4800C4EA6000720
:102AF0004EA300345CF5812DE9303C0C039F8E021F
:102B0000E605E82B80E9A03DA13C9441401093F5F7
:102B10009421EA2DA07FA0BE97C394491273000CA4
:102B2000941140108BF5806A804BEA2D22F300024D
:102B300096438AEF42F3800384015EF780F110032D
:102B4000007A1213000D22030003E8078A2042F0E6
:102B500080035EF780F1E90784001003007AD50353
:102B60008400EAA7FCE3FC203D0DFC0A80C19B31F8
:102B7000E282E81E087300010450000801280032B8
:102B800039129E02A146A10738529E0238421E0207
:102B9000425914248C684052C4B71251FFFC0058AB
:102BA0000033FF2C404244971241FFFDD5E1FCA0C9
:102BB000FC6081A1EB0481208400818280C3AE1877
:102BC0005A18025084E044E2CA0CE2EDE86B0404B7
:102BD000800138501D01DF4350548018A02A3C2D3D
:102BE000FC0A38101E02B4050031003238001E0203
:102BF0003C440966FE1C0021003340A00557A02973
:102C0000908138001E0240451001FE1442F200037C
:102C10003C44096740B005779081404590014242AD
:102C20000003888F5EF20032E917A6303C1DFC0AD3
:102C300038A60309A6304006006012B00001A63095
:102C400038770008A6308C019600AE30001080194D
:102C5000E201E905D5274900155AC0E88CE1D5B64F
:102C60003C1DFC0A84004422CA0CE20DE811043425
:102C7000800138518101D814A6F038010C08A73022
:102C80008C819720AF3000308019E283E9098009F8
:102C90004412CA0CA6B0806C49FFFF67D5038C01B3
:102CA000D5E584004422CA0CA670E201E80840166B
:102CB000006038310000A8C98C01D5F7FCE0FC4465
:102CC0002F07262280C04260C073B5C44113040898
:102CD000409944000074800084C02F372623A991B6
:102CE000B6C25A78FF05B6E3A9D9D515007480009D
:102CF000A1A138631D01447000FF97AFA9D9A1E4D9
:102D0000B6C340639820A7F14C03C005A7B04C138D
:102D1000007E84C19FC1B6FF9DC1F781F082B1C41E
:102D2000F0839E09A83AEB2EF184A8798C21A87B28
:102D300050007F018420EB46389F86024E95001F8D
:102D4000E130E81C38A386024EA50019E153E816CD
:102D50004295407338A925005AA0FF110492000142
:102D6000C8063804A901962FB603D5073804A9016F
:102D7000B543962F4CA0400784018C215A1804DEDD
:102D8000FCC48480380F92024E05003DE010E83A02
:102D9000381392024E150037E033E8344200C07316
:102DA000381901005A10FF2F3802811138A2C411BE
:102DB000E140E828381485018A0A966F5A60010CB0
:102DC000C6045A600212D524B623B42284C18801F5
:102DD000B602D518B5434C15000BA859A05184C2B2
:102DE0008801A811D50FB5434C154006B4228801BF
:102DF000B602D50804A180014C15400DA0518801F0
:102E0000A8118C815A4804C0D5038401FCC48006F3
:102E1000FCC48403FCC4FC7280C02E072623B61FAA
:102E20002E072652F0812E072653F0828400F2846A
:102E300082A483812F372622B0908080B15AE2038A
:102E4000E80A401A8060A049380284083841040822
:102E50008C01D5F68440B11082228501E243E85E00
:102E6000400A8860A00104C3000138560101D8540B
:102E700038021400C85140D288084C20004B401A38
:102E8000806005208001A075407908084100B400E9
:102E90008827017800020098000000E80001018006
:102EA000800300B0800000A0800101080003A64A52
:102EB0008D818E21E181E92D510C0001501BFFFF16
:102EC000E181E9278F6150170001E02BE9228D4154
:102ED0008F21E149E91E0493000605030007EB2B4F
:102EE0003914960A388214083918160A3910960AC5
:102EF000385649014C59401138021400C80D3804A5
:102F00009C0A3882140838081C0A38009C0AD50428
:102F10008C01E203E9B38C41D5A28500459FFF8077
:102F2000F004E3004EF20100A031385021014C546E
:102F300040F8B010380400005A000104480000F1C5
:102F4000A075B01A41040808380400008830F083E6
:102F5000A60A8460E602E9038E0196C0B45FA60B60
:102F60008E42E002E8038C01D503B41F8E01EB39D9
:102F7000A6088580E602E9048E0154C000FFA60978
:102F80005019FFFEE001E8038C01D5035009FFFF53
:102F900054B000FF812342E1CC24E1494EF300AD5F
:102FA0004007300081AC411E0020518F8040E16D10
:102FB0004EF3009EB4064128F00188122000000163
:102FC0002A7880014E0500888EFE97FB4E7700849C
:102FD000800D8029B08CB0CE808680BC159F800B80
:102FE000158F800A155F8009150F8008152F80073F
:102FF000151F8006153F800549FFFE63053F8005CC
:10300000051F8006052F8007050F8008055F8009D2
:10301000058F800A059F800B5A080113F00EA071DE
:1030200038508101D858380C14005A080155F83D21
:10303000F00EF84442149C73B620F00ED5475A089F
:10304000024BA0B1F00E38510101D821380C140008
:103050005A08011EF00CF10D42301C248801A076A4
:103060004001801640509440B42542168073B62526
:10307000F10EA0F7EB67B46142348073B661F10ED4
:1030800004330008EB67B4618803B601F00F3851D0
:103090000101D821380C14005A08011EF10DF00C62
:1030A000FFCC8801407380F6A03640501440B40530
:1030B00042069C73B60583FFF00FA077EA4DB4205B
:1030C00083FF42149C73B620F00FEB2B4E00FFF8E9
:1030D00088E1B6E0B40650D6800189C0000900013D
:1030E000400064041009000148FFFF638D2140E7A0
:1030F0004C0048FFFF54F003F10140EA8060A03625
:10310000F80512070000A037F10238004002FE0C5B
:10311000EB2B3810C002EA4E83FF120700018D012D
:1031200048FFFF00FCF23C0FFC0FDD9E4402B64C52
:103130003C0FFC0EDD9E3C0FFE48DD9E3C0FFE4723
:10314000DD9E22200000EAB222000001EA4C8A4300
:103150008A01FE0442010873DD9E80608040840184
:103160009A50E622E90A9850922142F08424E26FB4
:10317000EB654020BC1BD5F5DD9E3C4DFE47842A07
:103180000232000922200000FE5C9EC99061E062CC
:10319000E8038A22968B0232000A22100001840A78
:1031A000FE1C9EC19061E061E8038A0196434210D3
:1031B0008801840A42008000DD9EFC608141EAB8FB
:1031C0004201047380C2B42044C2D2E844B2D2DCCB
:1031D00095D24492D2ACC10D000000189604C009EB
:1031E0008403380608088400380588088400D53729
:1031F00038059800E604E8068C014412D2DC380059
:103200009808380618004412D2E8E603E90384005F
:10321000D5028C0138009808802A40049C00EBC03D
:10322000EA89FE0CEB094421000038161800E24040
:1032300040013C1B88274442D24C84603802050977
:10324000804338059800E260E807985F381205016E
:103250008C618841D5F94021003CEB91221500009A
:1032600038149A0988E922150001AC79FCE044027F
:10327000B5E43C0FFE46500000343C0FFE45DD9E99
:10328000FC2051FFFD1880C0121F800380E2441112
:10329000967CEBE1B002DD4844119734EBE1B030AD
:1032A000DD48441197ECEBE1500F8178DD48500F79
:1032B0008230441198A4EBE1DD485A6002095A605B
:1032C000030A5A68010BB0F084C0D509503F8178D9
:1032D000D505503F8230D502B0C284C1C722FA5D05
:1032E0004450005A848084E2EA66381189119603BA
:1032F000E001E803C607D50BEA669603E020E8166E
:10330000C6069855EAE68082960BD5059862EAE6ED
:1033100080A2960BE005E80BE080E8098040D5E547
:10332000EA66960338018111D502800251FF82E8D6
:10333000FCA03C1C039F5A1802160010003C5A18AF
:1033400001128420EB83021000181210001A0210E0
:1033500000191210001B0210000EEB9A0210000F51
:10336000D5222210001AFA8322200018EBF8FA6402
:103370002210001BEACE1220001A22200019EBF8BE
:1033800022100010EACE1220001B2220000EEBF8C3
:103390002210000FEACE122000102220001142114C
:1033A0001073EB12121000110010007AC9080210FD
:1033B000001AEB9A0210001B12100011DD9EFC0196
:1033C000021000100220001A0230001B9A8A02101C
:1033D000001196938A2322300008964B5EF1803CC0
:1033E00090419021E8044E240008D50E5EF18C44F3
:1033F000E9034E26000A00400078E694E905848936
:1034000040211056D5028440122F8000222000094E
:103410005EF1003CE8044E140008D50E5EF113C4C2
:10342000E9034E16000A00400078E694E905848915
:1034300040109036D5028420121F80013C1DFAD620
:103440005CF08320E8068420121F8000121F800198
:1034500004100011EB4BEAF5FF4E44110000D1209F
:103460003C1C04C93C67FC2FE6263C57FC2EE906B1
:10347000126F8000125F8001D513EAE48487964BB7
:10348000421310739023964B121F8000021F80017D
:10349000964B421290739023964B121F8001024F5D
:1034A0008000843E4232047396DB123F8002023F6A
:1034B0008001422184739693122F8003021F8002A1
:1034C0001210000A021F80031210000B020F80006E
:1034D0003C0BFC2FEBD73C0BFC2EFC81FC61F581F7
:1034E000413280114122C00A22708001EBBDEAB84E
:1034F00042018473009F803800100018854154F009
:1035000080014462D1D04412D1A0E8114502D224F6
:1035100038580D09EB164502D20C4452D2003878C7
:103520000D0938708E0A38A28C08D55EB5805B080C
:10353000031F39030E024512D20088B039008E02F3
:10354000EB16898738788C0039008E0A8CE197F861
:10355000E6EF38788C08E94840529CB640781CF673
:10356000EB1638708E0A38A88C08D53E5B08013AF5
:103570004502D2243D1DFE4838B80D114502D20C3B
:1035800038A80D11010880005B08016A40F594011C
:1035900041051C0142F780034308000302888004B0
:1035A000898FE310E85C03188003E171E803E0B160
:1035B000E86A3C8DFE47030400098F818B91E18B03
:1035C000E803E185E860E151E803E0F1E85C030429
:1035D000000A8F818B91E18AE842E187E854D53F68
:1035E000EB1638708E0A5A980134B4005A0801312B
:1035F0003D0DFE4802080005E280E82A38030E026D
:1036000038708E0240504C0142F280034053C80192
:10361000425280030248000688AFE0A4E81902582D
:1036200000074512D1D05102FFFF42084C734042BF
:103630008409427848738804400014168887380843
:103640008E0A404214964402D1A038400E0A380334
:103650000E02AC1038008E02AC11FCE139030E02F0
:103660004512D20088B039008E02898738788C00E4
:103670008CE197F840529CB638788C08EB1640786D
:103680001CF6D5B038B30E0A38A08E0AD5ADFC6052
:103690004460004C420198733CADFE48B400EBBD61
:1036A000EAB3EA4C010500163C93F3924512D1941B
:1036B0004522D18895DC4462CE884532CE7C5A08BA
:1036C0000110848038531E0940630CC038488C08B0
:1036D00038090C08AC7139098C0848000092380987
:1036E0000C00E610E8048C0138090C0838088C003E
:1036F00044B2D194E60FE9038400D5028C01380569
:103700008C0839188C0040089C003853020940038B
:103710000040AC410215000DE081E8100255000C9C
:10372000E0A4E80B400824018A85FE2441009401AE
:10373000410042168989D502820938498C008403E8
:1037400080244218007384048C22EABCE080445236
:10375000CE7CE8058C81E08040023C1B38028C085E
:1037600038190C0038498C00846AFE5CE024E905B5
:10377000E28380244011BC1B84A0860A4100C2164B
:10378000800580654C58001340489C003923121175
:103790004043104022420001887288044F12000406
:1037A0008FA1D502862F8CA1D5EE848AFEE4FE245B
:1037B000404090B6C50C88F138431E1140731C4040
:1037C0004232907322438001420290734E350006CC
:1037D0004050840A88A3D50584A2405094B69B5DCE
:1037E000405284B6976B4E0500064030840A880329
:1037F000D505846240308C768A03EAC6964BAD507C
:10380000AC51FCE0FC204460004C42019873EBBDDD
:10381000B400EA4CEAB34462CE4C95DA4502CE409D
:103820005A08010A9837AC41EB8F38530E09380813
:103830000C08D54B5EF20029E8043C43F391D51304
:103840005EF2012CE80F3C03F39150427FD85310F5
:103850000064424890244510010440424496888008
:10386000D502EB7E38080C00862342024473848420
:103870008C024000101638080C089937960039233E
:103880000E112312000153000064424014244248E8
:103890004873445000644E45000550420032D50341
:1038A00050427FCEFE0C4208447340421496384387
:1038B0000E09EA894E05000550000032D50350007C
:1038C0007FCEEA4E9877AC0938030E0188C7AC105A
:1038D000A431AC11FCA0FC61EBEDF081EAD9048FBE
:1038E000800EE220F60FE80484043E07F23C2E0727
:1038F000F23CC0048E013E07F23CEAD8422300733A
:103900000001001880E2960EC857B4025A00045510
:10391000400198808C0C4091988004107FFF1C100F
:103920007FFF4C907FFCA03F3C1C00C444A2F2B43B
:103930003810810138251901E241E80338151909C9
:103940003C1C00CA38C0820214C4800000038043BB
:103950005A0009335EF281F4E82FB001816449FF17
:10396000FC0E5EF001F5E928840A421600240404E6
:1039700080038446FE14E220E81F2E07F23CC81C98
:10398000EB1FB401EA4A5A08010B38051901E60990
:10399000E906EAC938059A0A8403D509B401EA4A56
:1039A000C80B440001F438059A0A84063804180844
:1039B000840910038043FCE14440004C42019073B1
:1039C000000000435A0006045A08090C8823A60880
:1039D000C0048E01AE08DD9E3C03F39338010E0A4D
:1039E000DD9EFC213C6DFAB6F381B4E6F308427328
:1039F000EC0B860A5A78010386058843A7D0E2F0CB
:103A0000E8268CE14460004CAFD0420198733D231E
:103A1000F39684C010600043862A959A99CE431984
:103A20004424B7A7A6904C2840138441102000439B
:103A3000B001EB5E88C53A0300203C03F393E00439
:103A4000E8048C94B687D5038C14B6072E07ECCB0C
:103A5000C004EAAE38008E0AFCA1FC0194DAF081C1
:103A600088432241000022FF8002E08FE80A3C0DDB
:103A7000FE4702500009FE23848A42029073970396
:103A80002201000122FF8003E00FE80A3C2DFE47DF
:103A9000FE030251000A844A420288739603882377
:103AA000B44142001001E002E80EEB13E9045000BB
:103AB0007FCEB6013C23F395840AFE14B441E04066
:103AC000E802B601FC814430004C42010C73003026
:103AD0000045CB0CA1073C3C00CA383192025EF194
:103AE0009771E904846110300045003000455A3870
:103AF000010F3C33F39440208840842AFE5CB4627A
:103B0000E061E80500000043C802B622DD9EFC012A
:103B1000F006EAB842200473001100435A18082E38
:103B20000011004688A05A180319EB6C9A61E4351D
:103B3000E914A6685CF08064E8038C21AE68A6688E
:103B4000E635E91BEBBCB4203C23F393E041E915D7
:103B5000E42BE9138E21D510A668C1048E21AE682E
:103B6000FC81EBBCB4208A814E4400083C23F393D3
:103B7000E022E8038C21B620FC8122200000E02214
:103B8000E819FC003C4DFE47846A02520009FF8B95
:103B900042628C73E046E81022200001E022E80C2B
:103BA0000202000AFE4B42100C73E04156078001EE
:103BB000FC808401DD9E8401FC80FC00EBFB421153
:103BC0000C7380C1441001F449FFFFD91003004970
:103BD000FC80FC01F08140108840EAB222FF8002A4
:103BE000E06FE80A3C0DFE47FEDB02200009840A74
:103BF0004231007396DB2200800122FF8003E00F38
:103C0000E80A3C1DFE47FE030220800A842A420186
:103C10000473960342000C01FC81FC21F081EAD878
:103C20004212007300008049C82122708004C7122C
:103C30003C6DFE47840A02530009FF448EA14C727A
:103C4000800A22508005C5060263000AFE348E01F8
:103C5000D80D840210008049840638019008443051
:103C600002583831120A10008043FCA1FC21F608EA
:103C7000F48195328844B4E2E0E1E830EAB84203E6
:103C80000473842B10100048B0413A1084008885DA
:103C90003A120420EB6CE027E802B62284203811A7
:103CA000980800100043E62AE81944F13AB4EBC83A
:103CB000EABADD0F0A0E262616261A2626128423B5
:103CC000D5088422D506842AD5048425D5028427E4
:103CD00010100043842110100046FCA14420004C29
:103CE000EB2A001000465A180305842810100043E0
:103CF000DD9EFC6180E281218045802480C5F081C9
:103D000081638144F871EAB84273047300138048F8
:103D10005A180B203825990150F10096E20FE8045B
:103D2000840010038044000380445A08011395B2B4
:103D30008926B0018029EBC05CF000E1E80788CA61
:103D40003A0480003A030020FCE184001003804420
:103D5000FCE1FC61F610F081EAD842330073818205
:103D60000021804681648145F70E048F800F8123F6
:103D70005A280161000180435A08020CF80E5A08C3
:103D80000106840010018044D51C10218044D519FF
:103D90005A0003185A080511EA86B400EA4A83FF5C
:103DA0005A080106840010018044D5031021804484
:103DB00044D0012CD5085A00070585A05A080A04EA
:103DC00044D001F484404402CC0440E30808382085
:103DD0001909882E400438003A1084003A10042053
:103DE000F0018028804649FFFEF6E20DE8089601C2
:103DF00040139820C8028401AC08D50338D3990930
:103E000040363800A458EB74A4D99A41EA66964B20
:103E10004422CBD48A0338111A099603884EAC1178
:103E2000FE0442008473EB094412CBA4EB328402FB
:103E3000EBB800148048000480465A100B04480078
:103E400000B444E2CC0440D3080845C2CBA45A08CD
:103E5000030A8400380E1A0A380399013807190931
:103E6000D53400048044C80F40143400B001EBC0C6
:103E7000EB09381719019601E2203C0BF8E0E80342
:103E80003807190940739820A43838171901E2201F
:103E9000E9074412CC04380099098403EBB84025A3
:103EA000B400380E1A02B422E020E80FA4F8381744
:103EB00019019A59FE0CEB6C40000C16E001B60299
:103EC000E8048403EBB8B62238159A028405FE0C88
:103ED000E20AE80A40063400021F8002AC40021FDA
:103EE0008003AC41FCE1E141E97440B6340022D5E5
:103EF0008000220F800222C580018A0D225F80038C
:103F0000424000038AACC40842328003844AFE9CCB
:103F100040911136D502812442600424FE6C406336
:103F200028D640A0A9569B868AAA8405FF84FE2C29
:103F300084E440631CD640701CF642039C24420378
:103F40001873EB095014FFFBE630E818E40BE92383
:103F50008F29E723E822E40FE820420300034213FD
:103F60008003E020E805FFC4407384F6D516E00125
:103F7000E814FF8C406300D6D510E40AE80384E01F
:103F800080C79C35E60BE80284C09C3DE60BE80543
:103F900084E0D50384E080C788CD88EC126580007A
:103FA00012758001FCE15A080215EB6CE02AE91158
:103FB0004422CBA438011A028E0138011A0A406546
:103FC0009840B4068E01E001B606E8038403EBB81E
:103FD000FCE1FC63F084220080003C0BFA2E2200FE
:103FE00080013C0BFA2FF704EAD84271807381629A
:103FF000B42780C3EB844482CE244492CDC440A134
:1040000088085A18014084004422CE3038010C0838
:1040100038040C083C2DFD174432CDF438219A0A9F
:1040200038249A0A3C23F39610138047842AFE54BE
:10403000EB5438111A0A4412CD883800980810033E
:1040400080431003804410038045100380463C4C9D
:1040500000CA84004412CCC8A0FF40202800383297
:104060000E028C01EAC05A0804F984204402F2B41A
:10407000EBEC80464402CE3CF10449FFFDA0480031
:10408000009744C2CC984412CE3C40062800EBC0B6
:10409000EB09F085840C100380480003804380EC1A
:1040A000E602E81DF0043C3DFD17F4054452CDF452
:1040B000B6DF4412CD944422CE3049FFFC94F00484
:1040C00080464412CD9449FFFD00EAF44412CD9499
:1040D0004422CDF4806649FFFCC2D5239E42E622ED
:1040E000E9085A0005079E47E622E9035A080A1A1A
:1040F000F004802649FFFDF4EAF4F104EB54443265
:10410000CE24808649FFFD8BB6DFEAF438149A028C
:10411000F2044432CD94F4054452CD8849FFFCF9B1
:104120004442CD94F505B71FEAF44412CDF4F204ED
:104130004432CCC8F68149FFFBD0F0044412CE24AF
:10414000EB54806649FFFC3A44C2CC50F004F105C0
:10415000EB544432CE243C4DFD174452CDF44482FE
:10416000CC20B6DF49FFFD84EAF44412CC68F204A7
:10417000806C808880A649FFFDBEEAF44412CC68BA
:1041800014CF8000148F8001F6824422CC98F3046F
:104190004442CD94F50549FFFDDE38039A0188EAD3
:1041A00038049A09A4794004A800AC4138049A0163
:1041B00089491205800002050001120580013C1D9D
:1041C000FD174402CC6838101A0A38149A024402C7
:1041D000CC9838101A0AFCE3FC6022408000225080
:1041E0008001EAB8420184734472CB70B4C04111BB
:1041F00088083C1DFE485A680112AD10AD51A60D4D
:10420000F8DC5A000104480000E54472CB40840009
:1042100038038E0988F1AC39FCE0012080050130BB
:1042200000185B28013E54098002C03A4402CB408A
:1042300038600E11881122000001CE05C0313843CC
:104240008E11D52EC8064003C40022500001D52887
:104250004013C400EA4C53030000FF8C38138E1146
:10426000814442600475424840244210002442B018
:104270004024409090004242282442459475424098
:104280001875FE0242004024FE6C4210287342184A
:104290001875404224964010A4369723974B540932
:1042A0008002C07C3C0DFE47802402600009E0864D
:1042B000E90839338E11E1E6E80F51337FFFD50C61
:1042C0004E44000839338E114F3500078660D504FF
:1042D00082648520D50285210300000A8005E0B0B4
:1042E000E90A4093C40022948001E130E81150981B
:1042F0007FFFD50E4E54000A4093C40022A48001D3
:10430000852042952401D5045A980149812538A376
:104310008E1140B3C40022B5800140D2280140C2B2
:10432000AC014ED2000C840240E9A8014006801680
:104330004207307340003416880B4EC2000C8422B2
:1043400040E4AC0140160436421734734010B036D6
:10435000882A4C95803BE026E9055263000188C11C
:10436000D5044E140033FF8A4D35000DE010E905E9
:10437000530800018980D5074E0400055300000052
:10438000D5028600E186E805404980119743D506AD
:10439000E0D0E804970B405480115B28010F3813DC
:1043A0008E014402CB409A6138100E094013C400BC
:1043B000A44988119A69AC4138438E0988F1AD79D6
:1043C00083FFAD10AD51FCE04D353FE984C0D5CF42
:1043D000FCE0FC6380C0EA635A00010E3C8DFE489D
:1043E0003C0DF9E902140005E201E8178C013C0FCD
:1043F000F9E9D5133C3DFE47800684200021800961
:10440000E222E8EDB4405A280406A484AC82A485D4
:10441000AC838C21EACFD5F3840084E03E07ECCB5B
:104420005093000844A2EDC0858A85AA81C73CBD8F
:10443000FE4700058009E2E04EF200CB0404FFFED7
:104440004E0200C05A080504480000BC0204800265
:10445000EA8102048003EA90B0458047800649FF64
:10446000F6AEF083B04500040001B61F804180061F
:1044700080673C4DF9E93C5DFE1A49FFF8312E2773
:10448000ED275A280134041500073C0C00C43800FD
:104490000501E60BE82B2E07F864E60FE827EAD1C2
:1044A0009644C1110215000450F0FFDD5CF785FB56
:1044B000E90A0215000550F0FE0B5CF78617E803C9
:1044C0003E27ECCB960EC0120205000550F07FDDB2
:1044D0005CF789BBE90B0205000450F07ED35CF762
:1044E00083E7E80484023E07ECCB2E07ECCBC00840
:1044F0002E07F8645CF00064E8078C01D503EAD964
:10450000C8033E07F864020F800A42003024EA81A3
:10451000020F800B42003024EA9000040003C00820
:10452000B045800680418067F40349FFF8B200047B
:104530000004C008B045800680418067F40349FF4D
:10454000F96300040002C007B0458006804180671F
:1045500049FFFD41220F800AB0458C05400034160A
:10456000EA81220F800B80418C0540003416EA90CE
:104570008067800649FFFE32220F800A4E04000445
:1045800012EF800A02058009221F800AE020E90359
:104590008E01EA81220F800B4E04000412EF800B83
:1045A0000205800A221F800BE020E9038E01EA90B9
:1045B000020F800A12048000020F800B1204800197
:1045C0008CE15094804C50A5004C48FFFF32EA63C8
:1045D0005A08011380068420D50BB4408E44E6426D
:1045E000E805A482AC84A483AC858C21EACF0025A5
:1045F0008009E222E9F3004580093C37FC343C277E
:10460000FC353C1DF9E98400D50CB4A65A580507C1
:10461000223300042223000584208C015063004CC7
:10462000E204E9F43C3BFC343C2BFC353C1FF9E94B
:10463000FCE3FC41F481411200114102400A0040B8
:10464000005A226080009724EA4C8641C4073C6BE4
:10465000F8A63C1BF8A5EB2CD518B4805A48031AD1
:104660003C7DFC503C4DFC5188272E77F14888C496
:104670008CE197F8E6EFEB2CEBDB3E77F148E9466F
:1046800040631CD6EB2CEAE6EBDB3F27F148D53E36
:104690005A48013B3C7DFE463D37F8A6A7383D27EA
:1046A000F8A55A4801654049980142F20003029377
:1046B00080044049040142420003888F40948408EA
:1046C000E324E8550293800340748408E1E7E8039B
:1046D000E0C7E8613CADFE47024500098E818A894A
:1046E0009521E093E803E086E856E1C7E803E02778
:1046F000E8520275000A8EE18AE995F9E0F2E8379E
:10470000E0E1E849D534EB2CEBDB5A58012AB40040
:104710005A0801273C1DFE46A40DE260E8213C0D2D
:10472000FC513C4DFC504030440142F18003A54E09
:1047300040324001EBFD886F9569E065E811A4CF38
:104740009F594202C4734242C073401184098801D8
:10475000882440000C16EB123C0FFC51EBDB3C0DA7
:10476000FC51AC103C0DFC50AC11FCC13C7DFC502C
:104770003C4DFC5188272E77F14888C48CE197F88E
:1047800040631CD63E77F14840709CF6EB2C3C7F92
:10479000FC50D5BC3D3FFC513D2FFC50D5B7FC2013
:1047A00004600011EB4BEAF5FF76446100002270D3
:1047B0008000224080013C3DFC4E3C1DFC4FD60455
:1047C000B4005A08010A84003C7FFC4F3C4FFC4E69
:1047D0003C0FFC4DD53A978B975B411398014102F2
:1047E00014013C1DFE4542088003423800038860E6
:1047F0000200800E3C3FFC4DE060E8230010801E6C
:1048000080E09F0942720C73FE0C80674213C4243F
:104810004040040A4F1500048824D5028A24401021
:10482000803688263C1FFC4F4211C0244F050004EF
:104830008824D5028A24EABC88053C0FFC4ED505A5
:104840003C7FFC4F3C4FFC4E3C0DFC4FAC103C0DF4
:10485000FC4EAC11FCA0FC202260800022508001A4
:104860003C7DFE46EB0A3D27F8983D07F89602434B
:10487000800EC10E3C3DFAD6842A40318477041361
:10488000800996D9EB120433800AFE5CD5115013CF
:104890007FEC96495CF08C58E80A5012FFEC964980
:1048A0005CF093D8E8040013801ED502EAADB40092
:1048B0005A08010A84003C6FFC4C3C5FFC4B3C0FE7
:1048C000FC4AD532411348014072C00142088003BE
:1048D0004233800388609521E0643C3FFC4AE82035
:1048E0009E0980A442500C73FE6480654202C42479
:1048F0004040840A4F1500048804D5028A04EA4E19
:1049000088123C0FFC4C42019C244E750004880424
:10491000D5028A04EAC688303C1FFC4BD5053C6FA3
:10492000FC4C3C5FFC4B3C0DFC4CAC103C0DFC4B80
:10493000AC11FCA0FC203C6DFE46EAB200730010F6
:1049400023008001CF0284E1EB0AC10E3C1DFAD6A0
:10495000848A401090370443000996494012043776
:104960000443000AD50D024300092E17E9F39521EF
:104970005A1001062E17E9B65A1801048427FF0CB5
:10498000B4203C4FFC435A18011384003E07F0FC4E
:104990003E07F0FA020300093C3BF88494013D0B0A
:1049A000F8833E17F10A3C0FFC43D5553D17F883B9
:1049B0003D37F8844048C00140098C01FF24424043
:1049C00000733C0DFC434522CADCE2802E57F10AFD
:1049D0008400E9028401380914089E39D80884004B
:1049E0003E07F10A84013E07F0FAD5048CA13E5738
:1049F000F10A2E17F0FAC90C2E47F10A8001E204E1
:104A0000E83138590000CD028C218C01D5F9848021
:104A10008004E207E80738590000CD028C818C0140
:104A2000D5F95A180109E087E8060203000A940143
:104A30003C0FFC439A7CFECC42324C734210C024A3
:104A40004212447340319C763C3BF88440009C16F3
:104A50003C0BF8833C03F884AC103C03F883AC11A6
:104A6000FCA09B7C8A8188A1FEE44232CC73420286
:104A700040244202C47340319C763C3BF8844000A1
:104A80001C16D5E7FC20EBBD22408001EB0A3C3D23
:104A9000FE46C10500618022FA24D5165012FFCED1
:104AA00096495CF08C1CE80750127FCE96495CF06A
:104AB000939CE906021180108C239648D5030011BF
:104AC000802000618022B4005A0801073C5BF87C1A
:104AD0003C4BF87BD52D3C37F87B3C07F87C8A644F
:104AE0008A05FEDC423000739409FE042E77F0F54F
:104AF000E2605A78010DE91E84003E07F0F53C5B48
:104B0000F87C3C4BF87B3E07F0F4D514E8082E0700
:104B1000F0F4E206E8048C013E07F0F42E07F0F40E
:104B20003C5BF87CE2063C4BF87BE90484013E07E1
:104B3000F0F53C03F87CAC103C03F87BAC11FCA016
:104B4000FC00B480EAB2EA4C5A400503CC0AFA0EE3
:104B50003C0FFC3C841F3C0BF8773C0BF876D537B8
:104B60005A48011600000045C8063C0DFC3CC80A26
:104B70008405D502FA0E3C0FFC3C3C3BF8773C1B0D
:104B8000F8763C37F8773C17F876D5213C4DFC3C5D
:104B9000C4048E813C4FFC3C3C4DFC3CC4180000DE
:104BA00000455A0801063C3BF8773C1BF8763C5719
:104BB000F8763C47F8779A299BA3FE0442031873C2
:104BC0005EF003E84012BC1B40323C1BACD0AC5141
:104BD000FC80FC403C9DFE45224080000054801635
:104BE0002230000822700009EA4C8621C506E6A999
:104BF0008628E80341128013005480178601C506F9
:104C0000E6A98608E80341028013B5405AA0010ACC
:104C100004000011EB4BEAF5FF4644010000D817F1
:104C200084003C0FFC3A3C0FFC3984013D1FFC38EA
:104C30003D1FFC373C3BF85E3C7BF85F3C4BF84E3D
:104C40003C1BF84F3C0FFC26480000B05AA8030458
:104C5000480000AA3C0DFC2651287FFF8C01420031
:104C600040013C0FFC263C0DFC39E012E8038C01AE
:104C7000D50284003C0FFC393C0DFC3A3C5DFC390C
:104C8000C8064C59400584013C0FFC3A4462CA9C5A
:104C9000942A41330000127980014532CA7C384998
:104CA000960988133C4DFC3838331609AC413C4F0B
:104CB000FC374E5700099E693803061140630440D3
:104CC0009AC3D50638034A11406348409AC3221359
:104CD0000001420180038A27EACA0264800D88012C
:104CE000E2C08026E9060214800CE20140103C1A62
:104CF0003C0DFC3AC8043D1FFC38D5105AA0040FE7
:104D00000204800C403844018A20FE5C9A30400046
:104D10008017400800013C0FFC383C0DFC38842310
:104D2000806442308073842480038C02EA4EE080E9
:104D3000E9043C0FFC38D5048C813C4FFC383C0D19
:104D4000FC38E011E8043D1FFC38D505E180E8039C
:104D50003D0FFC383C0DFC263C1DFC38E001E8030F
:104D60003C0FFC3884203C0DFC3880C180814C1005
:104D700000103839961188834039944022318001DF
:104D800088C3C5038EA1D50280B28C21D5F184627F
:104D900040008C168880880640420496EAC6972315
:104DA000964BD50384208081AD10AC51FCC0FC6BC8
:104DB00080C0EB4B04000011EAF5FF4644010000FF
:104DC000D804841F3C0FF9E83C1DFE453C0DF9E872
:104DD000A44DE201E8048C013C0FF9E8B4064E0250
:104DE00001445A080504480001402E0001CCC00CC3
:104DF0002E0001CEC0092E0001CD5A001F062E0044
:104E000001CF5A08310A00030045C8060003005AC2
:104E100096044E020130021300180203000E449063
:104E200000648A019603120F800002130019020326
:104E3000000F85418A019603120F8001020F800046
:104E400096039001120F8000EBD796039001120F8A
:104E50008001EAE4960BEAE4023F8001964B022FC0
:104E60008001FE44421188738403964B8441F82CE0
:104E700080E04200242444100046EAC697F9FFFC73
:104E8000964B84418400F820521393241003007839
:104E9000964B84418403F818EAE442B02800964B0C
:104EA000EACA4210A424804AEBCB8402964BF80C49
:104EB000021F800180E0964BEACA4210A4248402BB
:104EC000EBCB804A964B49FFF1DDEAE4964B4E1658
:104ED0000005FEFA971BD5028087021F800112434E
:104EE0000012964B4E160004FE0296034471995C24
:104EF0008047B0C23B01480480233B00C824120312
:104F0000001302910000129080004411996C82619C
:104F1000B0863B09C80480A23B02C8240339800044
:104F200013328000B14A3B03C80480E53B03C82428
:104F300012938000B1CE3B00C80480273B00C824F8
:104F400013308000513F80484411997C3B00C804D5
:104F500081333B04C824A448121480000013007855
:104F60005CF08028E9474322000342900003401987
:104F70002401964BEACA964B86013919C111E1A169
:104F8000E8058D8141080013D5F9862D4308C0013D
:104F900051187FFFE13241188013E80380A280E3BB
:104FA0003929C5113829C1113833C5118A323873EE
:104FB000C111412148013822C5113852C111964909
:104FC0008AE38AA2FFCCFE6C97FB964B4010C83652
:104FD0004073C8F688418867965B969342320424F2
:104FE000FE14EA8940318476EA4E1233001212032D
:104FF000001322F300125EF7803DE9054400003CF7
:105000001203001222F300125EF7FFC4E805440FFA
:10501000FFC41203001222F300135EF7803DE9057E
:105020004400003C1203001322F300135EF7FFC498
:10503000E805440FFFC41203001302030012B0413D
:10504000EB07020300138041EA54800649FFFDC3C9
:10505000B0418006804149FFFBA4EB7412030014A9
:10506000EA6612030015B4065A08050584003C0FD1
:10507000F9E8FCEBFC60B400EAB2EA4C5A08040818
:105080002E07F0948C013E07F094D51184803E47A2
:10509000F0945A08010D84003C0FFC243C0FFC23C3
:1050A0003C3BF8443C1BF845480000842E4013224A
:1050B0009724CCF2EA375A0001F03C03F8443C7DD7
:1050C000FC2340A180134502CA6040050001380856
:1050D0001E093C03F8454090801340581C40400492
:1050E0008001AC293C5DFC243C3BF8443C1BF8456A
:1050F0005A5801543D17F83E3D27F83FFB6F4038A2
:105100008C01401904014231AC244210AC24866A5F
:10511000818B97B84111CE364120CE5680048173E1
:10512000947238381A115A5801158830EA4C4231B5
:10513000B0244210B0244031AC764130AE768803C2
:10514000889388118892CE0A80C58CA19768D5E98A
:105150008830EA4C88038881C6048EC197B0D50296
:1051600084C15A5802F48424EA4E40420496443FD3
:10517000FC189603441003E842000C0097234200F9
:10518000040142420401403500004014900096DBC7
:10519000964B4E760033D5034E7600068CE13C7F6D
:1051A000FC23D5073C4FFC23CD0484013C0FFC2499
:1051B0004E3500085EF18C80E90544300C7FD50245
:1051C00084604E1500085EF09400E905441013FF5A
:1051D000D50284202E07F094E602E9083C03F83E4D
:1051E000AC103C03F83FAC11D50CACD0AC513C3BFF
:1051F000F83E3C1BF83FD50584003C0FFC23D5D975
:10520000FCE0FC403D2DFE46EAB200690016EA4C87
:10521000C605E6C9E80597B1D50484C1D50284C89E
:1052200000490017C405E689E8059721D504848163
:10523000D5028488B5E084A05B3801123C5FFC1E77
:105240003C5FFC1D3C6FFC1C3C6FFC1B3C3BF82690
:105250003C1BF8273D3FFC12480000AC5B380304C0
:10526000480000A63C0DFC1251027FFF8C01420059
:1052700010013C0FFC123C0DFC1DE010E8058C01F8
:105280003C0FFC1DD5033C5FFC1D3C0DFC1E3C5D32
:10529000FC1DC8064C58400584013C0FFC1E44729E
:1052A000CA2C400394403D1DFC1C38339609AC4188
:1052B0003D1FFC1B4E57000C5092FFFF3803A611F8
:1052C0004093A4409AC322048001D5083803C21138
:1052D0009AC34003C040220000019A41EBFDEACA94
:1052E00088230239000D94D9E2618003E90602099E
:1052F000000C9401E220EB653C1DFC1EC9043C6FD0
:10530000FC1CD5105B30040F0219000C41208408EE
:105310008A129A66FE0C8A7240000C179A203C0F83
:10532000FC1C3C0DFC1C842380714230807384245F
:1053300080038C02EA4EE1A0E9043C0FFC1CD5047A
:105340008DA13D1FFC1C3C0DFC1CE006E8043C6FDD
:10535000FC1CD505E080E8033C4FFC1C3C0DFC1216
:105360003C1DFC1CE001E8033C0FFC1C84203C0DB0
:10537000FC1C80C180814C1000103833961188834A
:10538000403394402231800188C3C5038EA1D502E9
:1053900080B08C21D5F1846240008C1698E088069C
:1053A00040318476EAC696DB964BD503802580652E
:1053B000ACD0AC51FCC0FC40B480EAB22270800199
:1053C0003C1DFE465A480113ACD0ADD1A60D3C3B66
:1053D000F8223C7BF8235A000104480000CD8400E9
:1053E0003C0BF8203C0BF821FCC0A78D0100005AB3
:1053F0005A68013554080002C0313C47F8203C0788
:10540000F821CC05C02B3C37F822D5283C17F823CF
:10541000C80380E1D523FF62FF0C3C17F8228243CA
:105420004240047542329424421000244330142434
:1054300041108C004231C82442399C7542301075AD
:10544000FE02FE2CFE7C42104873421290754031E1
:10545000C4764010C43696DB97CB54080002C06E69
:105460005EF18C80E9093C57F8225EF28C80E80FEF
:1054700044500C7FD50C4E3400083C57F8224E5552
:10548000000784A0D50480A38400D50284015EF3C4
:105490009400E9073C47F8235EF21400E962D50C5A
:1054A0004E7400083C07F823848042401001D50464
:1054B0005A08014580873D17F8223D07F82340F13F
:1054C000C401802380074123C001E80B840240927D
:1054D000C401400780164204C87340003C1688107F
:1054E0004F22000C8422409240014019043642149D
:1054F000BC734010C83688314C48003A5EF08C804E
:10550000E9045100F381D5054E14003253008000A8
:105510004C58800E5EF01400E90451106C01D50562
:105520004E04002353100000E1B0E80496EB97C34B
:10553000D505E191E80396CB97E35A68010C3C034B
:10554000F8229A183C0BF8203C03F8239A383C0BBD
:10555000F8213C3BF8223C7BF823ACD0ADD1FCC019
:10556000444013FFD5A94F02FFEAD5E186004C580D
:10557000FFD3D5E4FCC0FC2180C00000005A960493
:10558000C00984003C0BFC303C0BFC31841F3C0FF9
:10559000F9E73C7DFE463C0DF9E7A47DE201E80415
:1055A0008C013C0FF9E7B406C0695A000568020394
:1055B000000AB041EB070203000B8041EA54800669
:1055C00049FFFAC0B041800680413C3DF9E73C4DBF
:1055D000FE18A77949FFF82FA63AC006B041800609
:1055E000804149FFF9A9A63BC006B0418006804131
:1055F00049FFFE09B0418006804149FFFD3DA63CC0
:10560000C006B0418006804149FFF927EBFE5A08E9
:105610000107B0418006804149FFFA360003005A75
:10562000960EC0070203000AEB070203000BEA54C0
:10563000B0418006804149FFFEC0220F80024E0427
:1056400000048400EB0722FF80025EF78C80E904EF
:1056500044000C7FEB07220F80034E0400048400FB
:10566000EA5422FF80035EF79400E904440013FF2C
:10567000EA54EB74AC36EA66AC37B4065A08050B4C
:10568000A4363C0BFC30A4373C0BFC3184003C0FAF
:10569000F9E7FCA13C0FFE83DD9E3C0FFE82DD9E00
:1056A0004402D39884213C0FFE5784003E07F960E2
:1056B0003E07F9613E07F9623E07F9633E07F96468
:1056C000EBA93E07F9663E07F9293E07F9283E0790
:1056D000F92A3C1FF9EA3E07EB774412D3488400CD
:1056E000845FEAFF8C015A084FFEDD9EFC00EBF060
:1056F000FC80FC0080C049FF9847C0048400AE34A1
:10570000AE35FC802E07F930DD9E2E07F924DD9E94
:105710004432D308AE18AE59AE9ADD9E3C0FF9EA7A
:10572000DD9E3C0DF9EADD9E3C0DFADD465FF00F93
:10573000EAF5FF4646001000D80684003E07EB77E6
:105740008401DD9E8400DD9E2E17F9622E57F963D9
:10575000EB274C12C0102E27F9605A28010CA60521
:105760009D49400280B697683E57F9623E57F963FB
:10577000DD9EA6058CA1400280B697683E57F9636E
:10578000D90484013E07F960DD9E2E57F9622E1779
:10579000F963D9042E07F960C00FEB278CA1A60589
:1057A000400280B697683E57F9624C12C0058400EB
:1057B0003E07F9608401DD9E2E57F9622E07F963DA
:1057C000D8072E07F96084208E01EB46DD9E840108
:1057D000DD9E2E57F9622E07F963D8072E17F96060
:1057E000840040000406DD9E8401DD9EFC0084A050
:1057F0008C81E2A4E8073860080438608C0C8CA126
:10580000D5F9FC80FC613CADF9EA84BF816081215F
:10581000B4C1105F80075AA001044800009B84E0D7
:105820003C3DFE822F17F9243D2C04B23D3DFE8302
:10583000802A44C0004C81A781C7850686029E89C4
:10584000000180099690E240E81243413024B40BF5
:1058500041505000B4159E81E642E9035A0804768F
:1058600004058003B4009E81E642E808841F10030B
:10587000003E1003003F480000865A0004F9DD5B3B
:105880005A0802052E00133FC8F25B1801045B2082
:1058900005EF00098003222A8004224A8005037153
:1058A000800203618003C01702018009518BFFFF52
:1058B0008E0140F041F642F16073518B7FFF40272B
:1058C00080560201800A8E0140F041F642F2607378
:1058D00040478096E057E903502BFFFFE0964201D6
:1058E0003400E903504B7FFF81E642F3A07384420A
:1058F0004021046442423800102780004020100AF2
:10590000102780014022100A10278002971F404272
:105910000084020A800A10478003C006B44B8854F2
:1059200000010014D502840110078004020A800BD4
:10593000C0039600D50284018CE11007800597F81A
:105940001053003C1053003D8C21964848FFFF79CE
:105950002E77F928C7172E07F9295A001913E61EC2
:10596000A670E805965740008064D503440000F017
:10597000AE302E07F92AAE328401AFF13E07F9307E
:1059800084E02E07F9305A00FF0DC00BCF0A841FA8
:105990003E07F9303C0DFE4B8C013C0FFE4BD5030E
:1059A0003E77F9305AA801163C0DFE8200400009EE
:1059B000E2E4E80F84268406FE7C8A87B449FF046B
:1059C00096488822500F80078440806A8E81F93281
:1059D000B409842080A05020004008328001882330
:1059E0009648DAFCFE4A101000405AA00104480014
:1059F00000B904058003B4209E89E642E9055A10E7
:105A00000404480000A522400006223000075EF290
:105A10000C80E805842042420400D50344400C7FFA
:105A20005EF19400E805842042318400D5034430BF
:105A300013FF000000725A0001048401D5034400E2
:105A400000F0EAD2042580035A08F02E84001001E9
:105A50000072041580034420FF0004008014043009
:105A6000801540100802922810130042401060096F
:105A70001013004446100FF010030043FE0E921066
:105A8000FE9EFE5E1003004592484001E009923000
:105A9000102300461033004710030048101300493C
:105AA0008489D54A952294DA4002200A10030042E4
:105AB0004001A00A10430043100300441033004586
:105AC00000010043C80702010025C80902010026A1
:105AD000D5045A08010584001201002502010025A1
:105AE0001003004740102009220100151013004642
:105AF0000211001410030049840010130048100321
:105B0000004A000100431003004B84001003004CC6
:105B1000000100415A0001085A0002085A0803090E
:105B2000EA76D507FA10D50544000040D502FA0000
:105B30001003004D848DB449501200418822500F4B
:105B40008007844084615242000DD51AB429500F59
:105B500080075010804184408461848DF86BD51398
:105B60005AA803122E07F9295A0819F2EAD2B429C1
:105B7000500F80075010804284408461848CF85A12
:105B80008401D5028400B449842050510041503131
:105B9000004E0842800188249648DBFCFE4A101122
:105BA000004E2E17F9245A10FF0AC108C807841F97
:105BB0003E07F924CF078401D5063E07F924CF021A
:105BC000C0FB84003E07F966FCE1FC008441806272
:105BD0004440004EF82FFC80A60092038C159627B7
:105BE0005C000014DD9EFC4080E08400EBA9A63838
:105BF00080C1C80400038008C0312E07F9615A082B
:105C0000010C2E17F9643E17F9623E17F9638420E0
:105C10003E17F960EBA949FFFD99EB272E97F96331
:105C2000A7043C1DFE578441A03942149073806242
:105C30008E8149FFFDDD2E07F9665A0801063E07F1
:105C4000F9613E97F9642E07F9255A00FF058C018A
:105C50003E07F9258401EB2DD5033E07F9252E17C4
:105C6000F965B4065A18012AA605C814F835C80DF6
:105C7000EB272E37F964A684B4263C0DFE5742016B
:105C80008873B421F839D50849FF954FF825C8FF26
:105C9000D5F0F822C802F845B4268400EBA93E07E7
:105CA000F9618401AE0DB426AE0CB4C6B406F83466
:105CB0005A08013DAE37D53AA644C904F868C03643
:105CC000D50BA6055A080106F807C830F82AD52EC4
:105CD00049FFFD74C8FA49FF955B80E0C82749FF7A
:105CE000FD56EB272E97F962A684B4263C0DFE578D
:105CF000B4214204887349FFFF6A2E17F9615A18CC
:105D000001112E57F9644C54C00DB4063E77F96169
:105D1000AE45B4E6B40749FFFF615A080103AE3F40
:105D200049FF9546B4068421AE44FCC0FC20804067
:105D300080E14402D328A051B6202E17F930EBCCD5
:105D4000A052A841A053A8432E17F9244462D34877
:105D5000101000104412D3243C6FFE5149FFFD5433
:105D60004402D3182E17F930AE402E17F924EBCC8D
:105D7000B4273C1FFE4D4412D314A98149FFFF35BF
:105D800084204402D308AE40AE41AE4249FFFD2319
:105D9000FCA03C0FFF3EDD9E3C0FFF3DDD9EFC6006
:105DA00051FFFA28F385506F83388460F182F286C0
:105DB0003C5DFF3D802686018223F202F284E2628E
:105DC000E82A22400000222000011240800A1240EE
:105DD000800CF4051220800B1220800DA081A124DC
:105DE0001420800B40220820A7D1C70BA72A8E8140
:105DF0004C720008A710C405A6AB8E414C4140056B
:105E000011008035D503111080358C615010803819
:105E10008C08D5D42E17FCF08400F18150EF803827
:105E20008040509F8068511F8098510F80C84470F7
:105E30000038EB0242301C243827020A99733824B8
:105E4000820A3828820A3828020A88648C011022C3
:105E5000802A1021802A5A080CEFF0023C3DFF3EB8
:105E6000E20180E6856014FF800386FF4781000021
:105E700086CA47E9000045902710F002E3604EF221
:105E800000DF840138072E0AB03E41002C40858097
:105E90004402D42840F604064EF200CDF203224319
:105EA000800CC2092220000E2250000F8A82222379
:105EB000800DD5082220000C2250000D8A8222235A
:105EC000800D8A45FE94422210732343800C2240A9
:105ED000000C2353800D412A10012240000D048044
:105EE0000009413A90014259CC2442594873B540C7
:105EF0005A880407004000285A480103F86104400A
:105F0000000CCC59A119E2A44EF3032CA51942456B
:105F10001024E2A4E830A11AE2A4E80BA10404A032
:105F2000000342499024424928734E46031BD5235F
:105F3000A11BE2A4E820A10405100003424990241B
:105F40004249447344D00064432234240111802721
:105F500041292A57432948244312C4244329282489
:105F60004118B63740F965F7E3AFE8054E4700043E
:105F70004EA302F80040002901118000E3A4E805C7
:105F8000A11CE2A44EF302EE004180264E4202F331
:105F9000A11BFF24E2A44EF202EE5A880403F8107B
:105FA000004380354E4302E7004000354E4302E394
:105FB000885ED5375A400203F8035A880404480023
:105FC00002DA04F1800122A0000EE2AF04D0000347
:105FD0002240000F051000044EF302C40051802837
:105FE0008891428694244258942440845916405201
:105FF000D8B6404A9001894D40AA2801FF24FF6C81
:106000004245287342542073E0854EF202B442495F
:10601000C424424934734E4702AE464800008844C7
:10602000B65050C60001510800305000003848FFFB
:10603000FF338D615073803848FFFF218400844115
:10604000E201E8053824820A8C01D5FBF002E60B58
:10605000E80AE62BE808804E8069B13EB148490065
:1060600003C4D508F002804E8069B13EB1484900B2
:1060700003793C1DFF3E4658FFFFF1834420003862
:10608000842050428FFF806144D2D428870CF4874B
:10609000810251EF80C88541519F8098868286E3B6
:1060A000E26044B2D4284EF200F6B10840520C200F
:1060B000A76980ED427288730473800C5A78020FCE
:1060C00038720D004272E073B13E38721E024E7596
:1060D000000638A4960A480000DBB10838720D00AB
:1060E000EB02424288738206EB7101220036F4050E
:1060F000511800305108002804B80001053200038F
:10610000F40338F9AD0102B2001511288006E36FDF
:10611000E80C4F23000B012800028481592900015B
:1061200011280002104880068206EB71EB02424201
:10613000887350F8001822B780012322000D22C86E
:10614000000C4125C8012332000C4369482415285E
:10615000000489CB13278003824741364C01432238
:10616000E07382B04369CC738224B13E1D6A800221
:1061700039224A02F407153A800189EC133780026C
:10618000E29251580010E80D8DB01548000C03083C
:106190008002130A800203088003130A8003D504D7
:1061A00084801448000C8206EB02EB714242887333
:1061B00050B800105132001022C9800223258002FD
:1061C000233980038BCC15280001232580038BD332
:1061D0000132002011380020053200091528000284
:1061E000512800205B3803170128003601120028CF
:1061F0005B2801038FA1111800288206EB71808AA9
:106200000118002851080020404BC41B144800010D
:10621000D50315490001820D43028873010800343B
:106220005CF800C8E8048D81550800FF8246EB0247
:106230004323A0734242A0731109003401020029D4
:10624000F40351190028A165B5D211088001E2B20A
:10625000E805E78AE80C8D81D508F403A166E3C55B
:10626000E8064F0200058F8111088001F40480A622
:106270008E8142538873F484F401005280208E8111
:1062800038AF160A38AC9E0AF4818C218C6148FF25
:10629000FF0984A08069800B8145B1E644C00038C5
:1062A000852185A585042E27FCF0E2A23C2DFF3D2B
:1062B000E803F401CC0A84608601800681438223CE
:1062C000811085834800009300F10009E22FE8F473
:1062D0000D0180015B080179050000095B080308D6
:1062E000F20114A1FFFF8E41F281D56E8F81E7820A
:1062F000E80D0500000C5B080206848010400028B1
:10630000D50AF40301020001D504010000288F81A1
:1063100011000028010000285B0801080110002A74
:10632000591880041110002A0021001987C040FF6D
:106330000806E82338F3FA02E91D38F77A02E91A69
:1063400080484026C01A1420000981E080463B079F
:10635000E404422F30733B0164243B07CC003B0133
:106360004C2000200020B13238920A0A3893FA0AF1
:10637000D52551EF0001D5DC85E0D50350F780012C
:106380004CF100233843BE02CCFA80484026C01AA4
:106390001420000983C080463B0F64044227B07379
:1063A0003B0164243B0F4C003B014C2000200020AB
:1063B000B13238920A0A3893BE0AF20114A1FFFFE3
:1063C0008E41F2818C218CA15000003848FFFF6D76
:1063D000F404C47001210009E232E86C38570E025F
:1063E0005A5001098C6150000038F402E264E9F16E
:1063F000D561B12638520E02CDF6B132387216028E
:10640000CF55F403B6E0A9C1A9C2A9C3A9C40270BB
:10641000000C1270000E0270000D1270000F99E156
:10642000F4050073801C05320003F40310500020B3
:10643000107000280490000B03220015CF0D38794E
:10644000A501E3C7E80415000009D50F14C0000931
:1064500010800028D50A38F9A50114C00009E3CF3F
:10646000E9048CE1107000283879A501B132E3C746
:1064700080E84078BC1A3902160AB126107000363E
:1064800039020E0A0070002AF404587380018E81CC
:1064900011100034111000291070002A14A0000CF3
:1064A00038A70E0AF4848C21D59E8CA1E2B2E9A60D
:1064B000D59A8400EBFB808000110009E201E80816
:1064C00042100C24F5068C013842840AD5F684006B
:1064D0003E07FCF08420509F809844A0004C44C0AC
:1064E000003800010019E220E849EB035A080136A0
:1064F000047300095A7005132E37FCF0800B80A638
:106500003B02E4044201B0738C613B0064243B0213
:10651000CC003B004C203E37FCF000030020F3068B
:10652000423028738003B6E30033002A103000188D
:106530000233000AACC20233000BACC30433000BBD
:10654000A8C7B46650400024B664A0F1A8E1A0F248
:10655000A8E20433000CA8E38C2150630038D5C2B4
:106560005A800303F805EBC24E43FD5C885848FF90
:10657000FD591578000048FFFD5651FF85D8FCE015
:1065800084003E07FCF0DD9E4402B5B03C0FFF3BAB
:10659000DD9EFC67005080092310000223200003C9
:1065A000C50F3C4DFF3DA6E28E61D30A0030800846
:1065B000C307A7238E81FF1D5C420001D5028481A1
:1065C0002E60134684603E37FA3A4432D3F0CE1D33
:1065D00005000011EB4BEAF540581402450100009C
:1065E0004C58401584A33C5FFE8D84A13E67FA3869
:1065F0003C6BFD143C6BFD153C6BFD123C6BFD13BD
:106600003E50134684C1D50284C03C5DFE8DC2322B
:10661000C5035A5805093C6DFF3B0063001C3E67EB
:10662000FA3884C13D07FD153D37FD14410940018D
:10663000430840244138CC01817042B9CC735A5090
:106640000307C5055A500504480000873C5DFF3B21
:10665000A5C802528011E2A72E77FA38E807A449AC
:10666000E2A1E804C7038EE197F884A3CF7684A162
:10667000D5749E69E622E8053C1DFF3BA649D50975
:106680005A5803043E27FA382E17FA38C1048E21CF
:106690003E17FA382E77FA385A78010684243E17C6
:1066A000FA3AD5038425C70284243C1FFE8D80A3BB
:1066B000803F3B02E404EA7F3B02CC003B00CC205D
:1066C0003CBDFE843CADFE853C9DFE863C87FD12B4
:1066D00080B93CC7FD133D17FD143D27FD152E67FE
:1066E000FA3A2E47FA458420B6205A50051EB77F45
:1066F000EBCE149F8002128F800A12CF800B131FE3
:10670000800C132F800DF589107F8028106F802A50
:10671000104F8035803F3B00E4043B01E4243B0004
:10672000CC003B01CC203E27FCE8B6A01060005A0C
:106730001280000412C0000514B0001714A0001845
:10674000149000191420001A5A58010B1280001CD2
:1067500012C0001DD50584A281928111D5C5FCE728
:10676000FC6081608220840082418120826084E11B
:10677000810044E000304F1200374F2200355A7834
:10678000013384C080E6855E4C65801E39011A02A3
:106790005B0801184142184086004D00801338D133
:1067A000C2025AD8010D42C8382438CA300240F615
:1067B0002806E8058130826680ED814C8D81D5EE1A
:1067C0008CC1D5E3C7D940628020113300001093FB
:1067D00000019D8138814E0A96303881A60A8FA12A
:1067E0008FC1D5CAFCE0FC6051FFFD3080C0C06A9B
:1067F000C168E220E83080E145100030865F820405
:106800004303C47384003928020A8C014C037FFDC2
:106810008CE14C737FF6800181C1802681A5814483
:106820008183816249FFBE7DB02449FFBE81800A19
:1068300049FFBE8F801F49FFBE988126840C84C00B
:1068400049FFBEA449FFBEA780A6862C4430003075
:106850008046D520E201E8E084E045100030865F04
:1068600082044303C47380063928020A8C014C0059
:10687000FFFD8CE14C70FFF6D5CF40081000380FBB
:1068800080005A00010F8D814D04FFF98CA14C57F7
:10689000001A802A4242C42442128C738600D5EE2C
:1068A0003800C2025A07FFF1400698209DF11100FE
:1068B0000000AF4197B83825C20A3826160AD5E439
:1068C00080C1800651FF82D0FCE03C0FFF88DD9E36
:1068D0003C0FFF87DD9EFC602E27ECCB3C6DFF88D4
:1068E000C205844AA8B1FA4ED503FA44A8B1AEB0A5
:1068F000AEB15090FFFF85823D4DFF873C4DFF7646
:106900003C2DFF7540C4B1964532D7EC8C0C443217
:10691000D7BC4472D79C4522D7A88620850144A2C3
:10692000D70C85AC85C4001A0009E3A14EF200D44F
:1069300004507FFD4E5200C800B0000C5415800179
:10694000C10B1089800022100000AC5822100001F9
:10695000AC59480000B95A5004044800008200298C
:106960008000CA3B001900005A100106A7788082F7
:106970008022D51E0153800040154440808280A2B1
:1069800086014C5AC003860222F080008CA1424846
:106990003C7322F08001976842283C73501080308D
:1069A0005A5803F04042389640213856D518821183
:1069B0004300B4738C2138F542114105404023084F
:1069C00000019648888FE2A18850E8F28CA14042ED
:1069D000149640211456D503804180814211000352
:1069E0004252000388A1A071E225E86D541580048D
:1069F000A77001630002C10DFF64A4584052D8B6CD
:106A000088A1AD58A671A773FE5440109436D51ACC
:106A1000401B30004100A6160153000342581401E8
:106A200040FAB000A67140F7A5F6FF6403018000AC
:106A30004052D8B642178401FE5488B0AD58401079
:106A4000D436A55958B580028825AC59221180004A
:106A5000AC4022118001AC4110B0000CD5345A502A
:106A60000533005980005A58010810190000AE780B
:106A700010198000D510A778E6A2E8048CA1AF78A1
:106A8000D502AE7800190000C906A6785A1802048B
:106A900010890000A67880B14250B47322B0000083
:106AA0008025A5584055940138550609230000015A
:106AB000A5594015044040581401AD4912B1800059
:106AC000130180018DA18DE1EACF8C648CE18DC131
:106AD00048FFFF2B3C4FFF763C2FFF75FCE0440244
:106AE000B5D83C0FFF86DD9EFC40B4404E2200FA34
:106AF0000070005A96FCC30E84213E17FD28021038
:106B00000008020000093C1BFE923C0BFE9348006B
:106B100000E95A200404480000AD2E27ED464E231C
:106B200000E12E37FD283C2FFF483C2FFF47CB418B
:106B30002E27FD192E57FD184462D6EC5A20010568
:106B400080438083D52180838043550200FF4D021E
:106B5000C0048602D50286013913121142384473EB
:106B600041131040231880018C81422844735A48F5
:106B700003EE848440319076402110563C3FFF481C
:106B80003C2FFF47D516390312118870410310407E
:106B90008C81230800019720E2A48850E8F58CA19D
:106BA00040319476405114B63C3FFF483C5FFF476C
:106BB0003C5DFF863C4DFF483D2DFF47A0E942F27A
:106BC000000342290003884F94D9E2624EF2008A02
:106BD0003D33FE92A6E850F9FF105CF78AA0E90267
:106BE00094D93D03FE93A6A950F87F105CF792203C
:106BF000E9029491546380040092800201128003A0
:106C0000C60FFF1C42190824404224964010C43687
:106C1000403990003C3BFE9240280400D51B8E2159
:106C200084C2406098D640549800405284B688D1BF
:106C3000401304364251940142110401FF2C4219C1
:106C40000424403224764020C45688733C3BFE9294
:106C500088503C13FE923C2BFE9312100008587390
:106C600080023C13FE93121000091070005AD539AF
:106C70005A2005382E17FD285A1801093E37FD19EC
:106C80003E37FD183E37FD28D5152E17FD18E62294
:106C9000E8058C213E17FD18D5033E37FD182E1749
:106CA000FD19C9082E17FD185A18020584213E1730
:106CB000FD19223000083C23FE922E17FD18444295
:106CC000D6EC9A9A38220609222000093C03FE934A
:106CD000401204409A10AC093C3BFE923C2BFE93C0
:106CE000FCC0FC00001000431010004400100045E0
:106CF00010100043C92084283E17FD08021000250B
:106D00003C1BFE833C13FE825CF0A710E8048C2140
:106D10003C1BFE82A44650F0FF885CF78B90E8078E
:106D2000A40750F07F885CF79310E92784003C0BA0
:106D3000FE82D5232E17FD08C11B3C23FE825CF189
:106D400000FBE9163C2DFAB95A2801183C23F53905
:106D5000CA043C23F52CC2118440102000438E212C
:106D60003C23FE83122000253E17FD08D506842013
:106D7000121000253C1BFE82EA373C1C04B25A0864
:106D8000010C5A18010A841F3E07FD033E07FD024D
:106D90003E07E7ACD5055A18015B5A0801313C049F
:106DA000096A50107ED496495CF08A28E8083C10A5
:106DB000096B50F0FED45CF791A8E96D84403C1457
:106DC000096B5EF0012C3E27FD033C0BFE803C1B53
:106DD000FE7EE8043E27E7ACD55E5EF00B548401EE
:106DE000E8055EF0812CE80584023E07E7ACD55348
:106DF0005EF092D48403E8FA841FD5F82E07E7AC3E
:106E0000C0035A0801093C04096A2E27FD034412F5
:106E1000D6E0D50B5A0002045A08033E3C04096B25
:106E20002E27FD034412D6DC38F089118A0FEB3A85
:106E300096015CF00065E92F2E07FD035A00FF2C38
:106E40003E07FD0284003E07FD03D5195A180224AF
:106E50005A08010E84003E07FD033C00096A3C0B02
:106E6000FE803C00096B3C0BFE7ED5152E07FD0213
:106E70005A00FF1284203E17FD03C00A3C03FE8027
:106E80003C08096A3C03FE7E3C08096BD504841F5C
:106E90003E07FD02FC803C0FFF8ADD9E3C0FFF8910
:106EA000DD9EFC00C0045A000108FC8049FFBEE5DD
:106EB0003C0FFF8BFC8049FFBEE93C0FFF8CFC8040
:106EC0008020E6093C0DFF8CE82344F16CD4EBC82C
:106ED000EABADD0F0A3C10161C22282E34003C0DA5
:106EE000FF8BDD9E500000F0DD9E500001E0DD9E36
:106EF000500002D0DD9E500003C0DD9E500005A072
:106F0000DD9E50000780DD9E50000960DD9E8400FC
:106F1000DD9E9200FC4080C280E13C2DFF8C3C1D38
:106F2000FF8B8123814449FFBE7F3C1DFF89A60A58
:106F3000A64B49FFBE99EA764203000149FFBEB362
:106F400084C03C1DFF8A00008010E2C0E81080066B
:106F50003810980049FFBEB43C0DFF8A98460010D7
:106F60008008800649FFBED28CC1D5EC8400F80BA6
:106F7000F80C8401F808F8095AA801058402F803FE
:106F8000F804840349FFBE9349FFBE6049FFBE87F2
:106F9000100480008481840000148000E201E82B4A
:106FA000A07938508101D025A07D9482956A98CA35
:106FB0008825A6DAA78AE266E802AECAA07D98CA4A
:106FC0008825A6DBA78BE2C3E802AECBA07D3830D4
:106FD00088008825A788E266E802AEC8A0FD88433D
:106FE00088A3A651A6A9E241E802AE693E47ED2A70
:106FF0008C01D5D3FCC0FC62464C012088814463DF
:1070000008FFE2C4804080A14030C0094EF30082F6
:10701000C8054603FF004C500121808280A1FD027B
:107020008440463BFF00EA26FD10FD30EA27FD6064
:10703000FD10F8EE442199D8FD50EA55F8E94421B5
:1070400099D0F8F5442199E0FD40EA55FD06EA277C
:10705000F8D4442199F0EA55FD40F8DA442199E842
:10706000F8E6442199F8F8DBFD06EA273A4F940048
:10707000FD10FD02EA2644219A08F8C744219A002F
:10708000F8D644219A10F8CBFD06EA27F8D544211A
:107090009A18FD60EA55F8CEFD10FD06EA26F8C9FB
:1070A000F8D0EA26F8C6F8A9F8C4F082F183844043
:1070B00046341A00F8ADFD50F80BFD15EA65FD10D9
:1070C000FD50EA27442199C8EA55EA27FD40FD1002
:1070D000FD03EA26FD60FD10FD03EA65FD14EA26C6
:1070E000FD40FD15FD03EA65FD10440199C83A0015
:1070F0000400EA273A0F8420FD13FD05EA263B0F22
:10710000C400FD10FD08EA27F878F89B480000A2AB
:1071100050F1FFF044607FDFE2CFE828950940425C
:1071200003F540420024CC058401490000A6F81371
:10713000C8054607FF004C5000944001BC098082FE
:10714000C8065451FFF044007FF0D80780A1FD022B
:10715000490000A84800008680A1FD028440463412
:107160003300EA27465FCC0088A1469C01A0892510
:107170004064B40997B74014D009447199904043D2
:107180009880402286810432022540A39880802284
:1071900004220224EA650425022604350227EA6552
:1071A0000425002404350025EA27FD304004D00AD8
:1071B000EB3044219990F833EA2704250026043562
:1071C0000027EA26FD13FD40EA26FD60FD13F820A6
:1071D000FD50FD16FD04EA65FD13EA263A4F9400C2
:1071E00044219998FD40EA55FD02EA27F80644211A
:1071F00099A0FD40EA55F81EFD10FD04EA26FD4069
:10720000FD15F806442199B0EA55F082F183FD039B
:10721000EA27442199A8F80B442199C0EA553A0F6E
:10722000842083FF4E00FFF5442199B8EA55EA26F1
:10723000FD10FD05EA273B0FC400FD10FD08EA26FE
:10724000F402F503FD10FD0283FFEA27FD10FD04A3
:10725000EA26FD16EA26D50584008020D5028002A4
:10726000FD10FD01FCE2FC40FD30812249000506D5
:10727000B720FD03FCC0FC01C80584004613FF00D5
:10728000D5048400461BFF00B61F8440F181B41F63
:107290008062F10149000322FA5249FFFFE6FC81B6
:1072A000FC60FD10FD50EA65FD1049000317FD303C
:1072B000FD054900000BC006FD03FA5149FFFFD54B
:1072C000FCE0FD03FCE09200C10446580000D90434
:1072D000C8038402DD9E465FFF004647FE009F21F3
:1072E00098CDE283E8064657FF0098CDE283E90394
:1072F0008404DD9E464001009F21E281E806465855
:10730000000098CDE283E9038403DD9E4657FF0029
:10731000D104465FFF00D902C0038400DD9E8401D2
:10732000DD9E92003A6F98BC40608C0390DF4E3433
:107330000006FEDAC203FE929ED94E140006FE4AF3
:10734000C003FE029E4984804900003CC6084040BC
:107350008004C405FE4AC003FE029E493A6F988429
:10736000DD9E92008480D52D4141400997419210C5
:107370004040D03796D14010C008FE4742020C244E
:10738000E220E8099F21984AE222E905E220E80389
:107390009F21984A9A484010D01740004008FE2F7D
:1073A000FECCE203E80998029E49E202E905E20305
:1073B000E80398029E499A0340424008FE67DD9E1A
:1073C0003BFFFEBCFD80FD918384CB4DE3B2E81909
:1073D0004209000782A0C00D4129000C5250002034
:1073E0004058140D4118800C411894044108000CB9
:1073F000FD08805249FFFFBA82C1820086E0D52392
:10740000C2284209000782A0C8048BB286E1D514C5
:1074100052F000204129000C805240483C0D405859
:10742000800C4108000C400290044018BC0D49FF3C
:10743000FF9D82E18220FD08805249FFFF9782C1B3
:10744000510000004FC2005386204108540DD54B17
:1074500041194A17842084004FC2004CB79C151E66
:107460000001D547E3B3E9F74209800782A0C04491
:10747000524000204059100D4029800CFEAF82621E
:107480004129000C4038100D4108000C4008800CC8
:107490004018900DFE1F49FFFF6982C18220420003
:1074A000C869E3A1E9054C18C00CE380E809516BF9
:1074B0007FFF8A3340304801E2038A2F800386E051
:1074C0004FC200154008000140188401E3808A2F54
:1074D000524A80204110900C4100540D4108440450
:1074E0004110D40DB79C151E00018016501B800062
:1074F0003BFFFE84DD9EE3F1E903E392E90986C1E7
:10750000404848018BB3E3848BAF8204D50286C028
:1075100086E04FC3FFE9D5EA4231FC0A95093A6F8C
:10752000A8BC959947E80000E286E9054C4340096C
:10753000E202E806FD40FD01FD1495099599FECD96
:107540004031F8024072540940A35409409228087F
:1075500040832808445007FF4C5380C440F2000485
:107560004EF200BC40F308044EF200924063A801C2
:107570005CF300404EF2008C405054094094940457
:1075800040002C08405154094084140440212C0828
:10759000E6E2E9274094F8044EA20004408478040F
:1075A0009F714062A81AC61D525300204E57000C0E
:1075B0004041140C4054140C4084180D4021180D07
:1075C000FEAFD50CFFAA505280204044140CFF1788
:1075D0004043181A4024180D8500C40358210002A6
:1075E000C3594C7540064C9440044C010078E32884
:1075F000E9054C94400AE202E8079FF940447C0800
:1076000093019241FEA780809A02E2808B2F8B2803
:10761000E6E2E9494E93000BFA904043900680A7BA
:10762000CC0D812084005073FFE042548007E2A714
:107630005247800142529C01C50D9BFD9B6C5262DA
:1076400080204040180D4094940C4000140C40944D
:107650009004500004005CF00400892FE32F88EFB1
:1076600040502C09976C80C09A05E2C08B2F409443
:1076700084084054D008932C920BFE2F4053D0081E
:10768000409494044010F8024010A4043A6FA88477
:10769000DD9E9802E202892FE32F8928E90AE32878
:1076A000E908CFD8920B4044D408932BFE27D5EBA2
:1076B000525387FEC50E54F000015850000240029C
:1076C000BC1B4044FC0893219201FE279DF9D5C2C2
:1076D00084004697FF00D5D7C3DA84008420D5D72D
:1076E000409480044C9F40054C557FD2C3D0840009
:1076F00044180000D5CC9200FC4295099295407048
:10770000AC0840605409FFF740602C0847C80000EF
:10771000955992B54091AC08408154094094A00419
:1077200040812C08FECD40A1F002443007FFC45830
:107730004C3200754073F0044E5200874C32807911
:107740004094F00414AF80035002FC0299204223BD
:10775000A4694203246940910400E32140A1BC00D4
:107760004223A06999D0E2E0892FE32F894F892332
:10777000E323894F4203206999F9E2E1892FE32F3E
:1077800040153C00FFC75804800140049C1AE420C7
:10779000E90781E09800E20F9849882F9F2104AF04
:1077A00080034E470071525207FF4E57004650006B
:1077B00004005CF00400E804882FE22F888F40204A
:1077C0002C0996949A02920B4020D408FE179449F3
:1077D000922C40525008FE6F4010A804FCC240F3A7
:1077E0009804E81940F37C0999FF88EF99B6CF0512
:1077F00080E684C050427FE042038007C09E9B2009
:10780000522000204023080D4063000C4073800C80
:10781000FFD7D593D315802AFCC2FFF74C7E4011C9
:10782000CD064024840840212004C20ADB05409490
:10783000A0044C9E400684004617FF00D5CE84006D
:1078400044180000FCC24004A004C0E640F47C09D7
:107850008929892F89084E93000681288500505276
:10786000FFE0420480074E02FF6F9B685220002019
:107870004024080D4084000C4094800C40948804FF
:1078800048FFFF6284C0523200015CF18020E90AA7
:1078900080C0800184205031FFE0C0045CF1802072
:1078A000E81AC310522180204070880C4050080C08
:1078B00040000C0D40108C0DFE3FFFAFC60358007A
:1078C0000001500004005CF00400882F4040FC09D7
:1078D00048FFFF778400D5A0FC429509929540703F
:1078E000AC0840605409FFF740602C0847C800000E
:1078F000955992B54091AC08408154094094A00438
:1079000040812C08FECD40A1F002443007FF4E42DA
:1079100000C54C3200EF4073F0044E5200FB4C3275
:1079200080F34094F0049B25504203FF92C1401322
:10793000FC08FF8F92E14024C009403388F74014CF
:10794000801342508C244073C00840034009FFC795
:1079500080079BFDE207E8059ED988E9E2E9E8FD9A
:10796000402388F7425088244073C0089631FFC7EF
:1079700080079BFDE207E8059E9188E9E2E9E8FDC2
:107980004031C00898DA4201A069FF8280079BF964
:10799000E207C60580079FF9E903E207E80C9ED9D4
:1079A00088C84003200688E9E2E9C0049DF9E9039C
:1079B000E6E1E8F64C74C007802880E68440840045
:1079C000D52B4014C009402384F74004801342F0B3
:1079D00008244073C00840534009FFEF80A78AEF96
:1079E000E2A7E8059E9188E9E2E9E8FD401384F703
:1079F000425004244073C0089631FFC780079BFDA6
:107A0000E207E8059E4988E9E2E9E8FD40214008EF
:107A1000989142012069FF8280079BF9E207C60521
:107A200080079FF9E903E207E80C9E9188C84003AC
:107A3000200688E9E2E9C0049DF9E903E6E1E8F6F9
:107A4000E460E90781E29892E24F98DB886F9F211A
:107A5000FFF75801000140011C1A80234E470079AE
:107A6000525207FF4E57004A500004005CF00400D9
:107A7000E804882FE22F888F40202C0996949A02E0
:107A8000920B4020D408FE179449922C4052500883
:107A9000FE6F4010A804FCC240F39804E81B40F3BA
:107AA0007C0999FF88EF99B6CF0580E684C05042E3
:107AB0007FE0420380074E02FF329B2052200020CD
:107AC0004023080D4063000C4073800CFFD748FF33
:107AD000FF26D307CD0440F4A004E807802AFCC2A7
:107AE0004094A0044C9E3FFC840044180000FCC25B
:107AF000FFF74C7E7FFBD3F984004617FF00401050
:107B0000A804FCC24094A0044C9E7FF08400D5E7FA
:107B100040F4A004E8F240F47C098929892F8908FF
:107B20004E930006812885005052FFE042048007F2
:107B30004E02FEFB9B68522000204024080D40842A
:107B4000000C4094800C4094880448FFFEEE84C0F2
:107B5000523200015CF18020E90A80C0800184205B
:107B60005031FFE0C0045CF18020E81AC3105221BC
:107B700080204070880C4050080C40000C0D4010D4
:107B80008C0DFE3FFFAFC6035800000150000400FB
:107B90005CF00400882F4040FC0948FFFF6F840020
:107BA000D59E92003A6F983C954992B54040AC08FA
:107BB00040605409FF3740302C0846680000FF370A
:107BC0005CF2843EE8215222843EFAD0E246E90685
:107BD0008064848050217FE0CBF9C20B8004403167
:107BE000880D4042080D522100204000080CFEC7BD
:107BF000E420E805FF22C303FEDA8E81800380249F
:107C00003A6F9804DD9EE420E90752F287FFE90805
:107C100095A1FF9FC605464800008460D5F0464701
:107C2000FFFF58420FFF847FD5EA92003A6F983CDD
:107C3000842080A180618040C210E440E80746585B
:107C40000000FE92C103FE4A8E414430041E4241B0
:107C500000079ADC4021100C4040AC0940615408F8
:107C6000FF37959192CCFF774061D008FF77800471
:107C700080253A6F9804DD9E4402D814DD9E920060
:107C80008060E644E9285441800354508003C50BCA
:107C9000525280049A9599690840800118418001E8
:107CA0004C12FFFC40511409C50A956D996996A7BD
:107CB0003B00DC043B01DC244C12FFFC4051080972
:107CC000C50A956A9969968F3A4090043A41902482
:107CD0004C12FFFCC208994A0840800118418001FB
:107CE0004C12FFFCDD9E92008060E644E930545166
:107CF0008003C509525280049A9599681811800131
:107D00004C32FFFE96484040A008FE674040C00845
:107D1000FE67405114094E520011956D996B96A75C
:107D20008201822182418261828182A182C182E1BB
:107D30003B01DC244C32FFFE40510809C508956A1E
:107D4000996B968F3A1184244C32FFFEC206995AE1
:107D5000181180014C32FFFEDD9E92003C0DFAB1FD
:107D600049004248490011EE4403F04A44100055CE
:107D7000490012FD4900718149004A6C4900BD402B
:107D800049004A6C490042E744038D403C0DFAC566
:107D90004800015549004248490042E74900219204
:107DA000490011EE3C1DFAB13C0DFB9B490045F426
:107DB000490042983C1DFAD72E07EDEB2E07EA0D3D
:107DC0003C0DFAD73C1DFAC53C0DFAB04420019099
:107DD000490071812E07EA243A6F98844800918007
:107DE0003C0FFAD5443001902E0FECDA4412FEF02D
:107DF0003C0DFAD54900B98E4900BA7C49007B2276
:107E00003E07ECDA4420018040F03C00100F800770
:107E10004900B8923C0FFB574900707C2E000E645D
:107E2000440000553C0FFAD44000000950037F483D
:107E300040310C40443000552E00130D2E0726BC57
:107E40004423F04A3E07EA2E44200055440FFFAA7F
:107E500049005EA549007DB23C0DFACC660000E009
:107E6000490016AB4200080B44338D414900BD74F4
:107E700054007FFF2E17ED7A3E07E9DF3E07EA2424
:107E80003C0E03A042006C0B4900445B22108001B1
:107E90004000804040000416100F800F4402C504CB
:107EA0001010001C109380004413F04A120F80033E
:107EB0003A210C004200100B4402ECA84900166C59
:107EC0004473F04A4900146F3E07ECDB3C0DFAFFA7
:107ED00048005267490012FD490020DC3C0E039F18
:107EE0005800000449007DB22E07ED523C1DFAC92E
:107EF0004900B98C020F8003490011F254637FFFDF
:107F00004402FEF0580000014900760A4402E144B0
:107F10003C0DFF91380780002E07E9D43C1DFB9BE8
:107F200049006F923C03F52D49007D653C0DFB1E19
:107F30003C0FFAB0440000FF49005EA54490005594
:107F400044131C20549000FF3C0DFAD6490045F420
:107F500064030403490074453B00E4243E07E748FA
:107F6000120F800A4402EDC04402FE50440000504B
:107F70004413F4033C0DFAB63E07ED3E49007FC2C0
:107F800044100064000500004900728E44300080F7
:107F9000490021C43E07ECDD3C0BF52B120F800B92
:107FA0002E07E9BF3E07E9D82E0013D23C0DFF9201
:107FB0003E07E9CA490085BB2E07E9E73E27E75996
:107FC0005410FFFF2E0726BB02F78000440200007A
:107FD000101000513B00640449007B0B3C08099CD5
:107FE000540000FE4462FEF0440000690004800179
:107FF000580000203C0C04B2100500003E07E9F7D1
:108000004412FE502E07ECD03C0E03983E07E9EFD9
:108010004410003244000032502F8007000000510D
:1080200044030000223080006600000210038050EC
:108030006600000458000010441262384410004CDE
:108040002E0FECDB40F0BC004800017140008016B0
:108050003E07EA262E07E9F84800012838308A0A48
:108060003C0BF8084400007842210003440373E805
:108070003C0DFFA8401004363C5DFAC066000010BD
:108080004400012C421080033E07EA0C2E07E9DF72
:108090005C00000140210C565000004C2E07E749BF
:1080A0002E07ECCA100300414900B68A4900744506
:1080B0002E000E84400018403C0FFAE84400004CAB
:1080C0002E07EA28541080FE4422C5483C0BF809CC
:1080D0002E07EF9510058000490082C55800000268
:1080E000490069D94463F04A49004298021F800060
:1080F0003C0DFFA940109C36580000803E07E9E780
:10810000490068EF3E07EA0D3C6FFB0C40320D0062
:10811000181280012E07EA1D3E07EFA22E07EE641B
:10812000501F800F2E07EFF83C0BF5463C0DFD1756
:1081300050528F004900750C4412C3BE50108FFF7F
:1081400049003DDA49007477500F800E6413040231
:108150003C0BF6923C0C0398382080084413F248FC
:108160004422ECA84442D428380486023C1DFAB0CC
:108170003E07ED6F3E07EA1D120F80020462801673
:10818000490097AD2E10130D2E07E9B22E07274E8A
:108190003E07EFA14900436A4422ED80441E0000DF
:1081A0004900490040108C365EF000333C1DFB272F
:1081B0004402FEF138530E0A02F500003E07E9C101
:1081C000109000004413F1C04412ECA84420FFFFBB
:1081D0004402DCE8500F80063C1DFAB638078101E6
:1081E000440397DE440397DC540000FD4900819E60
:1081F0004412DCE8490015623C0DFE83641324033D
:1082000049004A0E42008873041300083C6FFC5179
:108210003E00133E00048000503F80074900BD1619
:108220002E17EA0D38009A0A3C0BF69E44138D4037
:108230002E07ED42447000553C23932A2E37262208
:1082400054A000FF420000032E07ECD14472C7E4A3
:1082500049004A7949008C0B3E07EFF83C0FFB5868
:1082600049003DDA3E07EE7D441365104422E0509C
:10827000490085E24000800640F78011000F80072A
:108280003E07EA3E3C1FFAD446500FFF44038D429E
:108290003C0DFAC05CF0012C4200040B440000527B
:1082A00049008E333C1BF5432E07EA034422CD944C
:1082B000446000643C03F8084412DC204412C4010A
:1082C00049001F124412C6D0490067612E07EA0E0A
:1082D000443000323A0000006403080349004A7940
:1082E0004200700B2E07E9E03E07ECD04003200966
:1082F0004000BC1A3E07E9DA40118440490081BCC5
:108300004900768B3C0B950D3C0C01DD3C13F3933F
:108310003C0FFB09440262382E07ED49490044AA8C
:108320004303887344037A283C0FFB0C020F80023E
:108330004403F7CE490043E23E07EF95441216800E
:108340002E07ED4E42000C0B3C1DFB7944134C10E4
:108350002E07E9EB44400064442000643C0E039B7C
:1083600040213C08041180141010003C661080026B
:108370001203000944130FA04480005549008214E1
:108380002E07EA2D3E07E9C33C1DFB682E50130D56
:108390003C0DFC09101000524400006450048001A0
:1083A00040010016405293F5540000F04472000062
:1083B0004403F41C4900AA8E1003007D40F4BC2045
:1083C0003E07ED77121000104900763249008C9478
:1083D0004403F00E490091A43E07ED4E3E07274EA0
:1083E000440000963E07ED4A44038D4158000008C2
:1083F000380015015CF000332E07ED6C3C1C01DEEB
:108400003E07F9653B014C00441000A544100050A4
:108410002E17E7493C0FFAEB490085154412C73087
:108420002E07ED504403F7C82E07EE7D49007FC7A5
:108430003810AE023E07EA193C0DFB0C10048046D2
:108440004402FE6042F000031004800140018040BD
:10845000225080003C1C039B5EF10033490097A131
:108460004900696D004000343E07ECD150000040E7
:108470003E07E9DB541000033C0DFFA038178400D1
:108480003C0FFAB50030000E4010AC36101000085A
:108490001003004014AF8001500002402E57EE310F
:1084A0003C1BF5310423800A0423800C40317C0AF4
:1084B0003E07EA204412C434020F80014412C39ADA
:1084C000441218104412DBA83C1FFC5044A0005575
:1084D00049001D5A49007FC23C0DFACA3C0DFBB64B
:1084E000442000B63C6FFAB05CF000A04900218A3D
:1084F000490071233C1DFF9149000CA22E17EDEBA2
:108500004402C4C43C0E039C502F80063810190945
:108510002E17ED273C3DFABD3C0BF52A490042BE23
:1085200049004A4349000CE540008100490044C02D
:108530003C03950D4900430A2E07262242209073E2
:10854000460000F4120300084430004C2E07E9C333
:10855000423180030003007D49002429000000000F
:108560008492030014940300FAAF02008AB102005F
:10857000648F0300F4900300DAAC02006AAE0200DC
:1085800010330300903F0300104C03009058030089
:1085900090B2010010BF010090CB010010D8010083
:1085A000A0E40100E0EA010020F1010060F7010011
:1085B000E8730300F8740200A00F03006880030052
:1085C0006A6A6B6E6D6F6F776E696A6A68666469F6
:1085D0007268696D6D6F6D77736B6E6E6D696666CF
:1085E0006767696C6D6A6B74716868696864626AF0
:1085F0006C6265696A6968706F66676868656464FB
:1086000063636567686868706A6667676663616800
:108610006D606365666768716D67696968656262E8
:10862000626265676665656E6C64656664626166F4
:10863000685F61646664636E6C63656663636060F3
:1086400062626465676867706965666664605E67D4
:1086500068616266676666716D66676865636262B7
:10866000616163656565646D6962636462615E66CC
:108670006B6163656566666E6C63656565636161A4
:108680005F5F62646564656F6763656462605D64B3
:10869000665F6264656465716A646564635F5E5E9B
:1086A000606061636563636B66606060625E5B63AC
:1086B000665D5F626464626C6862626262615F5F91
:1086C0005B5B5D605F626166655F61605F5E5B61B1
:1086D000655B5D5F6161626A655D5F5F5F5B5A5AA2
:1086E0005B5B5E5F5F5F5E66625D5D5D5E5B5A61A8
:1086F000655B5D5F60605E65615B5D5F5D5C5B5B94
:108700005A5A5D5F60605E67605A5A5B5A58565E9F
:1087100066595C5E5F605F69645D5E5E5F5C5B5B6B
:1087200058585A5A5D5C5B635F58595B5A58565E9D
:1087300064595A5C5D5C5C66625B5D5D5D5A5A5A69
:108740005858595B5C5D5C655F595A5B5956545E7D
:108750006356575B5C5B5B65625C5D5D5C5957575C
:10876000565657585A58585F5D5859595956545E7D
:10877000615456575A5958625E58595B5A57575761
:108780005555565859595A5E5C5858575856535C67
:108790006355575A5B5C5B65605A5A5C5B5856562A
:1087A000535355585856555E595455555553535C67
:1087B0005F5355575858575F5E5758595857565634
:1087C000525253575757565D595455555553525A4F
:1087D0005D5152555757565F5A5655575753535335
:1087E000535353565756555D5A5455565553535D2A
:1087F0005A5052535454535B5A545656555353532C
:10880000515151535555545C5A5454565352505A21
:108810005E515355575756605A56565755525151F7
:10882000525253555655545C56515252524F4F590D
:108830005E5052535655545C5853545555515252EC
:10884000505051535354535B5854545553514F5AED
:108850005F4F50545555555B5A57575857545353BB
:108860004F4F4F52525251595750505252504F59E8
:108870005E4F50525252525A5852535453515151C2
:108880004C4C4D4E50504F56524D4E4E4C4B4B56FD
:108890005A4A4A4C4F4F4F55555050504F4E4E4EDE
:1088A0004B4B4B4C4D4C4B52504B4D4E4C4C4C57F4
:1088B0005749494A4B4C4B52504D4E4E4D4D4D4DE4
:1088C0004C4C494B4D4C4B524F4A4B4B4A484B56E4
:1088D000584A47484B4A4A504F4B4C4D4B4A4D4DD6
:1088E0004D4D4A494C4B494F4F4B4B4C4B4B4E5BBC
:1088F000594A494A4A4A4A4F4F4A4C4C4B4A4E4EB3
:108900004C4C494A4B4B49504E4A4B4A49484B59AB
:108910005C49484A4B4A49514F4A4C4C4A4A4D4D92
:108920004C4C48494948484E4B48484848474C5A9F
:108930005C4B47484A4948504A47484849474C4C8D
:108940004A4A47484849474D4E4849494A474B5586
:108950005A4945474848484D4E49494A4A484D4D6D
:108960004A4A46474746454B4845464645454B5883
:10897000594945464747464C4A45484848474C4C64
:108980004A4A45464947474D4C48474948464C5A4C
:108990005C4944454747474E4D48484949474D4D36
:1089A0004A4A4445444543494945464746464C5B47
:1089B00058474343444443494844454545454A4A4A
:1089C0004A4A4344444443484744454545454C5836
:1089D00058484243434342494944454544454B4B2B
:1089E0004848414141403E444542434544454D5A33
:1089F0005546414141403F454441414343444B4B2F
:108A00004747414141424145444141414142485526
:108A100056464040404040454641424242434A4A11
:108A20004747403F3F3E3D43433F40414143495715
:108A300056453F3E3E3E3D42423E404042434B4B08
:108A400044443F3E3E3F3D43433E3F404041495505
:108A500053443E3D3D3E3D434440414141434A4AEB
:108A600044443D3B3C3B3940403D3E403E424958FA
:108A700056433E3C3D3C3B41413D3E3F3F424A4ADE
:108A800044443E3C3C3C3B41403D3D3E3D404654E1
:108A900054443D3C3D3C3C41423E3E3F3F424949BF
:108AA00045453D3C3C3A39403E3A3C3B3D404855CB
:108AB00054443E3B3B3A39403F3C3E3E3E424949AE
:108AC00045453F3C3C3C3B40413C3D3E3D4148559B
:108AD00054433D3B3B3B3B3F413D3E3F40434B4B83
:108AE00044443D3A3938383E3D393A3A3B3F4754A1
:108AF00052423B3A3938383D3D3A3B3B3D414A4A88
:108B000043433C393939383D3E3B3B3C3C4048547B
:108B100052413B393939383D3F3B3D3D3D424A4A60
:108B200043433C383837363D3C393A3B3B40485567
:108B300052413B363737353C3C393A3B3C41494959
:108B400042423C383939373D3D3A3B3B3B40475642
:108B500055433B383838383B3F3B3D3C3D434B4B1E
:108B600042423C363636353B39363737383F475444
:108B700050413A363535343A3B38393A3A414A4A27
:108B800042423B353434333837343436373C434F44
:108B900053413A34353433383A3637383A414A4A11
:108BA00042423B3433323137383536373740495615
:108BB000543F383332323036383638383B424B4BFC
:108BC000404039343332313538343436373E4A5602
:108BD00052403A343232323539353636393F4949E6
:108BE00042423B3432302F353533343539414A57E0
:108BF00052423A3432302F34363335363A414B4BC9
:108C00005F5F636766696B718E82766C5D536581A9
:108C10005E5E636765676B718E7E766F5E516666BA
:108C20005F5F636766696B718E82766C5D53658189
:108C30005E5E636765676B718E7E766F5E5166669A
:108C40005E5D606665686C718A83766B5D5262807A
:108C50005C5E626664666D718C7F776F5E51656580
:108C60005C5E60636367676E897C72695C4F627D7E
:108C7000585B60636364686E897B736A5C5065658A
:108C80005D5E606366666A708A80756C5C51647E46
:108C90005B5D616464656A6F8B7D76705D50656550
:108CA0005A5C5F636464656C897C736A5B50617E47
:108CB000595A60636264686D897B746D5D4F656548
:108CC00059595C626163656C867D6F68584E5E7849
:108CD00057595E616061666C8679736B5B4F636345
:108CE000595C5E636364666B897E71685B50617C0E
:108CF000585B5E636164686B897B736D5C5164640F
:108D00006166686E6A6F717893897E7263596B8948
:108D10006263686D696D717997887F7566596E6E4B
:108D20006364666C6B676A6E90837771605C6D8755
:108D30006165696E6C6A6F7190827C7462586F6F46
:108D40005A5A5C5F5F5F616680776A6456505F78ED
:108D500057595C615E61636680766E6756506464E5
:108D60005657585D5C5A5D637C6F6760534F5B7309
:108D70005455595D5B5A5E627C6E6A62544C5F5F0B
:108D80005657585D5D5C5F647D716862544E5D74DA
:108D90005355595E5D5C5E647D706D64544D6161D8
:108DA0005555575B5A575C5F796F645E534D5973E5
:108DB0005355565A59595B5E796E6861534B5E5EE6
:108DC0005456575C5A595D6179716660534E5B73B6
:108DD0005455585C5B5A5E607C706A61544D5F5FAD
:108DE0005556565C5A5A5D5F7B706561544F5D7491
:108DF0005355575C5A595B607A706862534B606098
:108E00005C5E5F656362666B877E6F6B5C56677ED8
:108E10005A5D60656365676B877C766D5B526B6BD3
:108E20005F60616263656764867873635B536A80C1
:108E30005C5D5D5E5F626466877B71655C546A6AD7
:108E400052545655565A5D5C796D675951495D7358
:108E50005152525556585C5D786E655D514A5E5E62
:108E60005353555557585B5A766B655950485C7249
:108E70005052535356565B5A776E655B524B5F5F49
:108E80005252535556595B5B776B655750495C702E
:108E90005050525255565A59786E655B524A5E5E32
:108EA0005050525253555757756861564E475A6F36
:108EB0004E4E504F53545756756860584F485C5C3F
:108EC0005050525355575957746962574E485A700B
:108ED0004E4E515154555957766C625A50495D5D0A
:108EE0004F50515253555757746762564D475B6FF9
:108EF0004E4E4F5053535556756A61594F485C5CFE
:108F0000565B5B5C5F62636081796F62564E687A24
:108F1000565A5A5B5D5C616282786F645A50696927
:108F200058575C5D606367668A80756656536888CB
:108F300059595C5C616166658E80756659526969D4
:108F40004F4E545455565A5A7D71695B4D495A7764
:108F50004D4D505256575C5C7F75685C4E495D5D67
:108F60004D4D525253555A5A7C6E66584D475A765B
:108F70004C4D4E51535559597E7065594D485D5D64
:108F80004B4B515053545A577A7065594B4658754C
:108F90004B4B4D50525358577C7065584C455B5B5A
:108FA0004A4D505052545657796B64584B46597538
:108FB0004A4A4D4F52535555786E63594C465B5B48
:108FC0004B4B4F5052545857796E63574B4558741A
:108FD0004B494D4E525356577B6F63584D465B5B22
:108FE000494A4E4E50515353756961554A45577120
:108FF00049494B4C4F505354766C60564A4558582B
:109000004A4B505051535655786C63574A455871E6
:10901000494C4C4D515257557A6F63574C465A5AEA
:109020005253575758585E5B80746C5E524C607F49
:109030005051545458585C5C81786B5E534C646456
:109040005150565458585C5880736958524D627E3E
:10905000514E555055565B587E736A5C534E65654C
:1090600049474A4A4D4B4F4E6E625C4E4944586FD9
:1090700047454A474B4B504F6F635D4F49455858E2
:10908000454548464A4A4D4C7061594C4741556BDD
:10909000454248444B4B4D4D70635B4D47435656DC
:1090A000464347464A494B4B6A5F594C4642546DCA
:1090B0004442484449484C4C6D615A4D45435555CE
:1090C0004342454549484B4A6B5F584A45405369BE
:1090D0004342474348474B4A6B61594C46425252C0
:1090E000444446454846494A6A5E574A4641546A9E
:1090F0004342474348474A4B695F594B454355559F
:109100004443464549484B496C60594B4741556972
:109110004241474348484C4B6D625A4B4643565672
:109120004A494C4C4E4D515175695F524C475D75E3
:1091300049474E4A504E5153756B63544E4B5D5DDB
:109140004B48504C534F5655777063574E4A5E7993
:1091500048484F4C50525553786E64574C496060A4
:1091600042404543464549496960554B4340546C2C
:10917000403F444245474949695E594C4241555533
:109180004240444346454A486760554B4340526C11
:109190003F3E4342454648486A5F584B434154541A
:1091A000413F434145424746645D544A413D516A0F
:1091B0003E3D424143434745645C554A4140535319
:1091C0003F3D434144424845655D5049403D5066FE
:1091D0003D3C414043434745665D55493F3E515103
:1091E000403F454143434846655D5349413E5269CE
:1091F0003D3C424041424544645B5549403F5252E8
:109200003F3E434143434646665D5249413E5167B6
:109210003D3D414142444645655C554A403F5353BC
:109220003F3E434143434646665D5249413E516796
:109230003D3D414142444645655C554A403F53539C
:10924000A600A200A700A6009F00A100A2009F0008
:109250009B0098009F009B00970097009D0099003D
:10926000970096009A009700970094009900950047
:10927000910090009300900091009300960094005C
:1092800091008C008F008C008C008C008C008C0076
:109290008C0087008B0089008A0089008B00880081
:1092A000880085008900830084008100830083009A
:1092B000840081008400800083008200830083009A
:1092C0007E007F0080007B007F007F0080007C00AC
:1092D0007A007D007C007A007E007E007E007C00AB
:1092E0007B0079007A007B007700750077007A00B8
:1092F00076007600750072007100720072007200D4
:109300006F0070006F0070007200730073007300D4
:109310006F006C006F006D006D006E006F006F00DD
:109320006B006C006C006D006C006C006C006A00DF
:1093300069006B006C006D006700680069006900DF
:1093400064006500670066006300660065006600F3
:1093500062006400630062006200640062006600F4
:109360005F0062005F0060005D0061005D00600002
:109370005C005C005C005E005D005F005D005F0003
:109380005B005D005A005C0057005B0059005B0009
:1093900056005B0057005900550059005600580010
:1093A00057005A0055005A00550057005500550007
:1093B0004F005100510052004F0052004F00520028
:1093C0004C004F004C004D0049004D004B004F0039
:1093D0008B00900093009D009C00A000AA00B300A9
:1093E000DC00CC00B800A9008E007C009B00C70008
:1093F000910090009500A000A000A400AB00B20076
:10940000E000CB00B600AB0090007C009A00C500E5
:109410008300820088008F008E008F0098009F00DC
:10942000C200B600A4009700830076009100B5004A
:1094300085008300890091008F00930098009F00B1
:10944000C900B400A7009B00850077009100B5001B
:1094500078007B007D008100840087008D008F00F4
:10946000BA00A9009E008C007A006F008B00B0004B
:10947000770078007F008100850087008B009000D6
:10948000BB00A800980088007B006E008C00B00034
:109490006C006F00740076007D00810086008800FB
:1094A000B800AA009A008400710067008800AE002E
:1094B0006D006F00770079007D00800089008A00D0
:1094C000BB00A80097008300710067008500AC0016
:1094D00062006200670065006C0070007500750036
:1094E000A300930088007000680060007D009F006A
:1094F000620063006800670071006F00760077000B
:10950000A50093008600700069005E007A009D004F
:10951000550057005D005E00630065006C006D0043
:109520009C008A0080006A005D005800730097006C
:10953000580058005F005F00660067006E006E0014
:109540009D008B007C0068005C0058007300950053
:1095500019004B007D00AF00E100130145017701C8
:10956000A901DB010D023F027102A302D50207032C
:1095700039036B039D03CF03020436046A049E047F
:10958000D20406053A056E05A205D6050A063E0672
:109590007206A606DA060E0742077607AA07DE0756
:1095A000120846087A08AE08E20816094A097E0938
:1095B000B209E609320032003200320032003200D5
:1095C000320032003200320032003200320032000B
:1095D00032003200320032003200320034003400F7
:1095E00034003400340034003400340034003400DB
:1095F00034003400340034003400340034003400CB
:1096000034003400340034003400340034003400BA
:10961000340034003400340019004B007D00AF00EA
:10962000E100130145017701A901DB010D023F02B1
:109630007102A302D502070339036B039D03CF0315
:109640000104330465049704C904FB042D055F0578
:109650009105C305F50527063200320032003200BD
:10966000320032003200320032003200320032006A
:10967000320032003200320032003200320032005A
:10968000320032003200320032003200320032004A
:1096900032003200320032000808090808090100CF
:1096A000000005000A000F0015001A002000260027
:1096B0002C00320039004000480050005A0064007D
:1096C0006F007B0089009900AD00C400E000040138
:1096D00033017501D6017702B903790762160000DC
:1096E0000001000201030203E8730300F8740200A2
:1096F000A00F030068800300A0E40100E0EA01007D
:1097000020F1010060F70100208E02006094020049
:10971000A09A0200E0A0020010330300903F030073
:10972000104C03009058030000090B020F06040DB3
:10973000070E0C050801030A0102030405060007D1
:1097400008000000060606060606060606000000DB
:1097500004050607F20A0B00BCC20C002B4C0E00DD
:10976000AF3009004C5E090030790D000A930F00FC
:10977000C2E40D000DF50400433D0300D4B3010025
:1097800050CF0600B3A10600CF860200F56C0000A2
:109790003D1B02000DF50400F56C00004C5E090055
:1097A0002B4C0E0000000000000000000000000034
:1097B00000000000BCC20C00AF30090030790D0081
:1097C000C2E40D00000000000000000000000000E6
:1097D00000000000D4B30100433D0300B3A1060024
:1097E0003D1B02000A930F0030790D00F20A0B00B6
:1097F000AF3009000DF5040050CF0600F56C0000F5
:10980000CF8602004C5E0900C2E40D002B4C0E0016
:10981000BCC20C003D1B0200B3A10600433D030087
:10982000D4B30100AF300900F20A0B0030790D000B
:109830000A930F00CF860200F56C000050CF06009F
:109840000DF50400BCC20C002B4C0E00C2E40D0050
:109850004C5E0900F20A0B00BCC20C002B4C0E003F
:10986000AF3009004C5E090030790D000A930F00FB
:10987000C2E40D000202020303030404000002001C
:1098800003000500070009000A000C000E0010008C
:10989000110013001500160018001A001C001D000E
:1098A0001F002100220024002500270029002A0093
:1098B0002C002D002F00300032003400350036001F
:1098C000380039003B003C003E003F0040004200B1
:1098D0004300440045004700480049004A004B004F
:1098E0004D004E004F0050005100520053005400F4
:1098F0005500560057005700580059005A005B00A9
:109900005B005C005D005D005E005F005F0060006A
:10991000600061006100610062006200620063003B
:10992000630063006300640064006400640064001A
:10993000640000006400640064006400640064006B
:109940006300630063006300620062006200610004
:1099500061006100600060005F005F005E005D000C
:109960005D005C005B005B005A0059005800570026
:10997000570056005500540053005200510050004B
:109980004F004E004D004B004A0049004800470080
:10999000450044004300420040003F003E003C00C0
:1099A0003B0039003800360035003400320030000A
:1099B0002F002D002C002A0029002700250024005C
:1099C000220021001F001D001C001A0018001600B4
:1099D00015001300110010000E000C000A00090011
:1099E0000700050003000200000000000000020064
:1099F00003000500070009000B000C000E0010001A
:109A0000120013001500170019001B001D001F0095
:109A1000200022002400260028002A002D002F000C
:109A200031003300350037003A003C003E00410071
:109A30004300460049004B004E00510054005700BF
:109A40005A005D006100640068006B006F007300E5
:109A500077007B00800085008A008F0094009A00C8
:109A6000A000A600AD00B400BC00C400CD00D6002C
:109A7000E100EC00F8000501130122013401470167
:109A80005D0175019101B101D60102023702770231
:109A9000C8022E03B703770496057407300B6116CE
:109AA0001027000000000100040009001000190048
:109AB0002400310040005100640079009000A900AA
:109AC000C400E10000012101440169019001B901D4
:109AD000E401110240027102A402D90210034903F9
:109AE0008403C103000441048404C904100559051A
:109AF000A405F10540069106E40639079007E90739
:109B00004408A10800096109C409290A900AF90A50
:109B1000640BD10B400CB10C240D990D100E890E65
:109B2000040F810F00108110041189111012991275
:109B30002413B1134014D1146415F9159016291784
:109B4000C41761180019A119441AE91A901B391C8D
:109B5000E41C911D401EF11EA41F00006D006F004B
:109B60007000720073007500760000006D006700E1
:109B700064005E005500550055000000000005001F
:109B80000A001300190028003C000000000000003B
:109B90000038FAFE422EE63F3067C79357F32E3D5A
:109BA000010000000000E0BF5B3051555555D53F26
:109BB0009045EBFFFFFFCFBF1101F124B399C93FDF
:109BC0009FC806E57555C5BF000000000000E0BF56
:109BD000775555555555D53FCBFDFFFFFFFFCFBFFF
:109BE0000CDD95999999C93FA74567555555C5BF4E
:109BF00030DE44A32449C23F653D42A4FFFFBFBFFE
:109C0000CAD62A288471BC3FFF68B043EB99B9BF1C
:109C100085D0AFF78281B73FCD45D1751352B5BF1F
:109C20009FDEE0C3F034F73F0090E6797FCCD7BFEA
:109C30001FE92C6A7813F73F00000DC2EE6FD7BF03
:109C4000A0B5FA0860F2F63F00E05113E313D7BF66
:109C50007D8C131FA6D1F63F007828385BB8D6BF9D
:109C6000D1B4C50B49B1F63F00788090555DD6BFA1
:109C7000BA0C2F334791F63F00001876D002D6BFBA
:109C8000234222189F71F63F00909086CAA8D5BF44
:109C9000D91EA5994F52F63F00500356434FD5BFEA
:109CA000C4248FAA5633F63F00406BC337F6D4BFA7
:109CB00014DC9D6BB314F63F0050A8FDA79DD4BFE4
:109CC0004C5CC65264F6F53F00A889399245D4BF72
:109CD0004F2C91B567D8F53F00B8B039F4EDD3BF3C
:109CE000DE905BCBBCBAF53F00708F44CE96D3BFFD
:109CF000781AD9F2619DF53F00A0BD171E40D3BF71
:109D0000875646125680F53F008046EFE2E9D2BF03
:109D1000D36BE7CE9763F53F00E030381B94D2BF9A
:109D2000937FA7E22547F53F0088DA8CC53ED2BF76
:109D300083450642FF2AF53F00902729E1E9D1BF7C
:109D4000DFBDB2DB220FF53F00F8482B6D95D1BF88
:109D5000D7DE34478FF3F43F00F8B99A6741D1BF9B
:109D60004028DECF43D8F43F0098EF94D0EDD0BF29
:109D7000C8A378C03EBDF43F0010DB18A59AD0BF41
:109D80008A25E0C37FA2F43F00B86352E647D0BF04
:109D90003484D4240588F43F00F0864522EBCFBFFD
:109DA0000B2D191BCE6DF43F00B017754A47CFBF7E
:109DB000541839D3D953F43F0030103D44A4CEBFDA
:109DC0005A84B444273AF43F00B0E9440D02CEBFB0
:109DD000FBF81541B520F43F00F07729A260CDBF14
:109DE000B1F43EDA8207F43F0090950401C0CCBF85
:109DF0008FFE575D8FEEF33F001089562920CCBFB0
:109E0000E94C0BA0D9D5F33F0010818D1781CBBF52
:109E10002BC110C060BDF33F00D0D3CCC9E2CABF94
:109E2000B8DA752B24A5F33F0090122E4045CABF27
:109E300002D09FCD228DF33F00F01D6877A8C9BFE7
:109E40001C7A84C55B75F33F003048696D0CC9BF4F
:109E5000E236AD49CE5DF33F00C045A62071C8BFD4
:109E600040D44D987946F33F003014B48FD6C7BF25
:109E700024CBFFCE5C2FF33F0070623CB83CC7BFE1
:109E8000490DA1757718F33F0060379B9AA3C6BFB1
:109E900090393E37C801F33F00A0B754310BC6BF1D
:109EA00041F895BB4EEBF23F003024767D73C5BF81
:109EB000D1A919020AD5F23F0030C28F7BDCC4BFA2
:109EC0002AFDB7A8F9BEF23F0000D2512C46C4BF0C
:109ED000AB1B0C7A1CA9F23F000083BC8AB0C3BF45
:109EE00030B514607293F23F0000496B991BC3BFF9
:109EF000F5A15757FA7DF23F0040A4905487C2BFA6
:109F0000BF3B1D9BB368F23F00A079F8B9F3C1BF16
:109F1000BDF58F839D53F23F00A02C25C860C1BFC3
:109F20003B08C9AAB73EF23F0020F7577FCEC0BF1B
:109F3000B640A92B012AF23F00A0FE49DC3CC0BF7D
:109F40003241CC967915F23F00804BBCBD57BFBF64
:109F50009BFCD21D2001F23F004040960837BEBF57
:109F60000B484D49F4ECF13F0040F93E9817BDBF56
:109F700069658F52F5D8F13F00A0D84E67F9BBBF95
:109F80007C7E571123C5F13F00602F2079DCBABFDA
:109F9000E926CB747CB1F13F008028E7C3C0B9BF8C
:109FA000B61A2C0C019EF13F00C072B346A6B8BF92
:109FB000BD70B67BB08AF13F0000ACB3018DB7BF76
:109FC000B6BCEF258A77F13F00003845F174B6BF83
:109FD000DA314C358D64F13F0080876D0E5EB5BF80
:109FE000DD5F2790B951F13F00E0A1DE5C48B4BFCE
:109FF0004CD232A40E3FF13F00A06A4DD933B3BF1B
:10A00000DAF910728B2CF13F0060C5F87920B2BFED
:10A0100031B5EC28301AF13F00206298460EB1BFEE
:10A02000AF3484DAFB07F13F0000D26A6CFAAFBFAD
:10A03000B36B4E0FEEF5F03F0040774A8DDAADBFBF
:10A04000CE9F2A5D06E4F03F000085E4ECBCABBF88
:10A0500021A52C6344D2F03F00C0124089A1A9BFC2
:10A060001A98E27CA7C0F03F00C002335888A7BF0F
:10A07000D136C6832FAFF03F0080D6675E71A5BF93
:10A080003913A098DB9DF03F008065498A5CA3BF2F
:10A09000DFE752AFAB8CF03F00401564E349A1BF4E
:10A0A000FB284E2F9F7BF03F0080EB82C0729EBF4B
:10A0B000198F358CB56AF03F00805252F1559ABF26
:10A0C0002CF9ECA5EE59F03F008081CF623D96BFA0
:10A0D000902CD1CD4949F03F0000AA8CFB2892BFBB
:10A0E000A9ADF0C6C638F03F0000F9207B318CBF27
:10A0F000A93279136528F03F0000AA5D351984BFA5
:10A100004873EA272418F03F0000ECC2031278BF1E
:10A1100095B114060408F03F00002479090460BFDB
:10A120001AFA26F71FE0EF3F00009084F3EF6F3F2D
:10A1300074EA61C21CA1EF3F00003D3541DC873F5E
:10A140002E9981B01063EF3F0080C2C4A3CE933F2D
:10A15000CDADEE3CF625EF3F00008914C19F9B3F3B
:10A16000E7139103C8E9EE3F000011CED8B0A13F3C
:10A17000ABB1CB7880AEEE3F00C001D05B8AA53F8B
:10A180009B0C9DA21A74EE3F0080D840835CA93FCF
:10A19000B5990A83913AEE3F008057EF6A27AD3FA9
:10A1A000569A6009E001EE3F00C098E59875B03F0F
:10A1B00098BB77E501CAED3F00200DE3F553B23FB0
:10A1C00003917C0BF292ED3F0000388BDD2EB43F03
:10A1D000CE5CFB66AC5CED3F00C057875906B63FCE
:10A1E0009DDE5EAA2C27ED3F00006A3576DAB73F88
:10A1F000CD2C6B3E6EF2EC3F00601C4E43ABB93F82
:10A200000279A7A26DBEEC3F00600DBBC778BB3FD3
:10A210006D08376D268BEC3F0020E7321343BD3FBE
:10A2200004585DBD9458EC3F0060DE71310ABF3FB9
:10A230008C9FBB33B526EC3F0040912B1567C03F88
:10A240003FE7ECEE83F5EB3F00B092828547C13FDC
:10A25000C196DB75FDC4EB3F0030CACD6E26C23F10
:10A26000284A860C1E95EB3F0050C5A6D703C33F76
:10A270002C3EEFC5E265EB3F0010333CC3DFC33F2C
:10A280008B88C9674837EB3F00807A6B36BAC43F8A
:10A290004A301D214B09EB3F00F0D1283993C53FCF
:10A2A0007EEFF285E8DBEA3F00F01824CD6AC63F76
:10A2B000A23D60311DAFEA3F009066ECF840C73F19
:10A2C000A758D33FE682EA3F00F01AF5C015C83F11
:10A2D0008B7309EF4057EA3F0080F65429E9C83FE5
:10A2E000274BAB902A2CEA3F0040F80236BBC93F0F
:10A2F000D1F29313A001EA3F00002C1CED8BCA3F62
:10A300001B3CDB249FD7E93F00D0015C515BCB3F76
:10A3100090B1C70525AEE93F00C0BCCC6729CC3F52
:10A320002FCE97F22E85E93F006048D535F6CC3F19
:10A33000754BA4EEBA5CE93F00C04634BDC1CD3FC9
:10A340003848E79DC634E93F00E0CFB8018CCE3FE6
:10A35000E652672F4F0DE93F009017C00955CF3FD8
:10A360009DD7FF8E52E6E83F00B81F126C0ED03F1B
:10A370007C00CC9FCEBFE83F00D0930EB871D03F99
:10A380000EC3BEDAC099E83F0070869E6BD4D03F02
:10A39000FB1723AA2774E83F00D04B338736D13F01
:10A3A000089AB3AC004FE83F004823670D98D13FAF
:10A3B000553E65E8492AE83F0080CCE0FFF8D13FF0
:10A3C0006002F4950106E83F006863D75F59D23F09
:10A3D00029A3E06325E2E73F00A8140930B9D23F82
:10A3E000ADB5DC77B3BEE73F006043107218D33FD2
:10A3F000C2259767AA9BE73F0018EC6D2677D33FED
:10A40000570617F20779E73F0030AFFB4FD5D33F30
:10A410000C13D6DBCA56E73F00E02FE3EE32D43F01
:10A420006BB64F010010E63F3C5B42916C027E3CF4
:10A4300095B44D030030E63F415D0048EABF8D3CD6
:10A4400078D4940D0050E63FB7A5D686A77F8E3C02
:10A45000AD6F4E070070E63F4C25546BEAFC613C43
:10A46000AE0FDFFEFF8FE63FFD0E594C277E7CBC12
:10A47000BCC5630700B0E63F01DADC4868C18ABCAE
:10A48000F6C15C1E00D0E63F1193499D1C3F833C02
:10A490003EF605EBFFEFE63F532DE21A04807EBC4B
:10A4A0008097860E0010E73F5279097166FF7B3C6A
:10A4B00012E967FCFF2FE73F2487BD26E2008C3CB2
:10A4C0006A1181DFFF4FE73FD201F16E91026EBC4E
:10A4D000909C670F0070E73F749C54CD71FC67BC83
:10A4E00035C87EFAFF8FE73F8304F59EC1BE813CED
:10A4F000E6C220FEFFAFE73F6564CC29177E70BC43
:10A5000000C93FEDFFCFE73F1C8B7B08728080BC0A
:10A51000761A26E9FFEFE73FAEF99D6D28C08D3C26
:10A52000E8A39C040010E83F334CE551D27F893CFE
:10A530008F2C93170030E83F81F330B6E9FE8ABCD8
:10A540009C7333060050E83FBC35656BBFBF893C48
:10A55000C68942200070E83F757B11F365BF8BBC54
:10A560000479F5EBFF8FE83F57CB3DA26E0089BC25
:10A57000DF04BC2200B0E83F0A4BE038DF007DBCBE
:10A580008A1B0CE5FFCFE83F059FFF46710088BCA2
:10A59000438E91FCFFEFE83F38707AD07B81833C9B
:10A5A000C75FFA1E0010E93F03B4DF76913E893C95
:10A5B000B97B46130030E93F7602984B4E807F3CD2
:10A5C0006F07EEE6FF4FE93F2E62FFD9F07E8FBCAA
:10A5D000D1123CDEFF6FE93FBA382696AA8270BCE2
:10A5E0000D8A45F4FF8FE93FEFA864911B8087BC7B
:10A5F0003E2E98DDFFAFE93F37935A8AE04087BC93
:10A6000066FB49EDFFCFE93F00E09BC108CE3F3C30
:10A61000519CF12000F0E93F0A5B8827AA3F8ABCE1
:10A6200006B045110010EA3F56DA589948FF743CCD
:10A63000FAF6BB070030EA3F186D2B8AABBE8C3CA4
:10A64000791D97100050EA3F307978DDCAFE883CCA
:10A65000482EF51D0070EA3FDBABD83D76418FBC3C
:10A660005233591C0090EA3F1276C28402BF8EBC5E
:10A670004B3E4F2A00B0EA3F5F3FFF3C04FD69BC00
:10A68000D11EAED7FFCFEA3FB4709012E73E82BC36
:10A69000780451EEFFEFEA3FA3DE0EE03E066A3C8F
:10A6A0005B0D65DBFF0FEB3FB90A1F38C8065A3C4C
:10A6B00057CAAAFEFF2FEB3F1D3C23741E0179BC35
:10A6C000DCBA95D9FF4FEB3F9F2A866810FF79BC13
:10A6D0009C659E240070EB3F3E4F86D045FF8A3C30
:10A6E000401687F9FF8FEB3FF9C3C29677FE7C3C9B
:10A6F0004FCB04D2FFAFEB3FC42BF2EE27FF63BC7E
:10A70000455C41D2FFCFEB3F21EA3BEEB7FF6CBC8B
:10A71000DF0963F8FFEFEB3F5C0B2E97034181BC31
:10A720005376B5E1FF0FEC3F196AB79464C18B3CD7
:10A73000E357FAF1FF2FEC3FEDC6308DEFFE64BC1E
:10A7400024E4BFDCFF4FEC3F7547ECBC683F84BCA2
:10A75000F7B954EDFF6FEC3FECE053F0A37E843C7F
:10A76000D58F99EBFF8FEC3FF192F98D0683733C07
:10A770009A21252100B0EC3F040E18648EFD68BCC0
:10A780009C4694DDFFCFEC3F72EAC71CBE7E8E3C38
:10A7900076C4FDEAFFEFEC3FFE889FAD39BE8E3CEC
:10A7A0002BF89A160010ED3F715AB9A8917D753CAF
:10A7B0001DF70F0D0030ED3FDAC7706990C1893C7D
:10A7C000C40F79EAFF4FED3F0CFE58C5370E58BC59
:10A7D000E587DC2E0070ED3F440FC14DD6807FBC75
:10A7E000AA82DC210090ED3F5C5CFD948F7C74BC00
:10A7F00083026BD8FFAFED3F7E6121C51D7F8C3C8E
:10A8000039476C2900D0ED3F53B1FFB29E01883C1F
:10A81000F59044E5FFEFED3F89CC52C6D2006E3C87
:10A8200094F6ABCDFF0FEE3FD2692D2040837FBC65
:10A83000DDC852DBFF2FEE3F64081BCAC1007B3C22
:10A84000EF1642F2FF4FEE3F51AB94B0A8FF723CBF
:10A85000115E8AE8FF6FEE3F59BEEFB173F657BC49
:10A860000DFF9E110090EE3F01C80B5E8D8084BCF1
:10A870004417A5DFFFAFEE3FB52043D50600783C77
:10A88000A17F121A00D0EE3F925C5660F80250BCD5
:10A89000C4BCBA0700F0EE3F11E6355D444085BC0C
:10A8A000028D7AF5FF0FEF3F0591EF3931FB4FBC79
:10A8B000C78AE51E0030EF3F551173F2AC818A3C28
:10A8C000943482F5FF4FEF3F43C7D7D4413F8A3CD2
:10A8D0006B4CA9FCFF6FEF3F7578981CF40262BCCB
:10A8E00041C4F9E1FF8FEF3F4BE777F4D17D773C2F
:10A8F0007EE3E0D2FFAFEF3F31A37C9A19016FBC3A
:10A900009EE4771C00D0EF3FB1ACCE4BEE81713CA2
:10A9100031C3E0F7FFEFEF3F5A87700137056EBC98
:10A920006E6065F4FF0FF03FDA0A1C49AD7E8ABC09
:10A93000587A86F3FF2FF03FE0B2FCC3697F97BCE3
:10A94000170DFCFDFF4FF03F5B94CB34FEBF973CEF
:10A95000824DCD030070F03FCB56E4C08300823CB3
:10A96000E8CBF2F9FF8FF03F1A7537BEDFFF6DBC01
:10A9700065DA0C0100B0F03FEB26E6AE7F3F91BCFC
:10A9800038D3A40100D0F03FF79F4879FA7D803C8E
:10A99000FDFDDAFAFFEFF03FC06BD670050477BC1F
:10A9A00096FDBA0B0010F13F620B6D84D4808E3C93
:10A9B0005DF4E5FAFF2FF13FEF36FD64FABF9D3CF1
:10A9C000D99AD50D0050F13FAE50127077009A3CE5
:10A9D0009A55210F0070F13FEEDEE3E2F9FD8D3C68
:10A9E000265427FCFF8FF13F73723BDC3000913C13
:10A9F000593C3D1200B0F13F88010380797F993CBA
:10AA0000B79E29F8FFCFF13F678C9FAB32F965BC49
:10AA100000D48AF4FFEFF13FEB5BA79DBF7F933C2F
:10AA2000A4868B0C0010F23F225BFD916B809F3C53
:10AA3000034385030030F23F33BF9FEBC2FF933CDB
:10AA400084F6BCFFFF4FF23F722E2E7EE701763C6C
:10AA5000D92129F5FF6FF23F610C7F76BBFC7F3C6B
:10AA60003C3A93140090F23F2B41023CCA0272BC64
:10AA70001363551400B0F23F021FF233828092BC80
:10AA80003B52FEEBFFCFF23FF2DC4F387EFF88BC3B
:10AA900096ADB80B00F0F23FC541305051FF85BC78
:10AAA000AFE27AFBFF0FF33F9D285E88710081BC07
:10AAB0007F5FACFEFF2FF33F15B7B73F5DFF91BC43
:10AAC0005667A60C0050F33FBD828B22827F953CD7
:10AAD00021F7FB110070F33FCCD50DC4BA00803CC8
:10AAE000B92F59F9FF8FF33F51A7B22D9D3F94BC69
:10AAF00042D2DD0400B0F33FE13876706B7F853CD5
:10AB000057C9B2F5FFCFF33F3112BF103A027A3C7A
:10AB100018B4B0EAFFEFF33FB052B1666D7F983CD6
:10AB2000F4AF32150010F43F2485195F37F8673C05
:10AB3000298B47170030F43F4351DC72E601833C18
:10AB400063B495E7FF4FF43F5A89B2B869FF893C77
:10AB5000E07504E8FF6FF43F54F2C29BB1C095BCAE
:10AB6000E7C16FEFFF8FF43F722A3AF209409B3C36
:10AB700004A7BEE5FFAFF43F457D0DBFB7FF94BC12
:10AB8000DE27101700D0F43F3D6ADC7164C099BC29
:10AB9000E23EF00F00F0F43F1C53850B897F973C99
:10ABA000D14BDC120010F53F36A466716504603CA1
:10ABB0007A2705160030F53F093223CECEBF96BC6A
:10ABC0004C70DBECFF4FF53FD7A10505720289BC45
:10ABD000A9545FEFFF6FF53F1264C90EE6BF9B3CBF
:10ABE0001210E6170090F53F90EFAF81C57E883CCC
:10ABF000923EC90300B0F53FC00CBF0A08419FBC9C
:10AC0000BC19491D00D0F53F294725FB2A8198BC76
:10AC1000897AB8E7FFEFF53F0469ED80B77E94BC11
:10AC20000000000000000000000000000000000024
:10AC30000000000000000000000000000000000014
:10AC40000000000000000000000000000000000004
:10AC500000000000000000000000000000000000F4
:10AC600000000000000000000000000000000000E4
:10AC700000000000000000000000000000000000D4
:10AC800000000000000000000000000000000000C4
:10AC900000000000000000000000000000000000B4
:10ACA00000000000000000000000000000000000A4
:10ACB0000000000000000000000000000000000094
:10ACC0000000000000000000000000000000000084
:10ACD0000000000000000000000000000000000074
:10ACE0000000000000000000000000000000000064
:10ACF0000000000000000000000000000000000054
:10AD00000000000000000000000000000000000043
:10AD10000000000000000000000000000000000033
:10AD20000000000000000000000000000000000023
:10AD30000000000000000000000000000000000013
:10AD40000000000000000000000000000000000003
:10AD500000000000000000000000000000000000F3
:10AD600000000000000000000000000000000000E3
:10AD700000000000000000000000000000000000D3
:10AD800000000000000000000000000000000000C3
:10AD900000000000000000000000000000000000B3
:10ADA00000000000000000000000000000000000A3
:10ADB0000000000000000000000000000000000093
:10ADC0000000000000000000000000000000000083
:10ADD0000000000000000000000000000000000073
:10ADE0000000000000000000000000000000000063
:10ADF0000000000000000000000000000000000053
:10AE00000000000000000000000000000000000042
:10AE10000000000000000000000000000000000032
:10AE20000000000000000000000000000000000022
:10AE30000000000000000000000000000000000012
:10AE40000000000000000000000000000000000002
:10AE500000000000000000000000000000000000F2
:10AE600000000000000000000000000000000000E2
:10AE700000000000000000000000000000000000D2
:10AE800000000000000000000000000000000000C2
:10AE900000000000000000000000000000000000B2
:10AEA00000000000000000000000000000000000A2
:10AEB0000000000000000000000000000000000092
:10AEC0000000000000000000000000000000000082
:10AED0000000000000000000000000000000000072
:10AEE0000000000000000000000000000000000062
:10AEF0000000000000000000000000000000000052
:10AF00000000000000000000000000000000000041
:10AF10000000000000000000000000000000000031
:10AF20000000000000000000000000000000000021
:10AF30000000000000000000000000000000000011
:10AF40000000000000000000000000000000000001
:10AF500000000000000000000000000000000000F1
:10AF600000000000000000000000000000000000E1
:10AF700000000000000000000000000000000000D1
:10AF800000000000000000000000000000000000C1
:10AF900000000000000000000000000000000000B1
:10AFA00000000000000000000000000000000000A1
:10AFB0000000000000000000000000000000000091
:10AFC0000000000000000000000000000000000081
:10AFD0000000000000000000000000000000000071
:10AFE0000000000000000000000000000000000061
:10AFF0000000000000000000000000000000000051
:10B000000000000000000000000000000000000040
:10B010000000000000000000000000000000000030
:10B020000000000000000000000000000000000020
:10B030000000000000000000000000000000000010
:10B040000000000000000000000000000000000000
:10B0500000000000000000000000000000000000F0
:10B0600000000000000000000000000000000000E0
:10B0700000000000000000000000000000000000D0
:10B0800000000000000000000000000000000000C0
:10B0900000000000000000000000000000000000B0
:10B0A00000000000000000000000000000000000A0
:10B0B0000000000000000000000000000000000090
:10B0C0000000000000000000000000000000000080
:10B0D0000000000000000000000000000000000070
:10B0E0000000000000000000000000000000000060
:10B0F0000000000000000000000000000000000050
:10B10000000000000000000000000000000000003F
:10B11000000000000000000000000000000000002F
:10B12000000000000000000000000000000000001F
:10B13000000000000000000000000000000000000F
:10B1400000000000000000000000000000000000FF
:10B1500000000000000000000000000000000000EF
:10B1600000000000000000000000000000000000DF
:10B1700000000000000000000000000000000000CF
:10B1800000000000000000000000000000000000BF
:10B1900000000000000000000000000000000000AF
:10B1A000000000000000000000000000000000009F
:10B1B000000000000000000000000000000000008F
:10B1C000000000000000000000000000000000007F
:10B1D000000000000000000000000000000000006F
:10B1E000000000000000000000000000000000005F
:10B1F000000000000000000000000000000000004F
:10B20000000000000000000000000000000000003E
:10B21000000000000000000000000000000000002E
:10B22000000000000000000000000000000000001E
:10B23000000000000000000000000000000000000E
:10B2400000000000000000000000000000000000FE
:10B2500000000000000000000000000000000000EE
:10B2600000000000000000000000000000000000DE
:10B2700000000000000000000000000000000000CE
:10B2800000000000000000000000000000000000BE
:10B2900000000000000000000000000000000000AE
:10B2A000000000000000000000000000000000009E
:10B2B000000000000000000000000000000000008E
:10B2C000000000000000000000000000000000007E
:10B2D000000000000000000000000000000000006E
:10B2E000000000000000000000000000000000005E
:10B2F000000000000000000000000000000000004E
:10B30000000000000000000000000000000000003D
:10B31000000000000000000000000000000000002D
:10B32000000000000000000000000000000000001D
:10B33000000000000000000000000000000000000D
:10B3400000000000000000000000000000000000FD
:10B3500000000000000000000000000000000000ED
:10B3600000000000000000000000000000000000DD
:10B3700000000000000000000000000000000000CD
:10B3800000000000000000000000000000000000BD
:10B3900000000000000000000000000000000000AD
:10B3A000000000000000000000000000000000009D
:10B3B000000000000000000000000000000000008D
:10B3C000000000000000000000000000000000007D
:10B3D000000000000000000000000000000000006D
:10B3E000000000000000000000000000000000005D
:10B3F000000000000000000000000000000000004D
:10B40000000000000000000000000000000000003C
:10B41000000000000000000000000000000000002C
:10B42000000000000000000000000000000000001C
:10B43000000000000000000000000000000000000C
:10B4400000000000000000000000000000000000FC
:10B4500000000000000000000000000000000000EC
:10B4600000000000000000000000000000000000DC
:10B4700000000000000000000000000000000000CC
:10B4800000000000000000000000000000000000BC
:10B4900000000000000000000000000000000000AC
:10B4A000000000000000000000000000000000009C
:10B4B000000000000000000000000000000000008C
:10B4C000000000000000000000000000000000007C
:10B4D000000000000000000000000000000000006C
:10B4E000000000000000000000000000000000005C
:10B4F000000000000000000000000000000000004C
:10B50000000000000000000000000000000000003B
:10B51000000000000000000000000000000000002B
:10B52000000000000000000000000000000000001B
:10B53000000000000000000000000000000000000B
:10B5400000000000000000000000000000000000FB
:10B5500000000000000000000000000000000000EB
:10B5600000000000000000000000000000000000DB
:10B5700000000000000000000000000000000000CB
:10B5800000000000000000000000000000000000BB
:10B5900000000000000000000000000000000000AB
:10B5A000000000000000000000000000000000009B
:10B5B000000000000000000000000000000000008B
:10B5C000000000000000000000000000000000007B
:10B5D000000000000000000000000000000000006B
:10B5E000000000000000000000000000000000005B
:10B5F000000000000000000000000000000000004B
:10B60000000000000000000000000000000000003A
:10B61000000000000000000000000000000000002A
:10B62000000000000000000000000000000000001A
:10B63000000000000000000000000000000000000A
:10B6400000000000000000000000000000000000FA
:10B6500000000000000000000000000000000000EA
:10B6600000000000000000000000000000000000DA
:10B6700000000000000000000000000000000000CA
:10B6800000000000000000000000000000000000BA
:10B6900000000000000000000000000000000000AA
:10B6A000000000000000000000000000000000009A
:10B6B000000000000000000000000000000000008A
:10B6C000000000000000000000000000000000007A
:10B6D000000000000000000000000000000000006A
:10B6E000000000000000000000000000000000005A
:10B6F000000000000000000000000000000000004A
:10B700000000000000000000000000000000000039
:10B710000000000000000000000000000000000029
:10B720000000000000000000000000000000000019
:10B730000000000000000000000000000000000009
:10B7400000000000000000000000000000000000F9
:10B7500000000000000000000000000000000000E9
:10B7600000000000000000000000000000000000D9
:10B7700000000000000000000000000000000000C9
:10B7800000000000000000000000000000000000B9
:10B7900000000000000000000000000000000000A9
:10B7A0000000000000000000000000000000000099
:10B7B0000000000000000000000000000000000089
:10B7C0000000000000000000000000000000000079
:10B7D0000000000000000000000000000000000069
:10B7E0000000000000000000000000000000000059
:10B7F0000000000000000000000000000000000049
:10B800000000000000000000000000000000000038
:10B810000000000000000000000000000000000028
:10B820000000000000000000000000000000000018
:10B830000000000000000000000000000000000008
:10B8400000000000000000000000000000000000F8
:10B8500000000000000000000000000000000000E8
:10B8600000000000000000000000000000000000D8
:10B8700000000000000000000000000000000000C8
:10B8800000000000000000000000000000000000B8
:10B8900000000000000000000000000000000000A8
:10B8A0000000000000000000000000000000000098
:10B8B0000000000000000000000000000000000088
:10B8C0000000000000000000000000000000000078
:10B8D0000000000000000000000000000000000068
:10B8E0000000000000000000000000000000000058
:10B8F0000000000000000000000000000000000048
:10B900000000000000000000000000000000000037
:10B910000000000000000000000000000000000027
:10B920000000000000000000000000000000000017
:10B930000000000000000000000000000000000007
:10B9400000000000000000000000000000000000F7
:10B9500000000000000000000000000000000000E7
:10B9600000000000000000000000000000000000D7
:10B9700000000000000000000000000000000000C7
:10B9800000000000000000000000000000000000B7
:10B9900000000000000000000000000000000000A7
:10B9A0000000000000000000000000000000000097
:10B9B0000000000000000000000000000000000087
:10B9C0000000000000000000000000000000000077
:10B9D0000000000000000000000000000000000067
:10B9E0000000000000000000000000000000000057
:10B9F0000000000000000000000000000000000047
:10BA00000000000000000000000000000000000036
:10BA10000000000000000000000000000000000026
:10BA20000000000000000000000000000000000016
:10BA30000000000000000000000000000000000006
:10BA400000000000000000000000000000000000F6
:10BA500000000000000000000000000000000000E6
:10BA600000000000000000000000000000000000D6
:10BA700000000000000000000000000000000000C6
:10BA800000000000000000000000000000000000B6
:10BA900000000000000000000000000000000000A6
:10BAA0000000000000000000000000000000000096
:10BAB0000000000000000000000000000000000086
:10BAC0000000000000000000000000000000000076
:10BAD0000000000000000000000000000000000066
:10BAE0000000000000000000000000000000000056
:10BAF0000000000000000000000000000000000046
:10BB00000000000000000000000000000000000035
:10BB10000000000000000000000000000000000025
:10BB20000000000000000000000000000000000015
:10BB30000000000000000000000000000000000005
:10BB400000000000000000000000000000000000F5
:10BB500000000000000000000000000000000000E5
:10BB600000000000000000000000000000000000D5
:10BB700000000000000000000000000000000000C5
:10BB800000000000000000000000000000000000B5
:10BB900000000000000000000000000000000000A5
:10BBA0000000000000000000000000000000000095
:10BBB0000000000000000000000000000000000085
:10BBC0000000000000000000000000000000000075
:10BBD0000000000000000000000000000000000065
:10BBE0000000000000000000000000000000000055
:10BBF0000000000000000000000000000000000045
:10BC00000000000000000000000000000000000034
:10BC10000000000000000000000000000000000024
:10BC20000000000000000000000000000000000014
:10BC30000000000000000000000000000000000004
:10BC400000000000000000000000000000000000F4
:10BC500000000000000000000000000000000000E4
:10BC600000000000000000000000000000000000D4
:10BC700000000000000000000000000000000000C4
:10BC800000000000000000000000000000000000B4
:10BC900000000000000000000000000000000000A4
:10BCA0000000000000000000000000000000000094
:10BCB0000000000000000000000000000000000084
:10BCC0000000000000000000000000000000000074
:10BCD0000000000000000000000000000000000064
:10BCE0000000000000000000000000000000000054
:10BCF0000000000000000000000000000000000044
:10BD00000000000000000000000000000000000033
:10BD10000000000000000000000000000000000023
:10BD20000000000000000000000000000000000013
:10BD30000000000000000000000000000000000003
:10BD400000000000000000000000000000000000F3
:10BD500000000000000000000000000000000000E3
:10BD600000000000000000000000000000000000D3
:10BD700000000000000000000000000000000000C3
:10BD800000000000000000000000000000000000B3
:10BD900000000000000000000000000000000000A3
:10BDA0000000000000000000000000000000000093
:10BDB0000000000000000000000000000000000083
:10BDC0000000000000000000000000000000000073
:10BDD0000000000000000000000000000000000063
:10BDE0000000000000000000000000000000000053
:10BDF0000000000000000000000000000000000043
:10BE00000000000000000000000000000000000032
:10BE10000000000000000000000000000000000022
:10BE20000000000000000000000000000000000012
:10BE30000000000000000000000000000000000002
:10BE400000000000000000000000000000000000F2
:10BE500000000000000000000000000000000000E2
:10BE600000000000000000000000000000000000D2
:10BE700000000000000000000000000000000000C2
:10BE800000000000000000000000000000000000B2
:10BE900000000000000000000000000000000000A2
:10BEA0000000000000000000000000000000000092
:10BEB0000000000000000000000000000000000082
:10BEC0000000000000000000000000000000000072
:10BED0000000000000000000000000000000000062
:10BEE0000000000000000000000000000000000052
:10BEF0000000000000000000000000000000000042
:10BF00000000000000000000000000000000000031
:10BF10000000000000000000000000000000000021
:10BF20000000000000000000000000000000000011
:10BF30000000000000000000000000000000000001
:10BF400000000000000000000000000000000000F1
:10BF500000000000000000000000000000000000E1
:10BF600000000000000000000000000000000000D1
:10BF700000000000000000000000000000000000C1
:10BF800000000000000000000000000000000000B1
:10BF900000000000000000000000000000000000A1
:10BFA0000000000000000000000000000000000091
:10BFB0000000000000000000000000000000000081
:10BFC0000000000000000000000000000000000071
:10BFD0000000000000000000000000000000000061
:10BFE0000000000000000000000000000000000051
:10BFF0000000000000000000000000000000000041
:10C000000000000000000000000000000000000030
:10C010000000000000000000000000000000000020
:10C020000000000000000000000000000000000010
:10C030000000000000000000000000000000000000
:10C0400000000000000000000000000000000000F0
:10C0500000000000000000000000000000000000E0
:10C0600000000000000000000000000000000000D0
:10C0700000000000000000000000000000000000C0
:10C0800000000000000000000000000000000000B0
:10C0900000000000000000000000000000000000A0
:10C0A0000000000000000000000000000000000090
:10C0B0000000000000000000000000000000000080
:10C0C0000000000000000000000000000000000070
:10C0D0000000000000000000000000000000000060
:10C0E0000000000000000000000000000000000050
:10C0F0000000000000000000000000000000000040
:10C10000000000000000000000000000000000002F
:10C11000000000000000000000000000000000001F
:10C12000000000000000000000000000000000000F
:10C1300000000000000000000000000000000000FF
:10C1400000000000000000000000000000000000EF
:10C1500000000000000000000000000000000000DF
:10C1600000000000000000000000000000000000CF
:10C1700000000000000000000000000000000000BF
:10C1800000000000000000000000000000000000AF
:10C19000000000000000000000000000000000009F
:10C1A000000000000000000000000000000000008F
:10C1B000000000000000000000000000000000007F
:10C1C000000000000000000000000000000000006F
:10C1D000000000000000000000000000000000005F
:10C1E000000000000000000000000000000000004F
:10C1F000000000000000000000000000000000003F
:10C20000000000000000000000000000000000002E
:10C21000000000000000000000000000000000001E
:10C22000000000000000000000000000000000000E
:10C2300000000000000000000000000000000000FE
:10C2400000000000000000000000000000000000EE
:10C2500000000000000000000000000000000000DE
:10C2600000000000000000000000000000000000CE
:10C2700000000000000000000000000000000000BE
:10C2800000000000000000000000000000000000AE
:10C29000000000000000000000000000000000009E
:10C2A000000000000000000000000000000000008E
:10C2B000000000000000000000000000000000007E
:10C2C000000000000000000000000000000000006E
:10C2D000000000000000000000000000000000005E
:10C2E000000000000000000000000000000000004E
:10C2F000000000000000000000000000000000003E
:10C30000000000000000000000000000000000002D
:10C31000000000000000000000000000000000001D
:10C32000000000000000000000000000000000000D
:10C3300000000000000000000000000000000000FD
:10C3400000000000000000000000000000000000ED
:10C3500000000000000000000000000000000000DD
:10C3600000000000000000000000000000000000CD
:10C3700000000000000000000000000000000000BD
:10C3800000000000000000000000000000000000AD
:10C39000000000000000000000000000000000009D
:10C3A000000000000000000000000000000000008D
:10C3B000000000000000000000000000000000007D
:10C3C000000000000000000000000000000000006D
:10C3D000000000000000000000000000000000005D
:10C3E000000000000000000000000000000000004D
:10C3F000000000000000000000000000000000003D
:10C40000000000000000000000000000000000002C
:10C41000000000000000000000000000000000001C
:10C42000000000000000000000000000000000000C
:10C4300000000000000000000000000000000000FC
:10C4400000000000000000000000000000000000EC
:10C4500000000000000000000000000000000000DC
:10C4600000000000000000000000000000000000CC
:10C4700000000000000000000000000000000000BC
:10C4800000000000000000000000000000000000AC
:10C49000000000000000000000000000000000009C
:10C4A000000000000000000000000000000000008C
:10C4B000000000000000000000000000000000007C
:10C4C000000000000000000000000000000000006C
:10C4D000000000000000000000000000000000005C
:10C4E000000000000000000000000000000000004C
:10C4F000000000000000000000000000000000003C
:10C50000000000000000000000000000000000002B
:10C51000000000000000000000000000000000001B
:10C52000000000000000000000000000000000000B
:10C5300000000000000000000000000000000000FB
:10C5400000000000000000000000000000000000EB
:10C5500000000000000000000000000000000000DB
:10C5600000000000000000000000000000000000CB
:10C5700000000000000000000000000000000000BB
:10C5800000000000000000000000000000000000AB
:10C59000000000000000000000000000000000009B
:10C5A000000000000000000000000000000000008B
:10C5B000000000000000000000000000000000007B
:10C5C000000000000000000000000000000000006B
:10C5D000000000000000000000000000000000005B
:10C5E000000000000000000000000000000000004B
:10C5F000000000000000000000000000000000003B
:10C60000000000000000000000000000000000002A
:10C61000000000000000000000000000000000001A
:10C62000000000000000000000000000000000000A
:10C6300000000000000000000000000000000000FA
:10C6400000000000000000000000000000000000EA
:10C6500000000000000000000000000000000000DA
:10C6600000000000000000000000000000000000CA
:10C6700000000000000000000000000000000000BA
:10C6800000000000000000000000000000000000AA
:10C69000000000000000000000000000000000009A
:10C6A000000000000000000000000000000000008A
:10C6B000000000000000000000000000000000007A
:10C6C000000000000000000000000000000000006A
:10C6D000000000000000000000000000000000005A
:10C6E000000000000000000000000000000000004A
:10C6F000000000000000000000000000000000003A
:10C700000000000000000000000000000000000029
:10C710000000000000000000000000000000000019
:10C720000000000000000000000000000000000009
:10C7300000000000000000000000000000000000F9
:10C7400000000000000000000000000000000000E9
:10C7500000000000000000000000000000000000D9
:10C7600000000000000000000000000000000000C9
:10C7700000000000000000000000000000000000B9
:10C7800000000000000000000000000000000000A9
:10C790000000000000000000000000000000000099
:10C7A0000000000000000000000000000000000089
:10C7B0000000000000000000000000000000000079
:10C7C0000000000000000000000000000000000069
:10C7D0000000000000000000000000000000000059
:10C7E0000000000000000000000000000000000049
:10C7F0000000000000000000000000000000000039
:10C800000000000000000000000000000000000028
:10C810000000000000000000000000000000000018
:10C820000000000000000000000000000000000008
:10C8300000000000000000000000000000000000F8
:10C8400000000000000000000000000000000000E8
:10C8500000000000000000000000000000000000D8
:10C8600000000000000000000000000000000000C8
:10C8700000000000000000000000000000000000B8
:10C8800000000000000000000000000000000000A8
:10C890000000000000000000000000000000000098
:10C8A0000000000000000000000000000000000088
:10C8B0000000000000000000000000000000000078
:10C8C0000000000000000000000000000000000068
:10C8D0000000000000000000000000000000000058
:10C8E0000000000000000000000000000000000048
:10C8F0000000000000000000000000000000000038
:10C900000000000000000000000000000000000027
:10C910000000000000000000000000000000000017
:10C920000000000000000000000000000000000007
:10C9300000000000000000000000000000000000F7
:10C9400000000000000000000000000000000000E7
:10C9500000000000000000000000000000000000D7
:10C9600000000000000000000000000000000000C7
:10C9700000000000000000000000000000000000B7
:10C9800000000000000000000000000000000000A7
:10C990000000000000000000000000000000000097
:10C9A0000000000000000000000000000000000087
:10C9B0000000000000000000000000000000000077
:10C9C0000000000000000000000000000000000067
:10C9D0000000000000000000000000000000000057
:10C9E0000000000000000000000000000000000047
:10C9F0000000000000000000000000000000000037
:10CA00000000000000000000000000000000000026
:10CA10000000000000000000000000000000000016
:10CA20000000000000000000000000000000000006
:10CA300000000000000000000000000000000000F6
:10CA400000000000000000000000000000000000E6
:10CA500000000000000000000000000000000000D6
:10CA600000000000000000000000000000000000C6
:10CA700000000000000000000000000000000000B6
:10CA800000000000000000000000000000000000A6
:10CA90000000000000000000000000000000000096
:10CAA0000000000000000000000000000000000086
:10CAB0000000000000000000000000000000000076
:10CAC0000000000000000000000000000000000066
:10CAD0000000000000000000000000000000000056
:10CAE0000000000000000000000000000000000046
:10CAF0000000000000000000000000000000000036
:10CB00000000000000000000000000000000000025
:10CB10000000000000000000000000000000000015
:10CB20000000000000000000000000000000000005
:10CB300000000000000000000000000000000000F5
:10CB400000000000000000000000000000000000E5
:10CB500000000000000000000000000000000000D5
:10CB600000000000000000000000000000000000C5
:10CB700000000000000000000000000000000000B5
:10CB800000000000000000000000000000000000A5
:10CB90000000000000000000000000000000000095
:10CBA0000000000000000000000000000000000085
:10CBB0000000000000000000000000000000000075
:10CBC0000000000000000000000000000000000065
:10CBD0000000000000000000000000000000000055
:10CBE0000000000000000000000000000000000045
:10CBF0000000000000000000000000000000000035
:10CC00000000000000000000000000000000000024
:10CC10000000000000000000000000000000000014
:10CC20000000000000000000000000000000000004
:10CC300000000000000000000000000000000000F4
:10CC400000000000000000000000000000000000E4
:10CC500000000000000000000000000000000000D4
:10CC600000000000000000000000000000000000C4
:10CC700000000000000000000000000000000000B4
:10CC800000000000000000000000000000000000A4
:10CC90000000000000000000000000000000000094
:10CCA0000000000000000000000000000000000084
:10CCB0000000000000000000000000000000000074
:10CCC0000000000000000000000000000000000064
:10CCD0000000000000000000000000000000000054
:10CCE0000000000000000000000000000000000044
:10CCF0000000000000000000000000000000000034
:10CD00000000000000000000000000000000000023
:10CD10000000000000000000000000000000000013
:10CD20000000000000000000000000000000000003
:10CD300000000000000000000000000000000000F3
:10CD400000000000000000000000000000000000E3
:10CD500000000000000000000000000000000000D3
:10CD600000000000000000000000000000000000C3
:10CD700000000000000000000000000000000000B3
:10CD800000000000000000000000000000000000A3
:10CD90000000000000000000000000000000000093
:10CDA0000000000000000000000000000000000083
:10CDB0000000000000000000000000000000000073
:10CDC0000000000000000000000000000000000063
:10CDD0000000000000000000000000000000000053
:10CDE0000000000000000000000000000000000043
:10CDF0000000000000000000000000000000000033
:10CE00000000000000000000000000000000000022
:10CE10000000000000000000000000000000000012
:10CE20000000000000000000000000000000000002
:10CE300000000000000000000000000000000000F2
:10CE400000000000000000000000000000000000E2
:10CE500000000000000000000000000000000000D2
:10CE600000000000000000000000000000000000C2
:10CE700000000000000000000000000000000000B2
:10CE800000000000000000000000000000000000A2
:10CE90000000000000000000000000000000000092
:10CEA0000000000000000000000000000000000082
:10CEB0000000000000000000000000000000000072
:10CEC0000000000000000000000000000000000062
:10CED0000000000000000000000000000000000052
:10CEE0000000000000000000000000000000000042
:10CEF0000000000000000000000000000000000032
:10CF00000000000000000000000000000000000021
:10CF10000000000000000000000000000000000011
:10CF20000000000000000000000000000000000001
:10CF300000000000000000000000000000000000F1
:10CF400000000000000000000000000000000000E1
:10CF500000000000000000000000000000000000D1
:10CF600000000000000000000000000000000000C1
:10CF700000000000000000000000000000000000B1
:10CF800000000000000000000000000000000000A1
:10CF90000000000000000000000000000000000091
:10CFA0000000000000000000000000000000000081
:10CFB0000000000000000000000000000000000071
:10CFC0000000000000000000000000000000000061
:10CFD0000000000000000000000000000000000051
:10CFE0000000000000000000000000000000000041
:10CFF0000000000000000000000000000000000031
:10D000000000000000000000000000000000000020
:10D010000000000000000000000000000000000010
:10D020000000000000000000000000000000000000
:10D0300000000000000000000000000000000000F0
:10D0400000000000000000000000000000000000E0
:10D0500000000000000000000000000000000000D0
:10D0600000000000000000000000000000000000C0
:10D0700000000000000000000000000000000000B0
:10D0800000000000000000000000000000000000A0
:10D090000000000000000000000000000000000090
:10D0A0000000000000000000000000000000000080
:10D0B0000000000000000000000000000000000070
:10D0C0000000000000000000000000000000000060
:10D0D0000000000000000000000000000000000050
:10D0E0000000000000000000000000000000000040
:10D0F0000000000000000000000000000000000030
:10D10000000000000000000000000000000000001F
:10D11000000000000000000000000000000000000F
:10D1200000000000000000000000000000000000FF
:10D1300000000000000000000000000000000000EF
:10D1400000000000000000000000000000000000DF
:10D1500000000000000000000000000000000000CF
:10D1600000000000000000000000000000000000BF
:10D1700000000000000000000000000000000000AF
:10D18000000000000000000000000000000000009F
:10D19000000000000000000000000000000000008F
:10D1A000000000000000000000000000000000007F
:10D1B000000000000000000000000000000000006F
:10D1C000000000000000000000000000000000005F
:10D1D000000000000000000000000000000000004F
:10D1E000000000000000000000000000000000003F
:10D1F000000000000000000000000000000000002F
:10D20000000000000000000000000000000000001E
:10D21000000000000000000000000000000000000E
:10D2200000000000000000000000000000000000FE
:10D2300000000000000000000000000000000000EE
:10D2400000000000000000000000000000000000DE
:10D2500000000000000000000000000000000000CE
:10D2600000000000000000000000000000000000BE
:10D2700000000000000000000000000000000000AE
:10D28000000000000000000000000000000000009E
:10D29000000000000000000000000000000000008E
:10D2A000000000000000000000000000000000007E
:10D2B000000000000000000000000000000000006E
:10D2C000000000000000000000000000000000005E
:10D2D000000000000000000000000000000000004E
:10D2E000000000000000000000000000000000003E
:10D2F000000000000000000000000000000000002E
:10D30000000000000000000000000000000000001D
:10D31000000000000000000000000000000000000D
:10D3200000000000000000000000000000000000FD
:10D3300000000000000000000000000000000000ED
:10D3400000000000000000000000000000000000DD
:10D3500000000000000000000000000000000000CD
:10D3600000000000000000000000000000000000BD
:10D3700000000000000000000000000000000000AD
:10D38000000000000000000000000000000000009D
:10D39000000000000000000000000000000000008D
:10D3A000000000000000000000000000000000007D
:10D3B000000000000000000000000000000000006D
:10D3C000000000000000000000000000000000005D
:10D3D000000000000000000000000000000000004D
:10D3E000000000000000000000000000000000003D
:10D3F000000000000000000000000000000000002D
:10D40000000000000000000000000000000000001C
:10D41000000000000000000000000000000000000C
:10D4200000000000000000000000000000000000FC
:10D4300000000000000000000000000000000000EC
:10D4400000000000000000000000000000000000DC
:10D4500000000000000000000000000000000000CC
:10D4600000000000000000000000000000000000BC
:10D4700000000000000000000000000000000000AC
:10D48000000000000000000000000000000000009C
:10D49000000000000000000000000000000000008C
:10D4A000000000000000000000000000000000007C
:10D4B000000000000000000000000000000000006C
:10D4C000000000000000000000000000000000005C
:10D4D000000000000000000000000000000000004C
:10D4E000000000000000000000000000000000003C
:10D4F000000000000000000000000000000000002C
:10D50000000000000000000000000000000000001B
:10D51000000000000000000000000000000000000B
:10D5200000000000000000000000000000000000FB
:10D5300000000000000000000000000000000000EB
:10D5400000000000000000000000000000000000DB
:10D5500000000000000000000000000000000000CB
:10D5600000000000000000000000000000000000BB
:10D5700000000000000000000000000000000000AB
:10D58000000000000000000000000000000000009B
:10D59000000000000000000000000000000000008B
:10D5A000000000000000000000000000000000007B
:10D5B000000000000000000000000000000000006B
:10D5C000000000000000000000000000000000005B
:10D5D000000000000000000000000000000000004B
:10D5E000000000000000000000000000000000003B
:10D5F000000000000000000000000000000000002B
:10D60000000000000000000000000000000000001A
:10D61000000000000000000000000000000000000A
:10D6200000000000000000000000000000000000FA
:10D6300000000000000000000000000000000000EA
:10D6400000000000000000000000000000000000DA
:10D6500000000000000000000000000000000000CA
:10D6600000000000000000000000000000000000BA
:10D6700000000000000000000000000000000000AA
:10D68000000000000000000000000000000000009A
:10D69000000000000000000000000000000000008A
:10D6A000000000000000000000000000000000007A
:10D6B000000000000000000000000000000000006A
:10D6C000000000000000000000000000000000005A
:10D6D000000000000000000000000000000000004A
:10D6E000000000000000000000000000000000003A
:10D6F000000000000000000000000000000000002A
:10D700000000000000000000000000000000000019
:10D710000000000000000000000000000000000009
:10D7200000000000000000000000000000000000F9
:10D7300000000000000000000000000000000000E9
:10D7400000000000000000000000000000000000D9
:10D7500000000000000000000000000000000000C9
:10D7600000000000000000000000000000000000B9
:10D7700000000000000000000000000000000000A9
:10D780000000000000000000000000000000000099
:10D790000000000000000000000000000000000089
:10D7A0000000000000000000000000000000000079
:10D7B0000000000000000000000000000000000069
:10D7C0000000000000000000000000000000000059
:10D7D0000000000000000000000000000000000049
:10D7E0000000000000000000000000000000000039
:10D7F0000000000000000000000000000000000029
:10D800000000000000000000000000000000000018
:10D810000000000000000000000000000000000008
:10D8200000000000000000000000000000000000F8
:10D8300000000000000000000000000000000000E8
:10D8400000000000000000000000000000000000D8
:10D8500000000000000000000000000000000000C8
:10D8600000000000000000000000000000000000B8
:10D8700000000000000000000000000000000000A8
:10D880000000000000000000000000000000000098
:10D890000000000000000000000000000000000088
:10D8A0000000000000000000000000000000000078
:10D8B0000000000000000000000000000000000068
:10D8C0000000000000000000000000000000000058
:10D8D0000000000000000000000000000000000048
:10D8E0000000000000000000000000000000000038
:10D8F0000000000000000000000000000000000028
:10D900000000000000000000000000000000000017
:10D910000000000000000000000000000000000007
:10D9200000000000000000000000000000000000F7
:10D9300000000000000000000000000000000000E7
:10D9400000000000000000000000000000000000D7
:10D9500000000000000000000000000000000000C7
:10D9600000000000000000000000000000000000B7
:10D9700000000000000000000000000000000000A7
:10D980000000000000000000000000000000000097
:10D990000000000000000000000000000000000087
:10D9A0000000000000000000000000000000000077
:10D9B0000000000000000000000000000000000067
:10D9C0000000000000000000000000000000000057
:10D9D0000000000000000000000000000000000047
:10D9E0000000000000000000000000000000000037
:10D9F0000000000000000000000000000000000027
:10DA00000000000000000000000000000000000016
:10DA10000000000000000000000000000000000006
:10DA200000000000000000000000000000000000F6
:10DA300000000000000000000000000000000000E6
:10DA400000000000000000000000000000000000D6
:10DA500000000000000000000000000000000000C6
:10DA600000000000000000000000000000000000B6
:10DA700000000000000000000000000000000000A6
:10DA80000000000000000000000000000000000096
:10DA90000000000000000000000000000000000086
:10DAA0000000000000000000000000000000000076
:10DAB0000000000000000000000000000000000066
:10DAC0000000000000000000000000000000000056
:10DAD0000000000000000000000000000000000046
:10DAE0000000000000000000000000000000000036
:10DAF0000000000000000000000000000000000026
:10DB00000000000000000000000000000000000015
:10DB10000000000000000000000000000000000005
:10DB200000000000000000000000000000000000F5
:10DB300000000000000000000000000000000000E5
:10DB400000000000000000000000000000000000D5
:10DB500000000000000000000000000000000000C5
:10DB600000000000000000000000000000000000B5
:10DB700000000000000000000000000000000000A5
:10DB80000000000000000000000000000000000095
:10DB90000000000000000000000000000000000085
:10DBA0000000000000000000000000000000000075
:10DBB0000000000000000000000000000000000065
:10DBC0000000000000000000000000000000000055
:10DBD0000000000000000000000000000000000045
:10DBE0000000000000000000000000000000000035
:10DBF0000000000000000000000000000000000025
:10DC00000000000000000000000000000000000014
:10DC10000000000000000000000000000000000004
:10DC200000000000000000000000000000000000F4
:10DC300000000000000000000000000000000000E4
:10DC400000000000000000000000000000000000D4
:10DC500000000000000000000000000000000000C4
:10DC600000000000000000000000000000000000B4
:10DC700000000000000000000000000000000000A4
:10DC80000000000000000000000000000000000094
:10DC90000000000000000000000000000000000084
:10DCA0000000000000000000000000000000000074
:10DCB0000000000000000000000000000000000064
:10DCC0000000000000000000000000000000000054
:10DCD0000000000000000000000000000000000044
:10DCE0000000000000000000000000000000000034
:10DCF0000000000000000000000000000000000024
:10DD00000000000000000000000000000000000013
:10DD10000000000000000000000000000000000003
:10DD200000000000000000000000000000000000F3
:10DD300000000000000000000000000000000000E3
:10DD400000000000000000000000000000000000D3
:10DD500000000000000000000000000000000000C3
:10DD600000000000000000000000000000000000B3
:10DD700000000000000000000000000000000000A3
:10DD80000000000000000000000000000000000093
:10DD90000000000000000000000000000000000083
:10DDA0000000000000000000000000000000000073
:10DDB0000000000000000000000000000000000063
:10DDC0000000000000000000000000000000000053
:10DDD0000000000000000000000000000000000043
:10DDE0000000000000000000000000000000000033
:10DDF0000000000000000000000000000000000023
:10DE00000000000000000000000000000000000012
:10DE10000000000000000000000000000000000002
:10DE200000000000000000000000000000000000F2
:10DE300000000000000000000000000000000000E2
:10DE400000000000000000000000000000000000D2
:10DE500000000000000000000000000000000000C2
:10DE600000000000000000000000000000000000B2
:10DE700000000000000000000000000000000000A2
:10DE80000000000000000000000000000000000092
:10DE90000000000000000000000000000000000082
:10DEA0000000000000000000000000000000000072
:10DEB0000000000000000000000000000000000062
:10DEC0000000000000000000000000000000000052
:10DED0000000000000000000000000000000000042
:10DEE0000000000000000000000000000000000032
:10DEF0000000000000000000000000000000000022
:10DF00000000000000000000000000000000000011
:10DF10000000000000000000000000000000000001
:10DF200000000000000000000000000000000000F1
:10DF300000000000000000000000000000000000E1
:10DF400000000000000000000000000000000000D1
:10DF500000000000000000000000000000000000C1
:10DF600000000000000000000000000000000000B1
:10DF700000000000000000000000000000000000A1
:10DF80000000000000000000000000000000000091
:10DF90000000000000000000000000000000000081
:10DFA0000000000000000000000000000000000071
:10DFB0000000000000000000000000000000000061
:10DFC0000000000000000000000000000000000051
:10DFD0000000000000000000000000000000000041
:10DFE0000000000000000000000000000000000031
:10DFF0000000000000000000000000000000000021
:10E000000000000000000000000000000000000010
:10E010000000000000000000000000000000000000
:10E0200000000000000000000000000000000000F0
:10E0300000000000000000000000000000000000E0
:10E0400000000000000000000000000000000000D0
:10E0500000000000000000000000000000000000C0
:10E0600000000000000000000000000000000000B0
:10E0700000000000000000000000000000000000A0
:10E080000000000000000000000000000000000090
:10E090000000000000000000000000000000000080
:10E0A0000000000000000000000000000000000070
:10E0B0000000000000000000000000000000000060
:10E0C0000000000000000000000000000000000050
:10E0D0000000000000000000000000000000000040
:10E0E0000000000000000000000000000000000030
:10E0F0000000000000000000000000000000000020
:10E10000000000000000000000000000000000000F
:10E1100000000000000000000000000000000000FF
:10E1200000000000000000000000000000000000EF
:10E1300000000000000000000000000000000000DF
:10E1400000000000000000000000000000000000CF
:10E1500000000000000000000000000000000000BF
:10E1600000000000000000000000000000000000AF
:10E17000000000000000000000000000000000009F
:10E18000000000000000000000000000000000008F
:10E19000000000000000000000000000000000007F
:10E1A000000000000000000000000000000000006F
:10E1B000000000000000000000000000000000005F
:10E1C000000000000000000000000000000000004F
:10E1D000000000000000000000000000000000003F
:10E1E000000000000000000000000000000000002F
:10E1F000000000000000000000000000000000001F
:10E20000000000000000000000000000000000000E
:10E2100000000000000000000000000000000000FE
:10E2200000000000000000000000000000000000EE
:10E2300000000000000000000000000000000000DE
:10E2400000000000000000000000000000000000CE
:10E2500000000000000000000000000000000000BE
:10E2600000000000000000000000000000000000AE
:10E27000000000000000000000000000000000009E
:10E28000000000000000000000000000000000008E
:10E29000000000000000000000000000000000007E
:10E2A000000000000000000000000000000000006E
:10E2B000000000000000000000000000000000005E
:10E2C000000000000000000000000000000000004E
:10E2D000000000000000000000000000000000003E
:10E2E000000000000000000000000000000000002E
:10E2F000000000000000000000000000000000001E
:10E30000000000000000000000000000000000000D
:10E3100000000000000000000000000000000000FD
:10E3200000000000000000000000000000000000ED
:10E3300000000000000000000000000000000000DD
:10E3400000000000000000000000000000000000CD
:10E3500000000000000000000000000000000000BD
:10E3600000000000000000000000000000000000AD
:10E37000000000000000000000000000000000009D
:10E38000000000000000000000000000000000008D
:10E39000000000000000000000000000000000007D
:10E3A000000000000000000000000000000000006D
:10E3B000000000000000000000000000000000005D
:10E3C000000000000000000000000000000000004D
:10E3D000000000000000000000000000000000003D
:10E3E000000000000000000000000000000000002D
:10E3F000000000000000000000000000000000001D
:10E40000000000000000000000000000000000000C
:10E4100000000000000000000000000000000000FC
:10E4200000000000000000000000000000000000EC
:10E4300000000000000000000000000000000000DC
:10E4400000000000000000000000000000000000CC
:10E4500000000000000000000000000000000000BC
:10E4600000000000000000000000000000000000AC
:10E47000000000000000000000000000000000009C
:10E48000000000000000000000000000000000008C
:10E49000000000000000000000000000000000007C
:10E4A000000000000000000000000000000000006C
:10E4B000000000000000000000000000000000005C
:10E4C000000000000000000000000000000000004C
:10E4D000000000000000000000000000000000003C
:10E4E000000000000000000000000000000000002C
:10E4F000000000000000000000000000000000001C
:10E50000000000000000000000000000000000000B
:10E5100000000000000000000000000000000000FB
:10E5200000000000000000000000000000000000EB
:10E5300000000000000000000000000000000000DB
:10E5400000000000000000000000000000000000CB
:10E5500000000000000000000000000000000000BB
:10E5600000000000000000000000000000000000AB
:10E57000000000000000000000000000000000009B
:10E58000000000000000000000000000000000008B
:10E59000000000000000000000000000000000007B
:10E5A000000000000000000000000000000000006B
:10E5B000000000000000000000000000000000005B
:10E5C000000000000000000000000000000000004B
:10E5D000000000000000000000000000000000003B
:10E5E000000000000000000000000000000000002B
:10E5F000000000000000000000000000000000001B
:10E60000000000000000000000000000000000000A
:10E6100000000000000000000000000000000000FA
:10E6200000000000000000000000000000000000EA
:10E6300000000000000000000000000000000000DA
:10E6400000000000000000000000000000000000CA
:10E6500000000000000000000000000000000000BA
:10E6600000000000000000000000000000000000AA
:10E67000000000000000000000000000000000009A
:10E68000000000000000000000000000000000008A
:10E69000000000000000000000000000000000007A
:10E6A000000000000000000000000000000000006A
:10E6B000000000000000000000000000000000005A
:10E6C000000000000000000000000000000000004A
:10E6D000000000000000000000000000000000003A
:10E6E000000000000000000000000000000000002A
:10E6F000000000000000000000000000000000001A
:10E700000000000000000000000000000000000009
:10E7100000000000000000000000000000000000F9
:10E7200000000000000000000000000000000000E9
:10E7300000000000000000000000000000000000D9
:10E7400000000000000000000000000000000000C9
:10E7500000000000000000000000000000000000B9
:10E7600000000000000000000000000000000000A9
:10E770000000000000000000000000000000000099
:10E780000000000000000000000000000000000089
:10E790000000000000000000000000000000000079
:10E7A0000000000000000000000000000000000069
:10E7B0000000000000000000000000000000000059
:10E7C0000000000000000000000000000000000049
:10E7D0000000000000000000000000000000000039
:10E7E0000000000000000000000000000000000029
:10E7F0000000000000000000000000000000000019
:10E800000000000000000000000000000000000008
:10E8100000000000000000000000000000000000F8
:10E8200000000000000000000000000000000000E8
:10E8300000000000000000000000000000000000D8
:10E8400000000000000000000000000000000000C8
:10E8500000000000000000000000000000000000B8
:10E8600000000000000000000000000000000000A8
:10E870000000000000000000000000000000000098
:10E880000000000000000000000000000000000088
:10E890000000000000000000000000000000000078
:10E8A0000000000000000000000000000000000068
:10E8B0000000000000000000000000000000000058
:10E8C0000000000000000000000000000000000048
:10E8D0000000000000000000000000000000000038
:10E8E0000000000000000000000000000000000028
:10E8F0000000000000000000000000000000000018
:10E900000000000000000000000000000000000007
:10E9100000000000000000000000000000000000F7
:10E9200000000000000000000000000000000000E7
:10E9300000000000000000000000000000000000D7
:10E9400000000000000000000000000000000000C7
:10E9500000000000000000000000000000000000B7
:10E9600000000000000000000000000000000000A7
:10E970000000000000000000000000000000000097
:10E980000000000000000000000000000000000087
:10E990000000000000000000000000000000000077
:10E9A0000000000000000000000000000000000067
:10E9B0000000000000000000000000000000000057
:10E9C0000000000000000000000000000000000047
:10E9D0000000000000000000000000000000000037
:10E9E0000000000000000000000000000000000027
:10E9F0000000000000000000000000000000000017
:10EA00000000000000000000000000000000000006
:10EA100000000000000000000000000000000000F6
:10EA200000000000000000000000000000000000E6
:10EA300000000000000000000000000000000000D6
:10EA400000000000000000000000000000000000C6
:10EA500000000000000000000000000000000000B6
:10EA600000000000000000000000000000000000A6
:10EA70000000000000000000000000000000000096
:10EA80000000000000000000000000000000000086
:10EA90000000000000000000000000000000000076
:10EAA0000000000000000000000000000000000066
:10EAB0000000000000000000000000000000000056
:10EAC0000000000000000000000000000000000046
:10EAD0000000000000000000000000000000000036
:10EAE0000000000000000000000000000000000026
:10EAF0000000000000000000000000000000000016
:10EB00000000000000000000000000000000000005
:10EB100000000000000000000000000000000000F5
:10EB200000000000000000000000000000000000E5
:10EB300000000000000000000000000000000000D5
:10EB400000000000000000000000000000000000C5
:10EB500000000000000000000000000000000000B5
:10EB600000000000000000000000000000000000A5
:10EB70000000000000000000000000000000000095
:10EB80000000000000000000000000000000000085
:10EB90000000000000000000000000000000000075
:10EBA0000000000000000000000000000000000065
:10EBB0000000000000000000000000000000000055
:10EBC0000000000000000000000000000000000045
:10EBD0000000000000000000000000000000000035
:10EBE0000000000000000000000000000000000025
:10EBF0000000000000000000000000000000000015
:10EC00000000000000000000000000000000000004
:10EC100000000000000000000000000000000000F4
:10EC200000000000000000000000000000000000E4
:10EC300000000000000000000000000000000000D4
:10EC400000000000000000000000000000000000C4
:10EC500000000000000000000000000000000000B4
:10EC600000000000000000000000000000000000A4
:10EC70000000000000000000000000000000000094
:10EC80000000000000000000000000000000000084
:10EC90000000000000000000000000000000000074
:10ECA0000000000000000000000000000000000064
:10ECB0000000000000000000000000000000000054
:10ECC0000000000000000000000000000000000044
:10ECD0000000000000000000000000000000000034
:10ECE0000000000000000000000000000000000024
:10ECF0000000000000000000000000000000000014
:10ED00000000000000000000000000000000000003
:10ED100000000000000000000000000000000000F3
:10ED200000000000000000000000000000000000E3
:10ED300000000000000000000000000000000000D3
:10ED400000000000000000000000000000000000C3
:10ED500000000000000000000000000000000000B3
:10ED600000000000000000000000000000000000A3
:10ED70000000000000000000000000000000000093
:10ED80000000000000000000000000000000000083
:10ED90000000000000000000000000000000000073
:10EDA0000000000000000000000000000000000063
:10EDB0000000000000000000000000000000000053
:10EDC0000000000000000000000000000000000043
:10EDD0000000000000000000000000000000000033
:10EDE0000000000000000000000000000000000023
:10EDF0000000000000000000000000000000000013
:10EE00000000000000000000000000000000000002
:10EE100000000000000000000000000000000000F2
:10EE200000000000000000000000000000000000E2
:10EE300000000000000000000000000000000000D2
:10EE400000000000000000000000000000000000C2
:10EE500000000000000000000000000000000000B2
:10EE600000000000000000000000000000000000A2
:10EE70000000000000000000000000000000000092
:10EE80000000000000000000000000000000000082
:10EE90000000000000000000000000000000000072
:10EEA0000000000000000000000000000000000062
:10EEB0000000000000000000000000000000000052
:10EEC0000000000000000000000000000000000042
:10EED0000000000000000000000000000000000032
:10EEE0000000000000000000000000000000000022
:10EEF0000000000000000000000000000000000012
:10EF00000000000000000000000000000000000001
:10EF100000000000000000000000000000000000F1
:10EF200000000000000000000000000000000000E1
:10EF300000000000000000000000000000000000D1
:10EF400000000000000000000000000000000000C1
:10EF500000000000000000000000000000000000B1
:10EF600000000000000000000000000000000000A1
:10EF70000000000000000000000000000000000091
:10EF80000000000000000000000000000000000081
:10EF90000000000000000000000000000000000071
:10EFA0000000000000000000000000000000000061
:10EFB0000000000000000000000000000000000051
:10EFC0000000000000000000000000000000000041
:10EFD0000000000000000000000000000000000031
:10EFE0000000000000000000000000000000000021
:10EFF0000000000000000000000000000000000011
:10F000000000000000000000000000000000000000
:10F0100000000000000000000000000000000000F0
:10F0200000000000000000000000000000000000E0
:10F0300000000000000000000000000000000000D0
:10F0400000000000000000000000000000000000C0
:10F0500000000000000000000000000000000000B0
:10F0600000000000000000000000000000000000A0
:10F070000000000000000000000000000000000090
:10F080000000000000000000000000000000000080
:10F090000000000000000000000000000000000070
:10F0A0000000000000000000000000000000000060
:10F0B0000000000000000000000000000000000050
:10F0C0000000000000000000000000000000000040
:10F0D0000000000000000000000000000000000030
:10F0E0000000000000000000000000000000000020
:10F0F0000000000000000000000000000000000010
:10F1000000000000000000000000000000000000FF
:10F1100000000000000000000000000000000000EF
:10F1200000000000000000000000000000000000DF
:10F1300000000000000000000000000000000000CF
:10F1400000000000000000000000000000000000BF
:10F1500000000000000000000000000000000000AF
:10F16000000000000000000000000000000000009F
:10F17000000000000000000000000000000000008F
:10F18000000000000000000000000000000000007F
:10F19000000000000000000000000000000000006F
:10F1A000000000000000000000000000000000005F
:10F1B000000000000000000000000000000000004F
:10F1C000000000000000000000000000000000003F
:10F1D000000000000000000000000000000000002F
:10F1E000000000000000000000000000000000001F
:10F1F000000000000000000000000000000000000F
:10F2000000000000000000000000000000000000FE
:10F2100000000000000000000000000000000000EE
:10F2200000000000000000000000000000000000DE
:10F2300000000000000000000000000000000000CE
:10F2400000000000000000000000000000000000BE
:10F2500000000000000000000000000000000000AE
:10F26000000000000000000000000000000000009E
:10F27000000000000000000000000000000000008E
:10F28000000000000000000000000000000000007E
:10F29000000000000000000000000000000000006E
:10F2A000000000000000000000000000000000005E
:10F2B000000000000000000000000000000000004E
:10F2C000000000000000000000000000000000003E
:10F2D000000000000000000000000000000000002E
:10F2E000000000000000000000000000000000001E
:10F2F000000000000000000000000000000000000E
:10F3000000000000000000000000000000000000FD
:10F3100000000000000000000000000000000000ED
:10F3200000000000000000000000000000000000DD
:10F3300000000000000000000000000000000000CD
:10F3400000000000000000000000000000000000BD
:10F3500000000000000000000000000000000000AD
:10F36000000000000000000000000000000000009D
:10F37000000000000000000000000000000000008D
:10F38000000000000000000000000000000000007D
:10F39000000000000000000000000000000000006D
:10F3A000000000000000000000000000000000005D
:10F3B000000000000000000000000000000000004D
:10F3C000000000000000000000000000000000003D
:10F3D000000000000000000000000000000000002D
:10F3E000000000000000000000000000000000001D
:10F3F000000000000000000000000000000000000D
:10F4000000000000000000000000000000000000FC
:10F4100000000000000000000000000000000000EC
:10F4200000000000000000000000000000000000DC
:10F4300000000000000000000000000000000000CC
:10F4400000000000000000000000000000000000BC
:10F4500000000000000000000000000000000000AC
:10F46000000000000000000000000000000000009C
:10F47000000000000000000000000000000000008C
:10F48000000000000000000000000000000000007C
:10F49000000000000000000000000000000000006C
:10F4A000000000000000000000000000000000005C
:10F4B000000000000000000000000000000000004C
:10F4C000000000000000000000000000000000003C
:10F4D000000000000000000000000000000000002C
:10F4E000000000000000000000000000000000001C
:10F4F000000000000000000000000000000000000C
:10F5000000000000000000000000000000000000FB
:10F5100000000000000000000000000000000000EB
:10F5200000000000000000000000000000000000DB
:10F5300000000000000000000000000000000000CB
:10F5400000000000000000000000000000000000BB
:10F5500000000000000000000000000000000000AB
:10F56000000000000000000000000000000000009B
:10F57000000000000000000000000000000000008B
:10F58000000000000000000000000000000000007B
:10F59000000000000000000000000000000000006B
:10F5A000000000000000000000000000000000005B
:10F5B000000000000000000000000000000000004B
:10F5C000000000000000000000000000000000003B
:10F5D000000000000000000000000000000000002B
:10F5E000000000000000000000000000000000001B
:10F5F000000000000000000000000000000000000B
:10F6000000000000000000000000000000000000FA
:10F6100000000000000000000000000000000000EA
:10F6200000000000000000000000000000000000DA
:10F6300000000000000000000000000000000000CA
:10F6400000000000000000000000000000000000BA
:10F6500000000000000000000000000000000000AA
:10F66000000000000000000000000000000000009A
:10F67000000000000000000000000000000000008A
:10F68000000000000000000000000000000000007A
:10F69000000000000000000000000000000000006A
:10F6A000000000000000000000000000000000005A
:10F6B000000000000000000000000000000000004A
:10F6C000000000000000000000000000000000003A
:10F6D000000000000000000000000000000000002A
:10F6E000000000000000000000000000000000001A
:10F6F000000000000000000000000000000000000A
:10F7000000000000000000000000000000000000F9
:10F7100000000000000000000000000000000000E9
:10F7200000000000000000000000000000000000D9
:10F7300000000000000000000000000000000000C9
:10F7400000000000000000000000000000000000B9
:10F7500000000000000000000000000000000000A9
:10F760000000000000000000000000000000000099
:10F770000000000000000000000000000000000089
:10F780000000000000000000000000000000000079
:10F790000000000000000000000000000000000069
:10F7A0000000000000000000000000000000000059
:10F7B0000000000000000000000000000000000049
:10F7C0000000000000000000000000000000000039
:10F7D0000000000000000000000000000000000029
:10F7E0000000000000000000000000000000000019
:10F7F0000000000000000000000000000000000009
:10F8000000000000000000000000000000000000F8
:10F8100000000000000000000000000000000000E8
:10F8200000000000000000000000000000000000D8
:10F8300000000000000000000000000000000000C8
:10F8400000000000000000000000000000000000B8
:10F8500000000000000000000000000000000000A8
:10F860000000000000000000000000000000000098
:10F870000000000000000000000000000000000088
:10F880000000000000000000000000000000000078
:10F890000000000000000000000000000000000068
:10F8A0000000000000000000000000000000000058
:10F8B0000000000000000000000000000000000048
:10F8C0000000000000000000000000000000000038
:10F8D0000000000000000000000000000000000028
:10F8E0000000000000000000000000000000000018
:10F8F0000000000000000000000000000000000008
:10F9000000000000000000000000000000000000F7
:10F9100000000000000000000000000000000000E7
:10F9200000000000000000000000000000000000D7
:10F9300000000000000000000000000000000000C7
:10F9400000000000000000000000000000000000B7
:10F9500000000000000000000000000000000000A7
:10F960000000000000000000000000000000000097
:10F970000000000000000000000000000000000087
:10F980000000000000000000000000000000000077
:10F990000000000000000000000000000000000067
:10F9A0000000000000000000000000000000000057
:10F9B0000000000000000000000000000000000047
:10F9C0000000000000000000000000000000000037
:10F9D0000000000000000000000000000000000027
:10F9E0000000000000000000000000000000000017
:10F9F0000000000000000000000000000000000007
:10FA000000000000000000000000000000000000F6
:10FA100000000000000000000000000000000000E6
:10FA200000000000000000000000000000000000D6
:10FA300000000000000000000000000000000000C6
:10FA400000000000000000000000000000000000B6
:10FA500000000000000000000000000000000000A6
:10FA60000000000000000000000000000000000096
:10FA70000000000000000000000000000000000086
:10FA80000000000000000000000000000000000076
:10FA90000000000000000000000000000000000066
:10FAA0000000000000000000000000000000000056
:10FAB0000000000000000000000000000000000046
:10FAC0000000000000000000000000000000000036
:10FAD0000000000000000000000000000000000026
:10FAE0000000000000000000000000000000000016
:10FAF0000000000000000000000000000000000006
:10FB000000000000000000000000000000000000F5
:10FB100000000000000000000000000000000000E5
:10FB200000000000000000000000000000000000D5
:10FB300000000000000000000000000000000000C5
:10FB400000000000000000000000000000000000B5
:10FB500000000000000000000000000000000000A5
:10FB60000000000000000000000000000000000095
:10FB70000000000000000000000000000000000085
:10FB80000000000000000000000000000000000075
:10FB90000000000000000000000000000000000065
:10FBA0000000000000000000000000000000000055
:10FBB0000000000000000000000000000000000045
:10FBC0000000000000000000000000000000000035
:10FBD0000000000000000000000000000000000025
:10FBE0000000000000000000000000000000000015
:10FBF0000000000000000000000000000000000005
:10FC000000000000000000000000000000000000F4
:10FC100000000000000000000000000000000000E4
:10FC200000000000000000000000000000000000D4
:10FC300000000000000000000000000000000000C4
:10FC400000000000000000000000000000000000B4
:10FC500000000000000000000000000000000000A4
:10FC60000000000000000000000000000000000094
:10FC70000000000000000000000000000000000084
:10FC80000000000000000000000000000000000074
:10FC90000000000000000000000000000000000064
:10FCA0000000000000000000000000000000000054
:10FCB0000000000000000000000000000000000044
:10FCC0000000000000000000000000000000000034
:10FCD0000000000000000000000000000000000024
:10FCE0000000000000000000000000000000000014
:10FCF0000000000000000000000000000000000004
:10FD000000000000000000000000000000000000F3
:10FD100000000000000000000000000000000000E3
:10FD200000000000000000000000000000000000D3
:10FD300000000000000000000000000000000000C3
:10FD400000000000000000000000000000000000B3
:10FD500000000000000000000000000000000000A3
:10FD60000000000000000000000000000000000093
:10FD70000000000000000000000000000000000083
:10FD80000000000000000000000000000000000073
:10FD90000000000000000000000000000000000063
:10FDA0000000000000000000000000000000000053
:10FDB0000000000000000000000000000000000043
:10FDC0000000000000000000000000000000000033
:10FDD0000000000000000000000000000000000023
:10FDE0000000000000000000000000000000000013
:10FDF0000000000000000000000000000000000003
:10FE000000000000000000000000000000000000F2
:10FE100000000000000000000000000000000000E2
:10FE200000000000000000000000000000000000D2
:10FE300000000000000000000000000000000000C2
:10FE400000000000000000000000000000000000B2
:10FE500000000000000000000000000000000000A2
:10FE60000000000000000000000000000000000092
:10FE70000000000000000000000000000000000082
:10FE80000000000000000000000000000000000072
:10FE90000000000000000000000000000000000062
:10FEA0000000000000000000000000000000000052
:10FEB0000000000000000000000000000000000042
:10FEC0000000000000000000000000000000000032
:10FED0000000000000000000000000000000000022
:10FEE0000000000000000000000000000000000012
:10FEF0000000000000000000000000000000000002
:10FF000000000000000000000000000000000000F1
:10FF100000000000000000000000000000000000E1
:10FF200000000000000000000000000000000000D1
:10FF300000000000000000000000000000000000C1
:10FF400000000000000000000000000000000000B1
:10FF500000000000000000000000000000000000A1
:10FF60000000000000000000000000000000000091
:10FF70000000000000000000000000000000000081
:10FF80000000000000000000000000000000000071
:10FF90000000000000000000000000000000000061
:10FFA0000000000000000000000000000000000051
:10FFB0000000000000000000000000000000000041
:10FFC0000000000000000000000000000000000031
:10FFD0000000000000000000000000000000000021
:10FFE0000000000000000000000000000000000011
:10FFF0000000000000000000000000000000000001
:020000022000DC
:1000000000000000000000000000000000000000F0
:1000100000000000000000000000000000000000E0
:1000200000000000000000000000000000000000D0
:1000300000000000000000000000000000000000C0
:1000400000000000000000000000000000000000B0
:1000500000000000000000000000000000000000A0
:100060000000000000000000000000000000000090
:100070000000000000000000000000000000000080
:100080000000000000000000000000000000000070
:100090000000000000000000000000000000000060
:1000A0000000000000000000000000000000000050
:1000B0000000000000000000000000000000000040
:1000C0000000000000000000000000000000000030
:1000D0000000000000000000000000000000000020
:1000E0000000000000000000000000000000000010
:1000F0000000000000000000000000000000000000
:1001000000000000000000000000000000000000EF
:1001100000000000000000000000000000000000DF
:1001200000000000000000000000000000000000CF
:1001300000000000000000000000000000000000BF
:1001400000000000000000000000000000000000AF
:10015000000000000000000000000000000000009F
:10016000000000000000000000000000000000008F
:10017000000000000000000000000000000000007F
:10018000000000000000000000000000000000006F
:10019000000000000000000000000000000000005F
:1001A000000000000000000000000000000000004F
:1001B000000000000000000000000000000000003F
:1001C000000000000000000000000000000000002F
:1001D000000000000000000000000000000000001F
:1001E000000000000000000000000000000000000F
:1001F00000000000000000000000000000000000FF
:1002000000000000000000000000000000000000EE
:1002100000000000000000000000000000000000DE
:1002200000000000000000000000000000000000CE
:1002300000000000000000000000000000000000BE
:1002400000000000000000000000000000000000AE
:10025000000000000000000000000000000000009E
:10026000000000000000000000000000000000008E
:10027000000000000000000000000000000000007E
:10028000000000000000000000000000000000006E
:10029000000000000000000000000000000000005E
:1002A000000000000000000000000000000000004E
:1002B000000000000000000000000000000000003E
:1002C000000000000000000000000000000000002E
:1002D000000000000000000000000000000000001E
:1002E000000000000000000000000000000000000E
:1002F00000000000000000000000000000000000FE
:1003000000000000000000000000000000000000ED
:1003100000000000000000000000000000000000DD
:1003200000000000000000000000000000000000CD
:1003300000000000000000000000000000000000BD
:1003400000000000000000000000000000000000AD
:10035000000000000000000000000000000000009D
:10036000000000000000000000000000000000008D
:10037000000000000000000000000000000000007D
:10038000000000000000000000000000000000006D
:10039000000000000000000000000000000000005D
:1003A000000000000000000000000000000000004D
:1003B000000000000000000000000000000000003D
:1003C000000000000000000000000000000000002D
:1003D000000000000000000000000000000000001D
:1003E000000000000000000000000000000000000D
:1003F00000000000000000000000000000000000FD
:1004000000000000000000000000000000000000EC
:1004100000000000000000000000000000000000DC
:1004200000000000000000000000000000000000CC
:1004300000000000000000000000000000000000BC
:1004400000000000000000000000000000000000AC
:10045000000000000000000000000000000000009C
:10046000000000000000000000000000000000008C
:10047000000000000000000000000000000000007C
:10048000000000000000000000000000000000006C
:10049000000000000000000000000000000000005C
:1004A000000000000000000000000000000000004C
:1004B000000000000000000000000000000000003C
:1004C000000000000000000000000000000000002C
:1004D000000000000000000000000000000000001C
:1004E000000000000000000000000000000000000C
:1004F00000000000000000000000000000000000FC
:1005000000000000000000000000000000000000EB
:1005100000000000000000000000000000000000DB
:1005200000000000000000000000000000000000CB
:1005300000000000000000000000000000000000BB
:1005400000000000000000000000000000000000AB
:10055000000000000000000000000000000000009B
:10056000000000000000000000000000000000008B
:10057000000000000000000000000000000000007B
:10058000000000000000000000000000000000006B
:10059000000000000000000000000000000000005B
:1005A000000000000000000000000000000000004B
:1005B000000000000000000000000000000000003B
:1005C000000000000000000000000000000000002B
:1005D000000000000000000000000000000000001B
:1005E000000000000000000000000000000000000B
:1005F00000000000000000000000000000000000FB
:1006000000000000000000000000000000000000EA
:1006100000000000000000000000000000000000DA
:1006200000000000000000000000000000000000CA
:1006300000000000000000000000000000000000BA
:1006400000000000000000000000000000000000AA
:10065000000000000000000000000000000000009A
:10066000000000000000000000000000000000008A
:10067000000000000000000000000000000000007A
:10068000000000000000000000000000000000006A
:10069000000000000000000000000000000000005A
:1006A000000000000000000000000000000000004A
:1006B000000000000000000000000000000000003A
:1006C000000000000000000000000000000000002A
:1006D000000000000000000000000000000000001A
:1006E000000000000000000000000000000000000A
:1006F00000000000000000000000000000000000FA
:1007000000000000000000000000000000000000E9
:1007100000000000000000000000000000000000D9
:1007200000000000000000000000000000000000C9
:1007300000000000000000000000000000000000B9
:1007400000000000000000000000000000000000A9
:100750000000000000000000000000000000000099
:100760000000000000000000000000000000000089
:100770000000000000000000000000000000000079
:100780000000000000000000000000000000000069
:100790000000000000000000000000000000000059
:1007A0000000000000000000000000000000000049
:1007B0000000000000000000000000000000000039
:1007C0000000000000000000000000000000000029
:1007D0000000000000000000000000000000000019
:1007E0000000000000000000000000000000000009
:1007F00000000000000000000000000000000000F9
:1008000000000000000000000000000000000000E8
:1008100000000000000000000000000000000000D8
:1008200000000000000000000000000000000000C8
:1008300000000000000000000000000000000000B8
:1008400000000000000000000000000000000000A8
:100850000000000000000000000000000000000098
:100860000000000000000000000000000000000088
:100870000000000000000000000000000000000078
:100880000000000000000000000000000000000068
:100890000000000000000000000000000000000058
:1008A0000000000000000000000000000000000048
:1008B0000000000000000000000000000000000038
:1008C0000000000000000000000000000000000028
:1008D0000000000000000000000000000000000018
:1008E0000000000000000000000000000000000008
:1008F00000000000000000000000000000000000F8
:1009000000000000000000000000000000000000E7
:1009100000000000000000000000000000000000D7
:1009200000000000000000000000000000000000C7
:1009300000000000000000000000000000000000B7
:1009400000000000000000000000000000000000A7
:100950000000000000000000000000000000000097
:100960000000000000000000000000000000000087
:100970000000000000000000000000000000000077
:100980000000000000000000000000000000000067
:100990000000000000000000000000000000000057
:1009A0000000000000000000000000000000000047
:1009B0000000000000000000000000000000000037
:1009C0000000000000000000000000000000000027
:1009D0000000000000000000000000000000000017
:1009E0000000000000000000000000000000000007
:1009F00000000000000000000000000000000000F7
:100A000000000000000000000000000000000000E6
:100A100000000000000000000000000000000000D6
:100A200000000000000000000000000000000000C6
:100A300000000000000000000000000000000000B6
:100A400000000000000000000000000000000000A6
:100A50000000000000000000000000000000000096
:100A60000000000000000000000000000000000086
:100A70000000000000000000000000000000000076
:100A80000000000000000000000000000000000066
:100A90000000000000000000000000000000000056
:100AA0000000000000000000000000000000000046
:100AB0000000000000000000000000000000000036
:100AC0000000000000000000000000000000000026
:100AD0000000000000000000000000000000000016
:100AE0000000000000000000000000000000000006
:100AF00000000000000000000000000000000000F6
:100B000000000000000000000000000000000000E5
:100B100000000000000000000000000000000000D5
:100B200000000000000000000000000000000000C5
:100B300000000000000000000000000000000000B5
:100B400000000000000000000000000000000000A5
:100B50000000000000000000000000000000000095
:100B60000000000000000000000000000000000085
:100B70000000000000000000000000000000000075
:100B80000000000000000000000000000000000065
:100B90000000000000000000000000000000000055
:100BA0000000000000000000000000000000000045
:100BB0000000000000000000000000000000000035
:100BC0000000000000000000000000000000000025
:100BD0000000000000000000000000000000000015
:100BE0000000000000000000000000000000000005
:100BF00000000000000000000000000000000000F5
:100C000000000000000000000000000000000000E4
:100C100000000000000000000000000000000000D4
:100C200000000000000000000000000000000000C4
:100C300000000000000000000000000000000000B4
:100C400000000000000000000000000000000000A4
:100C50000000000000000000000000000000000094
:100C60000000000000000000000000000000000084
:100C70000000000000000000000000000000000074
:100C80000000000000000000000000000000000064
:100C90000000000000000000000000000000000054
:100CA0000000000000000000000000000000000044
:100CB0000000000000000000000000000000000034
:100CC0000000000000000000000000000000000024
:100CD0000000000000000000000000000000000014
:100CE0000000000000000000000000000000000004
:100CF00000000000000000000000000000000000F4
:100D000000000000000000000000000000000000E3
:100D100000000000000000000000000000000000D3
:100D200000000000000000000000000000000000C3
:100D300000000000000000000000000000000000B3
:100D400000000000000000000000000000000000A3
:100D50000000000000000000000000000000000093
:100D60000000000000000000000000000000000083
:100D70000000000000000000000000000000000073
:100D80000000000000000000000000000000000063
:100D90000000000000000000000000000000000053
:100DA0000000000000000000000000000000000043
:100DB0000000000000000000000000000000000033
:100DC0000000000000000000000000000000000023
:100DD0000000000000000000000000000000000013
:100DE0000000000000000000000000000000000003
:100DF00000000000000000000000000000000000F3
:100E000000000000000000000000000000000000E2
:100E100000000000000000000000000000000000D2
:100E200000000000000000000000000000000000C2
:100E300000000000000000000000000000000000B2
:100E400000000000000000000000000000000000A2
:100E50000000000000000000000000000000000092
:100E60000000000000000000000000000000000082
:100E70000000000000000000000000000000000072
:100E80000000000000000000000000000000000062
:100E90000000000000000000000000000000000052
:100EA0000000000000000000000000000000000042
:100EB0000000000000000000000000000000000032
:100EC0000000000000000000000000000000000022
:100ED0000000000000000000000000000000000012
:100EE0000000000000000000000000000000000002
:100EF00000000000000000000000000000000000F2
:100F000000000000000000000000000000000000E1
:100F100000000000000000000000000000000000D1
:100F200000000000000000000000000000000000C1
:100F300000000000000000000000000000000000B1
:100F400000000000000000000000000000000000A1
:100F50000000000000000000000000000000000091
:100F60000000000000000000000000000000000081
:100F70000000000000000000000000000000000071
:100F80000000000000000000000000000000000061
:100F90000000000000000000000000000000000051
:100FA0000000000000000000000000000000000041
:100FB0000000000000000000000000000000000031
:100FC0000000000000000000000000000000000021
:100FD0000000000000000000000000000000000011
:100FE0000000000000000000000000000000000001
:100FF00000000000000000000000000000000000F1
:1010000000000000000000000000000000000000E0
:1010100000000000000000000000000000000000D0
:1010200000000000000000000000000000000000C0
:1010300000000000000000000000000000000000B0
:1010400000000000000000000000000000000000A0
:101050000000000000000000000000000000000090
:101060000000000000000000000000000000000080
:101070000000000000000000000000000000000070
:101080000000000000000000000000000000000060
:101090000000000000000000000000000000000050
:1010A0000000000000000000000000000000000040
:1010B0000000000000000000000000000000000030
:1010C0000000000000000000000000000000000020
:1010D0000000000000000000000000000000000010
:1010E0000000000000000000000000000000000000
:1010F00000000000000000000000000000000000F0
:1011000000000000000000000000000000000000DF
:1011100000000000000000000000000000000000CF
:1011200000000000000000000000000000000000BF
:1011300000000000000000000000000000000000AF
:10114000000000000000000000000000000000009F
:10115000000000000000000000000000000000008F
:10116000000000000000000000000000000000007F
:10117000000000000000000000000000000000006F
:10118000000000000000000000000000000000005F
:10119000000000000000000000000000000000004F
:1011A000000000000000000000000000000000003F
:1011B000000000000000000000000000000000002F
:1011C000000000000000000000000000000000001F
:1011D000000000000000000000000000000000000F
:1011E00000000000000000000000000000000000FF
:1011F00000000000000000000000000000000000EF
:1012000000000000000000000000000000000000DE
:1012100000000000000000000000000000000000CE
:1012200000000000000000000000000000000000BE
:1012300000000000000000000000000000000000AE
:10124000000000000000000000000000000000009E
:10125000000000000000000000000000000000008E
:10126000000000000000000000000000000000007E
:10127000000000000000000000000000000000006E
:10128000000000000000000000000000000000005E
:10129000000000000000000000000000000000004E
:1012A000000000000000000000000000000000003E
:1012B000000000000000000000000000000000002E
:1012C000000000000000000000000000000000001E
:1012D000000000000000000000000000000000000E
:1012E00000000000000000000000000000000000FE
:1012F00000000000000000000000000000000000EE
:1013000000000000000000000000000000000000DD
:1013100000000000000000000000000000000000CD
:1013200000000000000000000000000000000000BD
:1013300000000000000000000000000000000000AD
:10134000000000000000000000000000000000009D
:10135000000000000000000000000000000000008D
:10136000000000000000000000000000000000007D
:10137000000000000000000000000000000000006D
:10138000000000000000000000000000000000005D
:10139000000000000000000000000000000000004D
:1013A000000000000000000000000000000000003D
:1013B000000000000000000000000000000000002D
:1013C000000000000000000000000000000000001D
:1013D000000000000000000000000000000000000D
:1013E00000000000000000000000000000000000FD
:1013F00000000000000000000000000000000000ED
:1014000000000000000000000000000000000000DC
:1014100000000000000000000000000000000000CC
:1014200000000000000000000000000000000000BC
:1014300000000000000000000000000000000000AC
:10144000000000000000000000000000000000009C
:10145000000000000000000000000000000000008C
:10146000000000000000000000000000000000007C
:10147000000000000000000000000000000000006C
:10148000000000000000000000000000000000005C
:10149000000000000000000000000000000000004C
:1014A000000000000000000000000000000000003C
:1014B000000000000000000000000000000000002C
:1014C000000000000000000000000000000000001C
:1014D000000000000000000000000000000000000C
:1014E00000000000000000000000000000000000FC
:1014F00000000000000000000000000000000000EC
:1015000000000000000000000000000000000000DB
:1015100000000000000000000000000000000000CB
:1015200000000000000000000000000000000000BB
:1015300000000000000000000000000000000000AB
:10154000000000000000000000000000000000009B
:10155000000000000000000000000000000000008B
:10156000000000000000000000000000000000007B
:10157000000000000000000000000000000000006B
:10158000000000000000000000000000000000005B
:10159000000000000000000000000000000000004B
:1015A000000000000000000000000000000000003B
:1015B000000000000000000000000000000000002B
:1015C000000000000000000000000000000000001B
:1015D000000000000000000000000000000000000B
:1015E00000000000000000000000000000000000FB
:1015F00000000000000000000000000000000000EB
:1016000000000000000000000000000000000000DA
:1016100000000000000000000000000000000000CA
:1016200000000000000000000000000000000000BA
:1016300000000000000000000000000000000000AA
:10164000000000000000000000000000000000009A
:10165000000000000000000000000000000000008A
:10166000000000000000000000000000000000007A
:10167000000000000000000000000000000000006A
:10168000000000000000000000000000000000005A
:10169000000000000000000000000000000000004A
:1016A000000000000000000000000000000000003A
:1016B000000000000000000000000000000000002A
:1016C000000000000000000000000000000000001A
:1016D000000000000000000000000000000000000A
:1016E00000000000000000000000000000000000FA
:1016F00000000000000000000000000000000000EA
:1017000000000000000000000000000000000000D9
:1017100000000000000000000000000000000000C9
:1017200000000000000000000000000000000000B9
:1017300000000000000000000000000000000000A9
:101740000000000000000000000000000000000099
:101750000000000000000000000000000000000089
:101760000000000000000000000000000000000079
:101770000000000000000000000000000000000069
:101780000000000000000000000000000000000059
:101790000000000000000000000000000000000049
:1017A0000000000000000000000000000000000039
:1017B0000000000000000000000000000000000029
:1017C0000000000000000000000000000000000019
:1017D0000000000000000000000000000000000009
:1017E00000000000000000000000000000000000F9
:1017F00000000000000000000000000000000000E9
:1018000000000000000000000000000000000000D8
:1018100000000000000000000000000000000000C8
:1018200000000000000000000000000000000000B8
:1018300000000000000000000000000000000000A8
:101840000000000000000000000000000000000098
:101850000000000000000000000000000000000088
:101860000000000000000000000000000000000078
:101870000000000000000000000000000000000068
:101880000000000000000000000000000000000058
:101890000000000000000000000000000000000048
:1018A0000000000000000000000000000000000038
:1018B0000000000000000000000000000000000028
:1018C0000000000000000000000000000000000018
:1018D0000000000000000000000000000000000008
:1018E00000000000000000000000000000000000F8
:1018F00000000000000000000000000000000000E8
:1019000000000000000000000000000000000000D7
:1019100000000000000000000000000000000000C7
:1019200000000000000000000000000000000000B7
:1019300000000000000000000000000000000000A7
:101940000000000000000000000000000000000097
:101950000000000000000000000000000000000087
:101960000000000000000000000000000000000077
:101970000000000000000000000000000000000067
:101980000000000000000000000000000000000057
:101990000000000000000000000000000000000047
:1019A0000000000000000000000000000000000037
:1019B0000000000000000000000000000000000027
:1019C0000000000000000000000000000000000017
:1019D0000000000000000000000000000000000007
:1019E00000000000000000000000000000000000F7
:1019F00000000000000000000000000000000000E7
:101A000000000000000000000000000000000000D6
:101A100000000000000000000000000000000000C6
:101A200000000000000000000000000000000000B6
:101A300000000000000000000000000000000000A6
:101A40000000000000000000000000000000000096
:101A50000000000000000000000000000000000086
:101A60000000000000000000000000000000000076
:101A70000000000000000000000000000000000066
:101A80000000000000000000000000000000000056
:101A90000000000000000000000000000000000046
:101AA0000000000000000000000000000000000036
:101AB0000000000000000000000000000000000026
:101AC0000000000000000000000000000000000016
:101AD0000000000000000000000000000000000006
:101AE00000000000000000000000000000000000F6
:101AF00000000000000000000000000000000000E6
:101B000000000000000000000000000000000000D5
:101B100000000000000000000000000000000000C5
:101B200000000000000000000000000000000000B5
:101B300000000000000000000000000000000000A5
:101B40000000000000000000000000000000000095
:101B50000000000000000000000000000000000085
:101B60000000000000000000000000000000000075
:101B70000000000000000000000000000000000065
:101B80000000000000000000000000000000000055
:101B90000000000000000000000000000000000045
:101BA0000000000000000000000000000000000035
:101BB0000000000000000000000000000000000025
:101BC0000000000000000000000000000000000015
:101BD0000000000000000000000000000000000005
:101BE00000000000000000000000000000000000F5
:101BF00000000000000000000000000000000000E5
:101C000000000000000000000000000000000000D4
:101C100000000000000000000000000000000000C4
:101C200000000000000000000000000000000000B4
:101C300000000000000000000000000000000000A4
:101C40000000000000000000000000000000000094
:101C50000000000000000000000000000000000084
:101C60000000000000000000000000000000000074
:101C70000000000000000000000000000000000064
:101C80000000000000000000000000000000000054
:101C90000000000000000000000000000000000044
:101CA0000000000000000000000000000000000034
:101CB0000000000000000000000000000000000024
:101CC0000000000000000000000000000000000014
:101CD0000000000000000000000000000000000004
:101CE00000000000000000000000000000000000F4
:101CF00000000000000000000000000000000000E4
:101D000000000000000000000000000000000000D3
:101D100000000000000000000000000000000000C3
:101D200000000000000000000000000000000000B3
:101D300000000000000000000000000000000000A3
:101D40000000000000000000000000000000000093
:101D50000000000000000000000000000000000083
:101D60000000000000000000000000000000000073
:101D70000000000000000000000000000000000063
:101D80000000000000000000000000000000000053
:101D90000000000000000000000000000000000043
:101DA0000000000000000000000000000000000033
:101DB0000000000000000000000000000000000023
:101DC0000000000000000000000000000000000013
:101DD0000000000000000000000000000000000003
:101DE00000000000000000000000000000000000F3
:101DF00000000000000000000000000000000000E3
:101E000000000000000000000000000000000000D2
:101E100000000000000000000000000000000000C2
:101E200000000000000000000000000000000000B2
:101E300000000000000000000000000000000000A2
:101E40000000000000000000000000000000000092
:101E50000000000000000000000000000000000082
:101E60000000000000000000000000000000000072
:101E70000000000000000000000000000000000062
:101E80000000000000000000000000000000000052
:101E90000000000000000000000000000000000042
:101EA0000000000000000000000000000000000032
:101EB0000000000000000000000000000000000022
:101EC0000000000000000000000000000000000012
:101ED0000000000000000000000000000000000002
:101EE00000000000000000000000000000000000F2
:101EF00000000000000000000000000000000000E2
:101F000000000000000000000000000000000000D1
:101F100000000000000000000000000000000000C1
:101F200000000000000000000000000000000000B1
:101F300000000000000000000000000000000000A1
:101F40000000000000000000000000000000000091
:101F50000000000000000000000000000000000081
:101F60000000000000000000000000000000000071
:101F70000000000000000000000000000000000061
:101F80000000000000000000000000000000000051
:101F90000000000000000000000000000000000041
:101FA0000000000000000000000000000000000031
:101FB0000000000000000000000000000000000021
:101FC0000000000000000000000000000000000011
:101FD0000000000000000000000000000000000001
:101FE00000000000000000000000000000000000F1
:101FF00000000000000000000000000000000000E1
:1020000036C920324006000A0E0A000103010810FA
:1020100032004006F6090000000C0100000000003C
:1020200000135C59040600000000000000080109CC
:102030000001323340060000281919000006300064
:1020400000063000000630000006300000063000B8
:1020500000063000000630000006300080FF3F0020
:1020600000063000000630000006300080FF3F0010
:1020700000063000000630000006300000000000BE
:10208000000101000000000000000000000000004E
:10209000000000000000000000000101010101003B
:1020A0000001010000000101010100010000000029
:1020B00001000001020000000B0000000107010305
:1020C000020314000A0A4000000078003C000000EF
:1020D0000000000000000000000000000000000000
:1020E0000000000000000000C800C8009600C80002
:1020F00007078000800005050000000000000000C8
:1021000006010000000017003900910010001400C3
:10211000F9FFC4FFFF7FFF7FFF7FFF7FFA002C01E5
:102120003200C8000A04B4B43232230500000000B3
:1021300000070D0000320D00000000203232323264
:1021400032323232323232323232323232320000D3
:10215000000000000000000000000000000000007F
:102160000A05000A000000001418001210120000F6
:10217000000000000000000000000000000000005F
:10218000000000000F233246500000006A645046F1
:102190003C3C3C3C08000000000000000F2332469D
:1021A000500000006A6450463C3C3C3C0F141E2822
:1021B000000000000A0A0A0A0A0A0A0A0C192D413C
:1021C0005000000046554B4646464646000000007B
:1021D0000A0314005F00F1FF14000F000A00BC02A4
:1021E00000000000F8FF00007800320064002800C2
:1021F0000F000F001C023D011C02740400003F068A
:102200000000FF09F40100003F060000FF0932143E
:10221000021E1E32020096003C003C007700C805FA
:10222000770088090000000040063000200001000F
:10223000220000003A00520070008F00AF00CF0073
:10224000EF000F012E014F016E018E01AD01CE0195
:10225000EC010F022D024D026D028D02AC02CC0288
:10226000EB020B032B034A036A038903AA03C90386
:10227000E703FF0337040000000000000000000037
:10228000000000000000000000000000000000004E
:10229000000000000000000000000000000000003E
:1022A000000000000000000000000000000000002E
:1022B000000000000000000000000000000000001E
:1022C000000000000000000000000000000000000E
:1022D00000000000000000000000000000000000FE
:1022E00000000000000000000000000000000000EE
:1022F00000000000000000000000F6093000460069
:102300000100480000003C00430066008500A90071
:10231000C800E90009012A0149016B018901AB01EB
:10232000C901EB0109022B024A026C028A02AC02CB
:10233000CA02EC020B032D034B036D038B03AE03A8
:10234000CB03EE030C042F044C046F048B04AF0486
:10235000CC04EF040D0530054D0570058D05B00565
:10236000CD05F1050D0630064E0672068E06B10645
:10237000CE06F2060F073207500773079007B30720
:10238000D107F40711083408520875089108B108FC
:10239000C608E70800000000000000000000000080
:1023A000000000000000000000000000000000002D
:1023B000000000000000000000000000000000001D
:1023C000000000000000000000000000000000000D
:1023D0000201200019450000F16C000084D90600BC
:1023E00029B1010010270000C4090000010101010A
:1023F000010102020202014B0F00A00000000000D8
:10240000010101010101010202020200194500005F
:1024100002000000A46B00000000000014140A0A6F
:102420001400000000000000141414140101010144
:10243000010040003200E8030F0008000500900092
:1024400000001E502800B4005000040000000000EE
:10245000B4005000FA00A000000000014F0100008D
:102460000000000068010D0D0A094B004B006400DC
:102470000A003200C800640064000F02E8E8F800B7
:10248000F8000200190000006A00750081008E004B
:102490009D00AC00BD00CF00E200F7000D01260159
:1024A00040015C0179019901BC01E00106023002A2
:1024B0005B028902BA02EE0224035D039A03D90388
:1024C0001B046004A904F40443059505E9054106CD
:1024D0009C06FA065B07BE0724088D08F808650904
:1024E000D409450AB80A2D0BA20B190C900C080D43
:1024F000800DF80D6F0EE60E5C0FD00F4210B3107A
:1025000021118C11F4115912BA1217137013C4133C
:1025100013145D14A114E01418154B1577159C15B0
:10252000BB15D415E515EF15F31536003D00440035
:102530004C00560060006B00770085009300A400FB
:10254000B500C900DE00F5000E0129014601650154
:102550008701AC01D401FE012B025B028F02C6028F
:1025600001033F038003C6030F045D04AE040305AB
:102570005D05BA051B068106EA065707C9073D082F
:10258000B6083109B009320AB70A3E0BC70B520C24
:10259000DF0C6D0DFC0D8B0E1A0FA80F3610C3103B
:1025A0004D11D6115B12DE125C13D7134D14BD14FE
:1025B00028158D15EC1544169516DE161F1758179D
:1025C0008917B117D117E717F517FA174E005600FC
:1025D00060006B00760083009100A000B100C20093
:1025E000D600EB0002011A01350152017001910180
:1025F000B501DB0103022E025C028D02C102F8026A
:1026000032036F03B003F4033B048604D4042605AD
:102610007C05D50532069206F5065C07C607330829
:10262000A30816098C09040A7E0AFA0A790BF80B2A
:10263000790CFB0C7E0D010E830E060F870F071021
:10264000861003117D11F5116912DA124713AF13C9
:1026500013147214CB141E156B15B215F2152C162B
:102660005E168916AC16C716DB16E716EB166A005F
:10267000750081008E009D00AC00BD00CF00E2001F
:10268000F7000D01260140015C0179019901BC01AF
:10269000E001060230025B028902BA02EE02240364
:1026A0005D039A03D9031B046004A904F4044305E1
:1026B0009505E90541069C06FA065B07BE07240856
:1026C0008D08F8086509D409450AB80A2D0BA20B34
:1026D000190C900C080D800DF80D6F0EE60E5C0FB6
:1026E000D00F4210B31021118C11F4115912BA12EB
:1026F00017137013C41313145D14A114E0141815E8
:102700004B1577159C15BB15D415E515EF15F3156D
:102710005500550045004200000000000000000088
:1027200000000000000000000000000000000000A9
:102730000000000000000000000000000000000099
:102740000000000000000000000000000000000089
:102750000000000000000000000000000000000079
:102760000000000000000000000000000000000069
:102770000000000000000000000000000000000059
:102780000000000000000000000000000000000049
:102790000000000000000000000000000000000039
:1027A0000000000000000000000000000000000029
:1027B0000000000000000000000000000000000019
:1027C0000000000000000000000000000000000009
:1027D00000000000000000000000000000000000F9
:1027E00000000000000000000000000000000000E9
:1027F00000000000000000000000000000000000D9
:1028000000000000000000000000000000000000C8
:1028100000000000000000000000000000000000B8
:1028200000000000000000000000000000000000A8
:102830000000000000000000000000000000000098
:102840000000000000000000000000000000000088
:102850000000000000000000000000000000000078
:10286000000000000000000000000000A000D200F6
:1028700004013C0005000000000000000000000012
:102880000000000000000000000000000000000048
:102890000000000000000000000000000000000038
:1028A0000000000000000000000000000000000028
:1028B0000000000000000000000000000000000018
:1028C0000000000000000000000000000000000008
:1028D00000000000000000000000000000000000F8
:1028E00000000000000000000000000000000000E8
:1028F00000000000000000000000000000000000D8
:1029000000000000000000000000000000000000C7
:1029100000000000000000000000000000000000B7
:1029200000000000000000000000000000000000A7
:102930000000000000000000000000000000000097
:102940000000000000000000000000000000000087
:102950000000000000000000000000000000000077
:102960000000000000000000000000000000000067
:102970000000000000000000000000000000000057
:102980000000000000000000000000000000000047
:102990000000000000000000000000000000000037
:1029A0000000000000000000000000000000000027
:1029B0000000000000000000000000000000000017
:1029C0000000000000000000000000000000000007
:1029D00000000000000000000000000000000000F7
:1029E00000000000000000000000000000000000E7
:1029F00000000000000000000000000000000000D7
:102A000019010100000000000000000032021092D5
:102A10000B035C5900000000B0568EEE442300000A
:102A200099020000BC020000DF0200000203000067
:102A300025030000480300006B0300008E03000024
:102A4000B1030000D4030000F70300001A040000E3
:102A50003D0400006004000083040000A6040000A0
:102A6000C904000020030000D4B804020351180078
:102A700007B28C2363200C0485011C0800000000B1
:102A800000000000190000005B555555555555557F
:102A90005555555505000000080A000010000A00B1
:102AA000000000010000000002E00000EC045406F9
:102AB00084067E07410AA2076A099109B1097E17B7
:102AC00007B8C30700800000208300000080328028
:102AD000648096802DB4040F110C0F0F90000F131B
:102AE000A5BA830A18C80F0015101510104310431B
:102AF0002003000014A3040C42330E0EC4338E23B3
:102B00004D011911E3210113230200000000000010
:102B10001B0000005B555555555555555555555598
:102B200055050000B8090B0BB0B000B0B0B0001BE9
:102B30000B00000080701002EC04540684067E072F
:102B4000410AA2076A099109B1097E1707B8C307AC
:102B50000080000020830000008032806480968026
:102B60002DB4040F110C0F0F90000F13A5BA830A98
:102B700018C80F0015101510104310432003000053
:102B8000090000000000000000000000000000003C
:102B90000000000000000000000000000100000034
:102BA0000300000000000000000000000000000022
:102BB0000200000000000000000000000000000013
:102BC00000000000EC04540684067E07410AA207B8
:102BD0006A099109B1097E1707B8C3070080000090
:102BE0002083000000803280648096802DB4040F22
:102BF000110C0F0F90000F13A5BA830A18C80F000D
:102C0000151015101043104320030000D4B804021F
:102C10000351180007B28C2363200C0485011C08A3
:102C20000000000000000000190000005B55555531
:102C3000555555555555555555000000086A666659
:102C400036666A66666666636600000002E000003B
:102C5000EC04540684067E07410AA2076A0991091A
:102C6000B1097E1707B8C307008000002083000069
:102C700000803280648096802DB4040F110C0F0FF9
:102C800090000F13A5BA830A18C80F00151015106D
:102C9000104310432003000014A3040C42330E0E13
:102CA000C4338E234D011911E321011323020000C7
:102CB000000000001B0000005B555555555555554B
:102CC0005555555555050000B8696B6BB6B666B6D7
:102CD000B6B6663B6B06000080701002EC0454062A
:102CE00084067E07410AA2076A099109B1097E1785
:102CF00007B8C307008000002083000000803280F6
:102D0000648096802DB4040F110C0F0F90000F13E8
:102D1000A5BA830A18C80F001510151010431043E8
:102D200020030000D4B854161796010000000000DC
:102D30000000000000000000000000000000000093
:102D4000080000005B555555000000000000000021
:102D500000000000081A111100000000000000002F
:102D60000000000002000000EC04540684067E0708
:102D7000410AA2076A099109B1097E1707B8C3077A
:102D800000800000208300000080328064809680F4
:102D90002DB4040F110C0F0F90000F13A5BA830A66
:102DA00018C80F0015101510104310432003000021
:102DB000D4B854161796010000000000000000006F
:102DC00000000000000000000000000008000000FB
:102DD0005B55555500000000000000000000000099
:102DE000083A33330000000000000000000000003B
:102DF00002000000EC04540684067E07410AA20784
:102E00006A099109B1097E1707B8C307008000005D
:102E10002083000000803280648096802DB4040FEF
:102E2000110C0F0F90000F13A5BA830A18C80F00DA
:102E300015101510104310432003000014A3540C68
:102E4000567339184F068D118D344E000000000066
:102E50000000000000000000130000005B55555505
:102E6000555555555505000000000000B8191B1BAD
:102E70001B1B0BBB0B0B000000000000002002001E
:102E8000EC04540684067E07410AA2076A099109E8
:102E9000B1097E1707B8C307008000002083000037
:102EA00000803280648096802DB4040F110C0F0FC7
:102EB00090000F13A5BA830A18C80F00151015103B
:102EC000104310432003000014A3540C5673391808
:102ED0004F068D118D344E000000000000000000F0
:102EE00000000000130000005B5555555555555521
:102EF0005505000000000000B8393B3B3B3B0BBBD5
:102F00000B0B00000000000000200200EC0454063F
:102F100084067E07410AA2076A099109B1097E1752
:102F200007B8C307008000002083000000803280C3
:102F3000648096802DB4040F110C0F0F90000F13B6
:102F4000A5BA830A18C80F001510151010431043B6
:102F500020030000D4A8051B023774045E311A2335
:102F6000C7088C08000000000000000000000000FE
:102F7000140000005B5555555555555555550000E5
:102F800000000000080909090909000010000000FC
:102F90000000000002500500EC04540684067E0781
:102FA000410AA2076A099109B1097E1707B8C30748
:102FB00000800000208300000080328064809680C2
:102FC0002DB4040F110C0F0F90000F13A5BA830A34
:102FD00018C80F00151015101043104320030000EF
:102FE000D4A8051B023774045E311A23C7088C0865
:102FF00000000000000000000000000014000000BD
:103000005B55555555555555555500000000000068
:10301000086969696969606030600000000000004B
:1030200002500500EC04540684067E07410AA207FC
:103030006A099109B1097E1707B8C307008000002B
:103040002083000000803280648096802DB4040FBD
:10305000110C0F0F90000F13A5BA830A18C80F00A8
:10306000151015101043104320030000D4A8551B61
:10307000167775185E0600000000000000000000D2
:1030800000000000000000000C0000005B555555DA
:103090005555000000000000000000000819191933
:1030A00019190000000000000000000002000000EC
:1030B000EC04540684067E07410AA2076A099109B6
:1030C000B1097E1707B8C307008000002083000005
:1030D00000803280648096802DB4040F110C0F0F95
:1030E00090000F13A5BA830A18C80F001510151009
:1030F0001043104320030000D4A8551B1677751801
:103100005E0600000000000000000000000000005B
:10311000000000000C0000005B555555555500009F
:10312000000000000000000008393939393900007A
:10313000000000000000000002000000EC04540643
:1031400084067E07410AA2076A099109B1097E1720
:1031500007B8C30700800000208300000080328091
:10316000648096802DB4040F110C0F0F90000F1384
:10317000A5BA830A18C80F00151015101043104384
:1031800020030000E3180803446100070800000062
:10319000000000000000000000000000000000002F
:1031A0000B00000055555555550500000000000066
:1031B000000000000000000001000000000000000E
:1031C0000000000003000000EC04540684067E07A3
:1031D000410AA2076A099109B1097E1707B8C30716
:1031E0000080000020830000008032806480968090
:1031F0002DB4040F110C0F0F90000F13A5BA830A02
:1032000018C80F00151015101043104320030000BC
:10321000D4B8000000000000000000000000000022
:10322000000000000000000000000000030000009B
:103230005B0500000000000000000000000000002E
:10324000080A00000000000000000000000000006C
:1032500002000000EC04540684067E07410AA2071F
:103260006A099109B1097E1707B8C30700800000F9
:103270002083000000803280648096802DB4040F8B
:10328000110C0F0F90000F13A5BA830A18C80F0076
:10329000151015101043104320030000090500000D
:1032A00000000000C002000000000000000000005C
:1032B0000000000000000000020000006466666676
:1032C00066660000000000000000000082000000B0
:1032D00000A000000000000000000000FC0700004B
:1032E000EC04540684067E07410AA2076A09910984
:1032F000B1097E1707B8C3070080000020830000D3
:1033000000803280648096802DB4040F110C0F0F62
:1033100090000F13A5BA830A18C80F0015101510D6
:103320001043104320030000813010050670200078
:10333000000000000000000000000000000000008D
:10334000000000000900000055555555050000001B
:10335000000000000000000000000001000000006C
:10336000000000000000000000000000EC04540613
:1033700084067E07410AA2076A099109B1097E17EE
:1033800007B8C3070080000020830000008032805F
:10339000648096802DB4040F110C0F0F90000F1352
:1033A000A5BA830A18C80F00151015101043104352
:1033B0000000000000000001000003000000FC000D
:1033C000000000000D000D0040065906000000003E
:1033D0000155B400020000000000000001010302DA
:1033E000000001000000FC00000000000D000D00C6
:1033F00000000F000000000004B0B3000000001047
:103400000000000002020302000001000000FC00B6
:10341000000000000D000D0001000E000000000083
:1034200004C4B30000000010000000000303030206
:10343000000001000000FC00000000000D000D0075
:1034400002000D000000000004D8B30000000010CE
:103450000000000004040302000001000000FC0062
:10346000000000000D000D0003000C000000000033
:1034700004ECB3000000001000000000050503028A
:10348000000001000000FC00000000000D000D0025
:1034900004000B00000000000400B4000000001055
:1034A0000000000006060302000001000000FC000E
:1034B000000000000D000D0005000A0000000000E3
:1034C0000414B4000000001000000000070703020D
:1034D000000001000000FC00000000000D000D00D5
:1034E00006000900000000000428B40000000010DD
:1034F0000000000008080302000005000000FC00B6
:10350000000000000D000D00070008000000000092
:10351000043CB4000000001000000000090000019D
:10352000000007000000FC00000000000D000D007E
:10353000A00FB90F000000000150B400000000000F
:103540000000000000000001000003000000FC007B
:10355000000000000D000D00C116A81600000000BC
:1035600001A0B400060000000000000000001717D2
:10357000000003000000FC00000000000D000D0032
:103580003818391800000000019BB4000400000046
:103590000000000000001616010003000000FD00FE
:1035A000000000000D000D00681070100000FA25EA
:1035B0000473B400040000000000000000001717AE
:1035C000020003000000FC00000000000D000D00E0
:1035D000F811F9110000FA250487B4000400000076
:1035E0000000000000001616030003000000FD00AC
:1035F000000000000D000D00681070100000FA259A
:103600000473B4000400000000000000000017175D
:10361000040003000000FC00000000000D000D008D
:10362000F811F9110000FA250487B4000400000025
:103630000000000000001616050003000000FD0059
:10364000000000000D000D00681070100000FA2549
:103650000473B4000400000000000000000017170D
:10366000060003000000FC00000000000D000D003B
:10367000F811F9110000FA250487B40004000000D5
:103680000000000000001616070003000000FD0007
:10369000000000000D000D00681070100000FA25F9
:1036A0000473B400040000000000000000001717BD
:1036B000080003000000FC00000000000D000D00E9
:1036C000F811F9110000FA250487B4000400000085
:1036D00000000000000A1414002802000000FC0092
:1036E00000000000050005000000000000000000D0
:1036F000010097030000000000000000000001002E
:10370000002802000000FC00000000000D000D0079
:103710000000190000000000015AB400020000007F
:103720000000000000000100002802000000FC0072
:10373000000000000D000D009001A9010000000034
:10374000015FB40002000000000000000000010062
:10375000002802000000FC00000000000D000D0029
:1037600020033903000000000164B40002000000DF
:103770000000000000000100002802000000FC0022
:10378000000000000D000D00B004C904000000009E
:103790000169B40002000000000000000000010008
:1037A000002802000000FC00000000000D000D00D9
:1037B0004006590600000000016EB400020000003F
:1037C0000000000000000100002802000000FC00D2
:1037D000000000000D000D006810811000000000C6
:1037E00001A5B40006000000000000000000010078
:1037F000002802000000FC00000000000D000D0089
:10380000F81111120000000001AAB4000600000027
:103810000000000000000100002802000000FC0081
:10382000000000000D000D008813A113000000002F
:1038300001AFB4000600000000000000000001001D
:10384000002802000000FC00000000000D000D0038
:10385000181531150000000001B4B4000600000086
:103860000000000000000100002802000000FC0031
:10387000000000000D000D00A816C1160000000099
:1038800001B9B400060000000000000000000100C3
:10389000002802000000FC000000000009000900F0
:1038A0000000000000000000010097030600000077
:1038B00000000000000B1414002802000000FC00AF
:1038C000000000000C000C000000000000000000E0
:1038D000010097030000000000000000000B14141A
:1038E000002802000000FC003F0000000C000C005B
:1038F000000000000000000001009703000000002D
:1039000000000000000B1515002802000000CC008C
:10391000000000000C000C0000000000000000008F
:1039200001009703000000000000000000000100FB
:10393000002802000000FC00000000000D000D0047
:1039400000000000000000000100970306000000D6
:103950004F00000001F4040068931B0060000000A9
:103960000C000000010004001428000060000000AA
:10397000300000002D008400142800001C0000000E
:10398000730000002DF4840068931B001C000000ED
:10399000700000002DF4840068931B001C000000E0
:1039A0007300000023F4840068931B001C000000D7
:1039B000600000002DF4840068931B001C000000D0
:1039C0004F00000001F4040068931B00E0000100B8
:1039D0000C0000000100040014280000E0000100B9
:1039E000300000002D008400142800001C0000009E
:1039F000700000002DF4840068931B001C00000080
:103A0000730000002D58840016161B001C000000D7
:103A1000010128010101010101010101010101016F
:103A20000101010101010101010101010101010186
:103A30000101010101010101010101010101010176
:103A40000101010101010101010101010101010166
:103A50000101010101010101010101010101010156
:103A60000101010101010101010101010101010146
:103A70000101010133323C333533353534333534CC
:103A800033333335353434343434323433343433FB
:103A900033333433353333343334333334343434ED
:103AA00033343335353234343233323232333233E5
:103AB00032323232323132323233323232323232E6
:103AC00033323132313133323232333233313332D5
:103AD000323332342F2F303033323C3335333535B7
:103AE0003433353433333335353434343434333498
:103AF000333434333333343335333334333433338F
:103B0000343434343334333535323434323333327D
:103B10003233323332323232323232323233323282
:103B20003232323233323132313133323232333275
:103B300033313332323332342F2E302F333233336A
:103B40003333333434333534333333353534343439
:103B5000343433343334343333333433353333342C
:103B6000333433333334343433343335353234331C
:103B70003233323232333233323232323231323223
:103B80003133323232323232323231323131333217
:103B90003232333232313232323232332F2E302F10
:103BA00033323333333333343433353433333335DF
:103BB00035343434343433343334343333333433CA
:103BC00035333334333433333334343433343335BB
:103BD00035323433323333323233323332323232BB
:103BE00032323232323332323232323232323132B5
:103BF00031323332323233323331333232323233A2
:103C00002F2E302F32323333333333343433353491
:103C10003333333535343434343433343333343369
:103C2000333334333533333433343333333434345C
:103C30003334333534323433323332323233323355
:103C40003232313232313232313232323232323257
:103C50003232313131313332323232323331323247
:103C6000323232332F2E302F323233333333333438
:103C70003433353433333335353434343434333406
:103C800033333433333334333533333433343333FE
:103C900033343434333433353532343332333232EF
:103CA00032333233323231323231323232333232F3
:103CB00032323232323231323131333232323232E6
:103CC00033313232323232332F2E302F32323333DD
:103CD00033333334343335343333333535343434A8
:103CE000343433343334343333333433343333349C
:103CF000333433333334343433343335343234338C
:103D00003233323232323233323231323231323293
:103D10003132323232323232323231323131333286
:103D20003132323232313232313232332F2E302F81
:103D3000333233333333333434333534333333354D
:103D40003534343434343334333434333333343338
:103D5000343333343334333333343434333433352A
:103D6000343234333233323232323233323231322D
:103D70003231323231323232323232323232313226
:103D80003131333231323232323132323232323315
:103D90002F2E302F4B4D5351514F4F514F4F534FAB
:103DA000534F4F51534F4E4D53514D4F4F4F534F14
:103DB0004F4F4F4F514D4F51514F4F4F534F4F4F0B
:103DC00051534F53554F51514F4F4F4D4F514D4FF1
:103DD0004F4D4D4D4D4D4F4D4F4F4F4F4F4F4D4F01
:103DE000514D4D4D4D4F4D4D4F4B4F4D51494D4FF9
:103DF0004F4F4B4F4B494B4B9224922492009200D1
:103E000000000000B66DB66DB600B6000000000000
:103E1000B66DB66D9601960100000000B66DB66DE8
:103E2000B201B20100000000B62DB62DB601B601F8
:103E300000000000B665B665B601B60100000000DE
:103E4000B66CB66CB601B60100000000966D966DBA
:103E5000B601B60100000000B26DB26DB601B60148
:103E600000000000FF7FFF7FFF01FF010000000056
:103E7000B66DB66DB601B601000000009224922422
:103E800092009200000000000110000000000000FD
:103E900000000000FFFF3DDB38D4FC020200AA0056
:103EA0006C768A940001060000000000DB0600002A
:103EB000040C000060056E40415639030100009A71
:103EC000EC045661000000000000000010C40C501B
:103ED0000390BBBB80442278641164118A3989390C
:103EE00085E00FE06612641201100000000000007F
:103EF00000000000FFFF3DDB38D4FC020200AA00F6
:103F00006C768A940001060000000000DB060000C9
:103F1000040C000060056E40415639030100009A10
:103F2000EC045661000000000000000010C40C10FA
:103F3000E39EBBBB80552278641164118A398939AC
:103F400085E00FE06612641201040000000000002A
:103F50000000000000000000000000020200AA00B3
:103F60006C768A940001060000000000DB06000069
:103F7000040C000020066E40418639030100009ABF
:103F8000AC058661000000000000000010C40C5069
:103F90000390ABAA80442278641164118A3989396C
:103FA00085E00FE066126412C904020001020304F6
:103FB000EAF7FAFD3001A880CF0304021E000003D7
:103FC0006C768A940001060000000000DB06000009
:103FD000014600002B1A0040006B39034100029A91
:103FE00000006B616478792BCF8A00801C54119893
:103FF0000080BBBB00572278641164118A3989396B
:1040000085F00FF066126412C9040200010101017B
:10401000EAF7FAFD3001A880CF0304020200000095
:104020006C768A940001060000000000DB060000A8
:10403000014600002B1A0040006B39034100029A30
:1040400000006B61BB7DFC17FFFF00801C541198C2
:104050000380BBBB80462278641164118A39893998
:1040600085F00FF066126412C90402000202020217
:10407000EAF7FAFD3001A880CF0304020200000035
:104080006C768A940001060000000000DB06000048
:10409000014600002B1A0040006B39034100029AD0
:1040A00000006B610F7E3416FFFF00801C541198D6
:1040B0000380BBBB80462278641164118A39893938
:1040C00085F00FF066126412C904020003030303B3
:1040D000EAF7FAFD3001A880CF03040202000000D5
:1040E0006C768A940001060000000000DB060000E8
:1040F000014600002B1A0040006B39034100029A70
:1041000000006B61B17E3C12FFFF00801C541198CF
:104110000380BBBB80462278641164118A398939D7
:1041200085F00FF066126412C9040200040404044E
:10413000EAF7FAFD3001A880CF0304020200000074
:104140006C768A940001060000000000DB06000087
:10415000014600002B1A0040006B39034100029A0F
:1041600000006B611C7F0B0FFFFF00801C54119837
:104170000380BBBB80462278641164118A39893977
:1041800085F00FF0661264120104000400000000C4
:10419000CCF57AFDED20BF8FCF03040202060000AC
:1041A0006C768A940001060000000000DB06000027
:1041B00001060000093C0040006B39034100029AEF
:1041C00000006B616478792BCF8A00801CC41018C2
:1041D0000380ABAA00C6227864116411803980394B
:1041E0000F000F00550D550DC904020006070A0BFC
:1041F000EAF7FAFD3001A880CF0304021E0600038F
:104200006C768A940001060000000000DB060000C6
:10421000014600002B1A0040006B39034100029A4E
:1042200000006B616478792BCF8A00801C54119850
:104230000080BBBB00572218641164118A39893988
:1042400085F00FF066126412C90402000606060625
:10425000EAF7FAFD3001A880CF030402020600004D
:104260006C768A940001060000000000DB06000066
:10427000014600002B1A0040006B39034100029AEE
:1042800000006B616478792BCF8A00801C541198F0
:104290000080BBBB00572218641164118A39893928
:1042A00085F00FF066126412C904020006060A0ABD
:1042B00073EDFAFD5985A880CF0304020A060100B8
:1042C0006C768A940043060100000000DB060000C3
:1042D000014600002B1A0040006B39034100029A8E
:1042E00000006B619367CBB40000008012541198FA
:1042F0000080BBBB00562218641164118A398939C9
:1043000085F00FF066126412C904020007070B0B58
:10431000EAF7FAFD3001A880CF0304020A06010083
:104320006C768A940043060100000000DB06000062
:10433000014600002B1A0040006B39034100029A2D
:1043400000006B6155737BC8000000801254119807
:104350000080BBBB00562218641164118A39893968
:1043600085F00FF066126412C904020009090C0CF2
:10437000EAF7FAFD3001A880CF0304020A06010023
:104380006C768A940043060100000000DB06000002
:10439000014600002B1A0040006B39034100029ACD
:1043A00000006B61D9770ED3000000801254119881
:1043B0000080BBBB00562218641164118A39893908
:1043C00085F00FF066126412C90402000A0A06069C
:1043D000EAF7FAFD3001A880CF0304020A060100C3
:1043E0006C768A940043060100000000DB060000A2
:1043F000014600002B1A0040006B39034100029A6D
:1044000000006B61BD7977D80000008012541198CC
:104410000080BBBB00562218641164118A398939A7
:1044200085F00FF066126412C90402000B0B070737
:10443000EAF7FAFD3001A880CF0304020A06010062
:104440006C768A940043060100000000DB06000041
:10445000014600002B1A0040006B39034100029A0C
:1044600000006B61757B34DE0000008012541198EF
:104470000080BBBB00562218641164118A39893947
:1044800085F00FF066126412C90402000A0A0606DB
:10449000EAF7FAFD3001A880CF0304020A06010002
:1044A0006C768A940043060100000000DB060000E1
:1044B000014600002B1A0040006B39034100029AAC
:1044C00000006B61CB7C87E30000008012541198E0
:1044D0000080BBBB00562218641164118A398939E7
:1044E00085F00FF066126412C90402000B0B070777
:1044F000EAF7FAFD3001A880CF0304020A060100A2
:104500006C768A940043060100000000DB06000080
:10451000014600002B1A0040006B39034100029A4B
:1045200000006B61F27D29E90000008012541198AF
:104530000080BBBB00562218641164118A39893986
:1045400085F00FF066126412C90402000C0C090910
:10455000EAF7FAFD3001A880CF0304020A06010041
:104560006C768A940043060100000000DB06000020
:10457000014600002B1A0040006B39034100029AEB
:1045800000006B61D57EC2EE0000008012541198CD
:104590000080BBBB00562218641164118A39893926
:1045A00085F00FF0661264120000000000000000A9
:1045B00000101000000056CE00009910100E0006EA
:1045C0000000FDF900006FA1100E00050000464F2D
:1045D000000029A6100F00040000AD8700007DD95F
:1045E000100F00030000C15A00009C9A0004103014
:1045F0000000BCA00000903800091033000083D0F8
:104600000000D635000B10350000C9C200001A5951
:10461000000C103600008CA100002C9F000D1037FC
:1046200000009851000044DC000E10380000BEEA83
:104630000000A536000E103A000026620000DD9949
:10464000000F103B000000007A0000008600000010
:1046500060000000B8000000E0000000FC00000066
:10466000140100001C010000000000000000000018
:10467000000000000000000000000000000000003A
:10468000000000000000000000000000000000002A
:10469000000000000000000000000000000000001A
:1046A000000000000000000000000000000000000A
:1046B00000000000000000000000000000000000FA
:1046C00000000000870700008579385793F930A172
:1046D000B3D4CC2BCB0AF200000000000000000095
:1046E00000000000000000000000000000000000CA
:1046F00000000000000000000000000000000000BA
:1047000080220022870700008579385793E4C2B9D8
:1047100030AFCC2BC5A1B3000000000000000000AA
:104720000000000000000000000000000000000089
:104730000000000000000000000000000000000079
:1047400080220022870700008579385793E4C2BC95
:10475000C2BCD7930D7930000000000000000000BB
:104760000000000000000000000000000000000049
:104770000000000000000000000000000000000039
:1047800080220022870700008579385793E4C2BF52
:10479000930ACC2BC4F50D000000000000000000BF
:1047A0000000000000000000000000000000000009
:1047B00000000000000000000000000000000000F9
:1047C00080220022870700008579385793E4C2BF12
:1047D000930AE4C2B286CF0000000000000000008F
:1047E00000000000000000000000000000000000C9
:1047F00000000000000000000000000000000000B9
:1048000080220022870700008579385793E4C2BFD1
:10481000930AB0AF26CF5000000000000000000057
:104820000000000000000000000000000000000088
:104830000000000000000000000000000000000078
:1048400080220022870700008579385793E4C2BB95
:104850000AF2E4C2BE4C2B00000000000000000081
:104860000000000000000000000000000000000048
:104870000000000000000000000000000000000038
:1048800080220022870700008579385793E4C2BB55
:104890000AF2B0AF295E4C000000000000000000EA
:1048A0000000000000000000000000000000000008
:1048B00000000000000000000000000000000000F8
:1048C00080220022C8060000450EA63D450EA63DEA
:1048D000BAF15942450EA63D450EA63D450EA63DF0
:1048E000450EA63D00000000000000000000000092
:1048F00000000000000000000000000000000000B8
:104900008022002231302F2E2D2C2B2A29282726D9
:104910002524232221201F1E1D1C1B1A19181716BF
:104920001514131211100F0E0D0C0B0A09080706AF
:104930000504030201000000000000000000000068
:104940000000000000000000000000004A49484745
:10495000464544434241403F3E3D3C3B3A3938376F
:10496000363534333231302F2E2D2C2B2A2928275F
:10497000262524232221201F1E1D1C1B1A1900007E
:104980000000000000000000000000000000000027
:10499000000000002000E0C0A08060402000E0C0D7
:1049A000A08060402000E0C0A08060402000E0C007
:1049B000A08060402000E0C0A08060402000E0C0F7
:1049C000A08060402000000076DBB62D2449921BB9
:1049D000DBB6491292942409090000002000E0C0CF
:1049E000A08060402000E0C0A08060402000E0C0C7
:1049F000A08060402000E0C0A08060402000E0C0B7
:104A0000A08060402000E0C0A08060402000000046
:104A100076DBB62D2449921BDBB649129294240909
:104A2000090000002021E0E1A0A160612021E0E177
:104A3000A0A160612021E0E1A0A160612021E0E16E
:104A4000A0A160612021E0E1A0A160612021E0E15E
:104A5000A0A160612021000076DBB62D2449921BC5
:104A6000DBB6491292942409090000000100C1C07C
:104A7000818041400100C1C0818041400100C1C02E
:104A8000818041400100C1C0818041400100C1C01E
:104A9000818041400100C1C081804140010000008F
:104AA00076DBB62D2449921BDBB649129294240979
:104AB000090000002120E1E0A1A061602120E1E0E7
:104AC000A1A061602120E1E0A1A061602120E1E0DE
:104AD000A1A061602120E1E0A1A061602120E1E0CE
:104AE000A1A061602120000076DBB62D2449921B35
:104AF000DBB64912929424090900000063432303A2
:104B0000E2C2A28262422202E2C2A2826242220285
:104B1000E2C2A28262422202E2C2A2826242220275
:104B2000E2C2A28262422202E2C2A2826242000089
:104B300000D0B62D2D499224DBB66D1292242509A2
:104B4000490200002C0CECCCAC8C6C4C2C0CECCC4A
:104B5000AC8C6C4C2C0CECCCAC8C6C4C2C0CECCC95
:104B6000AC8C6C4C2C0CECCCAC8C6C4C2C0CEBCB87
:104B7000AB8B6B4B2B0B00002D499224DBB66D12D7
:104B8000922425094902000040DBB62DA484644428
:104B90002404E3C3A38363432303E3C3A3836343E3
:104BA0002303E3C3A38363432303E3C3A3836343D5
:104BB0002303E3C3A38363432303E3C3A38300006B
:104BC0000000B42D6D4B9224E4B66D1B922449096C
:104BD00049920000EBCBAB8B6B4B2B0BEBCBAB8B36
:104BE0006B4B2B0BEBCBAB8B6B4B2B0BEBCBAB8B15
:104BF0006B4B2B0BEBCBAB8B6B4B2B0BEACAAA8A09
:104C00006A4A2A0AEACA00002449921BDBB6491202
:104C100092942409090000006DDBB624E5C5A58542
:104C200065452505E4C4A48464442404E4C4A48440
:104C300064442404E4C4A48464442404E4C4A48434
:104C400064442404E4C4A48464442404E4C400004C
:104C50000000002D6DDB922424B96D1B9B244912AA
:104C600049922400AA8A6A4A2A0AEACAAA8A6A4A8D
:104C70002A0AEACAAA8A6A4A2A0AEACAAA8A6A4A94
:104C80002A0AEACAAA8A6A4A2A0AE9C9A98969498A
:104C90002909E9C9A989000024496E1BDB264912AC
:104CA000529224090000002D6DDB92242606E6C6F0
:104CB000A68666462606E5C5A58565452505E5C59E
:104CC000A58565452505E5C5A58565452505E5C594
:104CD000A58565452505E5C5A5856545250500002E
:104CE000090000006DDBB62424496E1BDB26491247
:104CF0005292240969492909E9C9A98969492909F7
:104D0000E9C9A98969492909E9C9A9896949290913
:104D1000E9C9A98969492909E8C8A888684828080B
:104D2000E8C8A8886848000024B96D1B9B24491274
:104D3000499224000000B42D6D4B92246747270749
:104D4000E7C7A78767472707E6C6A68666462606FB
:104D5000E6C6A68666462606E6C6A68666462606F3
:104D6000E6C6A68666462606E6C6A686664600000F
:104D70004902000040DBB62D2449921BDBB64912E4
:104D8000929424092808E8C8A88868482808E8C830
:104D9000A88868482808E8C8A88868482808E8C893
:104DA000A88868482808FFFFFFFFFFFFFFFFFFFFFD
:104DB000FFFFFFFFFFFF0000E4B66D1B92244909CF
:104DC0004992000000F0FF3FFFFFFF3FFFFFFFFFA2
:104DD000FFFFFFFFFFFFFFFFFFFFE7C7A787674753
:104DE0002707E7C7A78767472707E7C7A787674753
:104DF0002707E7C7A78767472707E7C7A7870000F1
:104E0000FFFFFF3FFFDFB62D2D499224DBB66D1269
:104E100092242509636261605F5E5D5C5B5A59584C
:104E200057565554535251504F4E4D4C4B4A49488A
:104E300047464544434241403F3E3D3C3B3A39387A
:104E40003736353433320000000000000000000027
:104E500000000000000000000000000031302F2E94
:104E60002D2C2B2A292827262524232221201F1EEA
:104E70001D1C1B1A191817161514131211100F0EDA
:104E80000D0C0B0A090807060504030201000000C7
:104E90000000000000000000000000000000000012
:104EA00000000000FFFFFFFFFFFFFFFFFFFFFFFF0E
:104EB000FFFFFFFFFFFFFFFFFFFFFFFFFFFFFFFF02
:104EC000FFFFFFFFFFFFFFFFFFFFFFFFFFFFFFFFF2
:104ED000FFFFFFFFFFFF0000FFFFFF3FFFFFFF3F60
:104EE000FFFFFF3FFFFFFF3FFFFFFF3FFFFFFFFF12
:104EF000FFFFFFFFFFFFFFFFFFFFFFFFFFFFFFFFC2
:104F0000FFFFFFFFFFFFFFFFFFFF000000000000AB
:104F10000000000000000000000000000000000091
:104F2000FFFFFF3FFFFFFF3FFFFFFF3F00000000CD
:104F30000000000057473727170756463626160643
:104F4000554535251505544434241404534333235F
:104F500013035242322212025141312111015040B9
:104F600030201000FFFF00000000000000000000E3
:104F700000000000000000000000003F62605E5C76
:104F80005A58565452504E4C4A48464442403E3C71
:104F90003A38363432302E2C2A28262422201E1C61
:104FA0001A18161412100E0C0A080604020000004B
:104FB00000000000000000000000000000000000F1
:104FC00000000000000000000000000000000000E1
:104FD00000000000000000000000000000000000D1
:104FE00000000000000000000000000000000000C1
:104FF00000000000000000000000000000000000B1
:1050000000000000000000000000000000000000A0
:105010000000000000000000000000000000000090
:105020000000000000000000000000000000000080
:105030000000000000000000000000000000000070
:105040000000000000000000000000000000000060
:105050000000000000000000000000000000000050
:105060000000000000000000000000000000000040
:105070000000000000000000000000000000000030
:105080000000000000000000000000000000000020
:105090000000000000000000000000000000000010
:1050A0000000000000000000000000000000000000
:1050B00000000000000000000000000000000000F0
:1050C00000000000000000000000000000000000E0
:1050D00000000000000000000000000000000000D0
:1050E00000000000000000000000000000000000C0
:1050F00000000000000000000000000000000000B0
:10510000000000000000000000000000000000009F
:10511000000000000000000000000000000000008F
:10512000000000000000000000000000000000007F
:10513000000000000000000000000000000000006F
:10514000000000000000000000000000000000005F
:10515000000000000000000000000000000000004F
:10516000000000000000000000000000000000003F
:10517000000000000000000000000000000000002F
:10518000000000000000000000000000000000001F
:10519000000000000000000000000000000000000F
:1051A00000000000000000000000000000000000FF
:1051B00000000000000000000000000000000000EF
:1051C00000000000000000000000000000000000DF
:1051D00000000000000000000000000000000000CF
:1051E00000000000000000000000000000000000BF
:1051F00000000000000000000000000000000000AF
:105200000801010000000000000000003202100050
:1052100000004E50000000000000000000000000F0
:105220008C0C0000AF0C0000D20C0000F50C00004C
:10523000200300004110080344611C080000000026
:10524000000000000000000000000000000000005E
:105250000A00000066666666560000000000000056
:10526000000000000000000000000000000000003E
:105270000000000003000000180DD60D060E1F0EE2
:10528000530F580E300F420F430F7E1707B8C30756
:1052900000800000208300000080328064809680BF
:1052A0002DB4040F110C0F0F10000F13A5BA030A31
:1052B00018C80F00151015101043104320030000EC
:1052C000CBB2300DCE0345120000000000000000FC
:1052D0000000000000000000000000000A000000C4
:1052E00066666666560000000000000000000000D0
:1052F00011111111111111111111000000000010F4
:1053000003000000180DD60D060E1F0E530F580E89
:10531000300F420F430F7E1707B80733008000009D
:105320002083000000803280648096802DB4040FBA
:10533000110C0F0F90000F13A5BA830A18C80F00A5
:10534000151015101043104345097E1707B8C30701
:105350000080008020F3000C00803280648096FE84
:105360002DB4FFFF11FDFFFFD0FF0F13A5BA830A75
:1053700018C80F00130F130F0F410F411F03000038
:105380000900000000000000000000000000000014
:10539000188DD68D068E1F8E538F588E308F428F6C
:1053A000438F0000000000C000000000000000006B
:1053B00002000000000000000000000000000000EB
:1053C00000E60000EC0454E7E4077EE75509A20775
:1053D0000A09250945097E1707B8C30700800000A0
:1053E0002083000000803280648096802DB4048F7A
:1053F00011FDFFFFD0FF0F93A5BA830A18E80FE055
:10540000130F13FF0F410F411F030000D4B8040214
:105410000351188748F00C0C85011C08188DD68D97
:10542000068E1F8E538F588E308F428F438F555567
:10543000555555D55555000000000018086A666698
:1054400066666666366600270000000002E6008099
:10545000EC0C54EFE4877EE75509A2070AE925E939
:105460000000000000000100002802000000FC0015
:10547000000000000D000D0059064006000000006D
:105480000155970102000000000000000001020227
:10549000002800008002FC00FFFFFF010D000D004E
:1054A00007000F000000000004B0B300000000106F
:1054B0000000000000020202002800008002FC0040
:1054C000FFFFFF010D000D0006000E0000000000B0
:1054D00004C4B3000000001000000000000302023A
:1054E000002800008002FC00FFFFFF010D000D00FE
:1054F00005000D000000000004D8B30000000010FB
:105500000000000000040202002800008002FC00ED
:10551000FFFFFF010D000D0004000C000000000063
:1055200004ECB300000000100000000000050202BF
:10553000002800008002FC00FFFFFF010D000D00AD
:1055400003000B00000000000400B4000000001085
:105550000000000000060202002800008002FC009B
:10556000FFFFFF010D000D0002000A000000000017
:105570000414B40000000010000000000007020244
:10558000002800008002FC00FFFFFF010D000D005D
:1055900001000900000000000428B4000000001011
:1055A0000000000000080202002804008002FC0045
:1055B000FFFFFF010D000D000000080000000000CB
:1055C00020B0B30000000010000000000000000048
:1055D000002806000000FC00000000000D000D0087
:1055E000D20FA00F00000000015097010000000042
:1055F0000000000000000000002802000000FC0085
:10560000000000000D000D00C116A81600000000EB
:10561000018C97010600000000000000000B020250
:10562000002800008000FC00000000000D000D00BC
:1056300007000F000000000004B0B30000000010DD
:1056400000000000000C0202002800008000FC00A6
:10565000000000000D000D0006000E00000000001C
:1056600004C4B3000000001000000000000D02029E
:10567000002800008000FC00000000000D000D006C
:1056800005000D000000000004D8B3000000001069
:1056900000000000000E0202002800008000FC0054
:1056A000000000000D000D0004000C0000000000D0
:1056B00004ECB3000000001000000000000F020224
:1056C000002800008000FC00000000000D000D001C
:1056D00003000B00000000000400B40000000010F4
:1056E0000000000000100202002800008000FC0002
:1056F000000000000D000D0002000A000000000084
:105700000414B400000000100000000000110202A8
:10571000002800008000FC00000000000D000D00CB
:1057200001000900000000000428B400000000107F
:105730000000000000120202002804008000FC00AB
:10574000000000000D000D00000008000000000037
:1057500020B0B300000000104F00000001F404006E
:1057600068931B00600000000C00000001000400B2
:105770001428000060000000300000002D008400AC
:10578000142800001C000000730000002DF48400A9
:1057900068931B001C000000700000002DF48400C2
:1057A00068931B001C000000730000002DF48400AF
:1057B00068931B001C000000630000002DF48400AF
:1057C00068931B001C0000004F00000001F404005F
:1057D00068931B00E00001000C00000001000400C1
:1057E00014280000E0000100300000002D008400BB
:1057F000142800001C000000700000002DF484003C
:1058000068931B001C000000000000000000000066
:105810000000000000000000000000000000000088
:105820000000000000000000000000000000000078
:105830000000000000000000000000000000000068
:105840000000000000000000000000000000000058
:105850000000000000000000000000000000000048
:105860000000000000000000000000000000000038
:1058700000000000000000000000000092249224BC
:105880009200920000000000224924492401A40053
:105890000000000014492449240114010000000004
:1058A000A4482449240122010000000024452429A1
:1058B000240124010000000024292445240124019E
:1058C000000000002449A448220124010000000037
:1058D00024491449140124010000000024492249EC
:1058E000A400240100000000FF7FFF7FFF01FF01F3
:1058F00000000000B66DB66DB601B60100000000F4
:10590000B26DB66DB601B60000000000966DB66DC2
:10591000B601960100000000B66CB66DB601B2018A
:1059200000000000B665B62DB601B601000000000B
:10593000B62DB665B601B60100000000B66DB66CB6
:10594000B201B60100000000B66D966D9601B60179
:1059500000000000B66DB26DB600B6010000000098
:10596000012800000000000000000000000000000E
:10597000000000020206AA006C768A94000106006C
:1059800000000000DB0600000106000091016E40EF
:10599000418C39030100009A1D018C610000000058
:1059A0000000000010100D100390BBBB8E5A22188F
:1059B000641164118A39893985E00FE06612641236
:1059C00001280000000000000000000000000000AE
:1059D000000000020206AA006C768A94000106000C
:1059E00000000000DB0600000106000091016E408F
:1059F000418C39030100009A1D018C6100000000F8
:105A00000000000010000C100380ABAA8044227834
:105A1000641164118A39893985E005E066126412DF
:105A20000104000000000000000000000000000071
:105A3000000000020200AA006C768A9400010600B1
:105A400000000000DB060000040C000038066E2099
:105A5000418C390301000084C4058C610000000002
:105A60000000000010C40C500390BBBB804422789F
:105A7000641164118A39893985E00FE06612641275
:105A8000D004020001020304CCF57AFDED20BF8FA3
:105A9000CF0304021E0600036C768A940001060000
:105AA00000000000DB06000001460000121B002081
:105AB000006B39034100028400006B616478792B2C
:105AC000CF8A00801C5411980080BBBB00572278FD
:105AD000641164118A39893985E00FE06612641215
:105AE0000100000001010101CCF57AFDED20BF8F1E
:105AF000CF030402020600006C768A9400010600BF
:105B000000000000DB060000000C0000401A00202E
:105B10004100380341000284000000606478792B62
:105B2000CF8A00801C5410180380BBBB80462278AB
:105B3000641164118A39893985E00FE066126412B4
:105B4000D004020002020202CCF57AFDED20BF8FE4
:105B5000CF030402020600006C768A94000106005E
:105B600000000000DB06000001460000121B0020C0
:105B7000006B39034100028400006B616478792B6B
:105B8000CF8A00801C5411980380BBBB80462278CA
:105B9000641164118A39893985E00FE06612641254
:105BA0000100000003030303CCF57AFDED20BF8F55
:105BB000CF030402020600006C768A9400010600FE
:105BC00000000000DB060000000C0000401A00206E
:105BD0004100380341000284000000606478792BA2
:105BE000CF8A00801C5410180380BBBB80462278EB
:105BF000641164118A39893985E00FE066126412F4
:105C0000D004020004040404CCF57AFDED20BF8F1B
:105C1000CF030402020600006C768A94000106009D
:105C200000000000DB06000001460000121B0020FF
:105C3000006B39034100028400006B616478792BAA
:105C4000CF8A00801C5411980380BBBB8046227809
:105C5000641164118A39893985E00FE06612641293
:105C60000100000000000000CCF57AFDED20BF8FA0
:105C7000CF030402020600006C768A94000106003D
:105C800000000000DB060000000C0000FF3B0020CD
:105C90004100380341000284000000606478792BE1
:105CA000CF8A00801CC410180300000000C62278B0
:105CB000641164118039803905000F0055105510AA
:105CC000000000000000000000101000000092CD55
:105CD0000000C180100F0002000087370000BBF1F8
:105CE000100F00040000904100008B43100E0007CD
:105CF0000000BBF100009167100C000900001DFBC3
:105D00000000709E100E000500000000C806000094
:105D1000BAF15942BAF15942450EA63D1122334417
:105D20005566778899AABBCCDDEEFF6900000000BC
:105D30000000000000000000000000000000000063
:105D40000000000000000000C022C02231302F2ED1
:105D50002D2C2B2A292827262524232221201F1EEB
:105D60001D1C1B1A191817161514131211100F0EDB
:105D70000D0C0B0A090807060504030201000000C8
:105D80000000000000000000000000000000000013
:105D9000000000004A494847464544434241403FCD
:105DA0003E3D3C3B3A393837363534333231302F8B
:105DB0002E2D2C2B2A292827262524232221201F7B
:105DC0001E1D1C1B1A19000000000000000000002E
:105DD0000000000000000000000000002000E0C003
:105DE000A08060402000E0C0A08060402000E0C0B3
:105DF000A08060402000E0C0A08060402000E0C0A3
:105E0000A08060402000E0C0A08060402000000032
:105E100076DBB62D2449921BDBB6491292942409F5
:105E2000090000002000E0C0A08060402000E0C029
:105E3000A08060402000E0C0A08060402000E0C062
:105E4000A08060402000E0C0A08060402000E0C052
:105E5000A08060402000000076DBB62D2449921B14
:105E6000DBB6491292942409090000002021E0E1E8
:105E7000A0A160612021E0E1A0A160612021E0E11A
:105E8000A0A160612021E0E1A0A160612021E0E10A
:105E9000A0A160612021E0E1A0A1606120210000BB
:105EA00076DBB62D2449921BDBB649129294240965
:105EB000090000000100C1C0818041400100C1C053
:105EC000818041400100C1C0818041400100C1C0CA
:105ED000818041400100C1C0818041400100C1C0BA
:105EE000818041400100000076DBB62D2449921BE1
:105EF000DBB6491292942409090000002120E1E058
:105F0000A1A061602120E1E0A1A061602120E1E089
:105F1000A1A061602120E1E0A1A061602120E1E079
:105F2000A1A061602120E1E0A1A06160212000002A
:105F300076DBB62D2449921BDBB6491292942409D4
:105F40000900000063432303E2C2A28262422202EC
:105F5000E2C2A28262422202E2C2A2826242220221
:105F6000E2C2A28262422202E2C2A2826242220211
:105F7000E2C2A2826242000000D0B62D2D499224D6
:105F8000DBB66D1292242509490200002C0CECCCE2
:105F9000AC8C6C4C2C0CECCCAC8C6C4C2C0CECCC41
:105FA000AC8C6C4C2C0CECCCAC8C6C4C2C0CECCC31
:105FB000AC8C6C4C2C0CEBCBAB8B6B4B2B0B0000E1
:105FC0002D499224DBB66D12922425094902000066
:105FD00040DBB62DA48464442404E3C3A383634359
:105FE0002303E3C3A38363432303E3C3A383634381
:105FF0002303E3C3A38363432303E3C3A383634371
:106000002303E3C3A38300000000B42D6D4B92244F
:10601000E4B66D1B9224490949920000EBCBAB8B8F
:106020006B4B2B0BEBCBAB8B6B4B2B0BEBCBAB8BC0
:106030006B4B2B0BEBCBAB8B6B4B2B0BEBCBAB8BB0
:106040006B4B2B0BEACAAA8A6A4A2A0AEACA0000E0
:106050002449921BDBB649129294240909000000DE
:106060006DDBB624E5C5A58565452505E4C4A48496
:1060700064442404E4C4A48464442404E4C4A484E0
:1060800064442404E4C4A48464442404E4C4A484D0
:1060900064442404E4C400000000002D6DDB92245D
:1060A00024B96D1B9B24491249922400AA8A6A4A8A
:1060B0002A0AEACAAA8A6A4A2A0AEACAAA8A6A4A40
:1060C0002A0AEACAAA8A6A4A2A0AEACAAA8A6A4A30
:1060D0002A0AE9C9A98969492909E9C9A9890000E0
:1060E00024496E1BDB264912529224090000002D20
:1060F0006DDB92242606E6C6A68666462606E5C51C
:10610000A58565452505E5C5A58565452505E5C53F
:10611000A58565452505E5C5A58565452505E5C52F
:10612000A585654525050000090000006DDBB62446
:1061300024496E1BDB264912529224096949290918
:10614000E9C9A98969492909E9C9A98969492909BF
:10615000E9C9A98969492909E9C9A98969492909AF
:10616000E8C8A88868482808E8C8A88868480000DF
:1061700024B96D1B9B244912499224000000B42DC0
:106180006D4B922467472707E7C7A787674727070D
:10619000E6C6A68666462606E6C6A686664626069F
:1061A000E6C6A68666462606E6C6A686664626068F
:1061B000E6C6A686664600004902000040DBB62D12
:1061C0002449921BDBB64912929424092808E8C896
:1061D000A88868482808E8C8A88868482808E8C83F
:1061E000A88868482808E8C8A88868482808FFFFE1
:1061F000FFFFFFFFFFFFFFFFFFFFFFFFFFFF0000AD
:10620000E4B66D1B922449094992000000F0FF3F5B
:10621000FFFFFF3FFFFFFFFFFFFFFFFFFFFFFFFF4E
:10622000FFFFE7C7A78767472707E7C7A78767472E
:106230002707E7C7A78767472707E7C7A7876747EE
:106240002707E7C7A7870000FFFFFF3FFFDFB62D47
:106250002D499224DBB66D12922425096362616098
:106260005F5E5D5C5B5A59585756555453525150B6
:106270004F4E4D4C4B4A49484746454443424140A6
:106280003F3E3D3C3B3A39383736353433320000F7
:1062900000000000000000000000000000000000FE
:1062A0000000000031302F2E2D2C2B2A29282726E4
:1062B0002524232221201F1E1D1C1B1A1918171606
:1062C0001514131211100F0E0D0C0B0A09080706F6
:1062D00005040302010000000000000000000000AF
:1062E00000000000000000000000000000000000AE
:1062F000000000000000000000000000000000009E
:10630000000000000000000000000000000000008D
:10631000000000000000000000000000000000007D
:10632000000000000000000000000000000000006D
:10633000000000000000000000000000000000005D
:10634000000000000000000000000000000000004D
:10635000000000000000000000000000000000003D
:10636000000000000000000000000000000000002D
:10637000000000000000000000000000000000001D
:10638000000000000000000000000000000000000D
:1063900000000000000000000000000000000000FD
:1063A00000000000000000000000000000000000ED
:1063B00000000000000000000000000000000000DD
:1063C00000000000000000000000000000000000CD
:1063D00000000000000000000000000000000000BD
:1063E00000000000000000000000000000000000AD
:1063F000000000000000000000000000000000009D
:10640000000000000000000000000000000000008C
:10641000000000000000000000000000000000007C
:10642000000000000000000000000000000000006C
:10643000000000000000000000000000000000005C
:10644000000000000000000000000000000000004C
:10645000000000000000000000000000000000003C
:10646000000000000000000000000000000000002C
:10647000000000000000000000000000000000001C
:10648000000000000000000000000000000000000C
:1064900000000000000000000000000000000000FC
:1064A00000000000000000000000000000000000EC
:1064B00000000000000000000000000000000000DC
:1064C00000000000000000000000000000000000CC
:1064D00000000000000000000000000000000000BC
:1064E00000000000000000000000000000000000AC
:1064F000000000000000000000000000000000009C
:10650000000000000000000000000000000000008B
:10651000000000000000000000000000000000007B
:10652000000000000000000000000000000000006B
:10653000000000000000000000000000000000005B
:10654000000000000000000000000000000000004B
:10655000000000000000000000000000000000003B
:10656000000000000000000000000000000000002B
:10657000000000000000000000000000000000001B
:10658000000000000000000000000000000000000B
:1065900000000000000000000000000000000000FB
:1065A00000000000000000000000000000000000EB
:1065B00000000000000000000000000000000000DB
:1065C00000000000000000000000000000000000CB
:1065D00000000000000000000000000000000000BB
:1065E00000000000000000000000000000000000AB
:1065F000000000000000000000000000000000009B
:10660000000000000000000000000000000000008A
:10661000000000000000000000000000000000007A
:10662000000000000000000000000000000000006A
:10663000000000000000000000000000000000005A
:10664000000000000000000000000000000000004A
:10665000000000000000000000000000000000003A
:10666000000000000000000000000000000000002A
:10667000000000000000000000000000000000001A
:10668000000000000000000000000000000000000A
:1066900000000000000000000000000000000000FA
:1066A00000000000000000000000000000000000EA
:1066B00000000000000000000000000000000000DA
:1066C00000000000000000000000000000000000CA
:1066D00000000000000000000000000000000000BA
:1066E00000000000000000000000000000000000AA
:1066F000000000000000000000000000000000009A
:106700000000000000000000000000000000000089
:106710000000000000000000000000000000000079
:106720000000000000000000000000000000000069
:106730000000000000000000000000000000000059
:106740000000000000000000000000000000000049
:106750000000000000000000000000000000000039
:106760000000000000000000000000000000000029
:106770000000000000000000000000000000000019
:106780000000000000000000000000000000000009
:1067900000000000000000000000000000000000F9
:1067A00000000000000000000000000000000000E9
:1067B00000000000000000000000000000000000D9
:1067C00000000000000000000000000000000000C9
:1067D00000000000000000000000000000000000B9
:1067E00000000000000000000000000000000000A9
:1067F0000000000000000000000000000000000099
:106800000000000000000000000000000000000088
:106810000000000000000000000000000000000078
:106820000000000000000000000000000000000068
:106830000000000000000000000000000000000058
:106840000000000000000000000000000000000048
:106850000000000000000000000000000000000038
:106860000000000000000000000000000000000028
:106870000000000000000000000000000000000018
:106880000000000000000000000000000000000008
:1068900000000000000000000000000000000000F8
:1068A00000000000000000000000000000000000E8
:1068B00000000000000000000000000000000000D8
:1068C00000000000000000000000000000000000C8
:1068D00000000000000000000000000000000000B8
:1068E00000000000000000000000000000000000A8
:1068F0000000000000000000000000000000000098
:106900000000000000000000000000000000000087
:106910000000000000000000000000000000000077
:106920000000000000000000000000000000000067
:106930000000000000000000000000000000000057
:106940000000000000000000000000000000000047
:106950000000000000000000000000000000000037
:106960000000000000000000000000000000000027
:106970000000000000000000000000000000000017
:106980000000000000000000000000000000000007
:1069900000000000000000000000000000000000F7
:1069A00000000000000000000000000000000000E7
:1069B00000000000000000000000000000000000D7
:1069C00000000000000000000000000000000000C7
:1069D00000000000000000000000000000000000B7
:1069E00000000000000000000000000000000000A7
:1069F0000000000000000000000000000000000097
:106A0000150101000000000000000000320210002B
:106A10001000000000000000000000000000000066
:106A200099120000BC120000DF12000002130000E7
:106A300025130000481300006B1300008E130000A4
:106A4000B1130000D4130000F71300001A14000063
:106A50003D1400006014000083140000A614000020
:106A6000C914000020030000D4B804020351180028
:106A700007B28C2363200C0485011C080000000071
:106A800000000000190000005B555555555555553F
:106A90005555555505000000080A000010000A0071
:106AA000000000010000000002E00000EC14541699
:106AB00084167E17411AA2176A199119B1197E1707
:106AC00007B8C307008000002083000000803280E8
:106AD000648096802DB4040F110C0F0F90000F13DB
:106AE000A5BA830A18C80F001510151010431043DB
:106AF0002003000014A3040C42330E0EC4338E2373
:106B00004D011911E32101132302000000000000D0
:106B10001B0000005B555555555555555555555558
:106B200055050000B8090B0BB0B000B0B0B0001BA9
:106B30000B00000080701002EC14541684167E17AF
:106B4000411AA2176A199119B1197E1707B8C3071C
:106B500000800000208300000080328064809680E6
:106B60002DB4040F110C0F0F90000F13A5BA830A58
:106B700018C80F0015101510104310432003000013
:106B800009000000000000000000000000000000FC
:106B900000000000000000000000000001000000F4
:106BA00003000000000000000000000000000000E2
:106BB00002000000000000000000000000000000D3
:106BC00000000000EC14541684167E17411AA21718
:106BD0006A199119B1197E1707B8C3070080000020
:106BE0002083000000803280648096802DB4040FE2
:106BF000110C0F0F90000F13A5BA830A18C80F00CD
:106C0000151015101043104320030000D4B80402DF
:106C10000351180007B28C2363200C0485011C0863
:106C20000000000000000000190000005B555555F1
:106C3000555555555555555555000000086A666619
:106C400036666A66666666636600000002E00000FB
:106C5000EC14541684167E17411AA2176A1991195A
:106C6000B1197E1707B8C307008000002083000019
:106C700000803280648096802DB4040F110C0F0FB9
:106C800090000F13A5BA830A18C80F00151015102D
:106C9000104310432003000014A3040C42330E0ED3
:106CA000C4338E234D011911E32101132302000087
:106CB000000000001B0000005B555555555555550B
:106CC0005555555555050000B8696B6BB6B666B697
:106CD000B6B6663B6B06000080701002EC145416CA
:106CE00084167E17411AA2176A199119B1197E17D5
:106CF00007B8C307008000002083000000803280B6
:106D0000648096802DB4040F110C0F0F90000F13A8
:106D1000A5BA830A18C80F001510151010431043A8
:106D200020030000D4B8541617960100000000009C
:106D30000000000000000000000000000000000053
:106D4000080000005B5555550000000000000000E1
:106D500000000000081A11110000000000000000EF
:106D60000000000002000000EC14541684167E1788
:106D7000411AA2176A199119B1197E1707B8C307EA
:106D800000800000208300000080328064809680B4
:106D90002DB4040F110C0F0F90000F13A5BA830A26
:106DA00018C80F00151015101043104320030000E1
:106DB000D4B854161796010000000000000000002F
:106DC00000000000000000000000000008000000BB
:106DD0005B55555500000000000000000000000059
:106DE000083A3333000000000000000000000000FB
:106DF00002000000EC14541684167E17411AA217E4
:106E00006A199119B1197E1707B8C30700800000ED
:106E10002083000000803280648096802DB4040FAF
:106E2000110C0F0F90000F13A5BA830A18C80F009A
:106E300015101510104310432003000014A3540C28
:106E4000567339184F068D118D344E000000000026
:106E50000000000000000000130000005B555555C5
:106E6000555555555505000000000000B8191B1B6D
:106E70001B1B0BBB0B0B00000000000000200200DE
:106E8000EC14541684167E17411AA2176A19911928
:106E9000B1197E1707B8C3070080000020830000E7
:106EA00000803280648096802DB4040F110C0F0F87
:106EB00090000F13A5BA830A18C80F0015101510FB
:106EC000104310432003000014A3540C56733918C8
:106ED0004F068D118D344E000000000000000000B0
:106EE00000000000130000005B55555555555555E1
:106EF0005505000000000000B8393B3B3B3B0BBB95
:106F00000B0B00000000000000200200EC145416DF
:106F100084167E17411AA2176A199119B1197E17A2
:106F200007B8C30700800000208300000080328083
:106F3000648096802DB4040F110C0F0F90000F1376
:106F4000A5BA830A18C80F00151015101043104376
:106F500020030000D4A8051B023774045E311A23F5
:106F6000C7088C08000000000000000000000000BE
:106F7000140000005B5555555555555555550000A5
:106F800000000000080909090909000010000000BC
:106F90000000000002500500EC14541684167E1701
:106FA000411AA2176A199119B1197E1707B8C307B8
:106FB0000080000020830000008032806480968082
:106FC0002DB4040F110C0F0F90000F13A5BA830AF4
:106FD00018C80F00151015101043104320030000AF
:106FE000D4A8051B023774045E311A23C7088C0825
:106FF000000000000000000000000000140000007D
:107000005B55555555555555555500000000000028
:10701000086969696969606030600000000000000B
:1070200002500500EC14541684167E17411AA2175C
:107030006A199119B1197E1707B8C30700800000BB
:107040002083000000803280648096802DB4040F7D
:10705000110C0F0F90000F13A5BA830A18C80F0068
:10706000151015101043104320030000D4A8551B21
:10707000167775185E060000000000000000000092
:1070800000000000000000000C0000005B5555559A
:1070900055550000000000000000000008191919F3
:1070A00019190000000000000000000002000000AC
:1070B000EC14541684167E17411AA2176A199119F6
:1070C000B1197E1707B8C3070080000020830000B5
:1070D00000803280648096802DB4040F110C0F0F55
:1070E00090000F13A5BA830A18C80F0015101510C9
:1070F0001043104320030000D4A8551B16777518C1
:107100005E0600000000000000000000000000001B
:10711000000000000C0000005B555555555500005F
:10712000000000000000000008393939393900003A
:10713000000000000000000002000000EC145416E3
:1071400084167E17411AA2176A199119B1197E1770
:1071500007B8C30700800000208300000080328051
:10716000648096802DB4040F110C0F0F90000F1344
:10717000A5BA830A18C80F00151015101043104344
:1071800020030000E3180803446100070800000022
:1071900000000000000000000000000000000000EF
:1071A0000B00000055555555550500000000000026
:1071B00000000000000000000100000000000000CE
:1071C0000000000003000000EC14541684167E1723
:1071D000411AA2176A199119B1197E1707B8C30786
:1071E0000080000020830000008032806480968050
:1071F0002DB4040F110C0F0F90000F13A5BA830AC2
:1072000018C80F001510151010431043200300007C
:10721000D4B80000000000000000000000000000E2
:10722000000000000000000000000000030000005B
:107230005B050000000000000000000000000000EE
:10724000080A00000000000000000000000000002C
:1072500002000000EC14541684167E17411AA2177F
:107260006A199119B1197E1707B8C3070080000089
:107270002083000000803280648096802DB4040F4B
:10728000110C0F0F90000F13A5BA830A18C80F0036
:1072900015101510104310432003000009050000CD
:1072A00000000000C002000000000000000000001C
:1072B0000000000000000000020000006466666636
:1072C0006666000000000000000000008200000070
:1072D00000A000000000000000000000FC0700000B
:1072E000EC14541684167E17411AA2176A199119C4
:1072F000B1197E1707B8C307008000002083000083
:1073000000803280648096802DB4040F110C0F0F22
:1073100090000F13A5BA830A18C80F001510151096
:107320001043104320030000813010050670200038
:10733000000000000000000000000000000000004D
:1073400000000000090000005555555505000000DB
:10735000000000000000000000000001000000002C
:10736000000000000000000000000000EC145416B3
:1073700084167E17411AA2176A199119B1197E173E
:1073800007B8C3070080000020830000008032801F
:10739000648096802DB4040F110C0F0F90000F1312
:1073A000A5BA830A18C80F00151015101043104312
:1073B0000000000000000001000003000000FC00CD
:1073C000000000000D000D0008072107000000006C
:1073D0000155B4000200000000000000010103029A
:1073E000000001000000FC00000000000D000D0086
:1073F00010001F000000000004B0B30000000010E7
:107400000000000002020302000001000000FC0076
:10741000000000000D000D0011001E000000000023
:1074200004C4B300000000100000000003030302C6
:10743000000001000000FC00000000000D000D0035
:1074400012001D000000000004D8B300000000106E
:107450000000000004040302000001000000FC0022
:10746000000000000D000D0013001C0000000000D3
:1074700004ECB3000000001000000000050503024A
:10748000000001000000FC00000000000D000D00E5
:1074900014001B00000000000400B40000000010F5
:1074A0000000000006060302000001000000FC00CE
:1074B000000000000D000D0015001A000000000083
:1074C0000414B400000000100000000007070302CD
:1074D000000001000000FC00000000000D000D0095
:1074E00016001900000000000428B400000000107D
:1074F0000000000008080302000005000000FC0076
:10750000000000000D000D00170018000000000032
:10751000043CB4000000001000000000090000015D
:10752000000007000000FC00000000000D000D003E
:1075300004101D10000000000150B4000000000005
:107540000000000000000001000003000000FC003B
:10755000000000000D000D008917701700000000EA
:1075600001A0B40006000000000000000000171792
:10757000000003000000FC00000000000D000D00F2
:107580009C189D1800000000019BB400040000003E
:107590000000000000001616010003000000FD00BE
:1075A000000000000D000D00301138110000FE2514
:1075B0000473B4000400000000000000000017176E
:1075C000020003000000FC00000000000D000D00A0
:1075D000C012C1120000FE250487B40004000000A0
:1075E0000000000000001616030003000000FD006C
:1075F000000000000D000D00301138110000FE25C4
:107600000473B4000400000000000000000017171D
:10761000040003000000FC00000000000D000D004D
:10762000C012C1120000FE250487B400040000004F
:107630000000000000001616050003000000FD0019
:10764000000000000D000D00301138110000FE2573
:107650000473B400040000000000000000001717CD
:10766000060003000000FC00000000000D000D00FB
:10767000C012C1120000FE250487B40004000000FF
:107680000000000000001616070003000000FD00C7
:10769000000000000D000D00301138110000FE2523
:1076A0000473B4000400000000000000000017177D
:1076B000080003000000FC00000000000D000D00A9
:1076C000C012C1120000FE250487B40004000000AF
:1076D00000000000000A1414002802000000FC0052
:1076E0000000000005000500000000000000000090
:1076F00001009703000000000000000000000100EE
:10770000002802000000FC00000000000D000D0039
:10771000C800E10000000000015AB40002000000AF
:107720000000000000000100002802000000FC0032
:10773000000000000D000D00580271020000000062
:10774000015FB40002000000000000000000010022
:10775000002802000000FC00000000000D000D00E9
:10776000E8030104000000000164B400020000000E
:107770000000000000000100002802000000FC00E2
:10778000000000000D000D007805910500000000CC
:107790000169B400020000000000000000000100C8
:1077A000002802000000FC00000000000D000D0099
:1077B0000807210700000000016EB400020000006D
:1077C0000000000000000100002802000000FC0092
:1077D000000000000D000D003011491100000000F4
:1077E00001A5B40006000000000000000000010038
:1077F000002802000000FC00000000000D000D0049
:10780000C012D9120000000001AAB4000600000056
:107810000000000000000100002802000000FC0041
:10782000000000000D000D0050146914000000005D
:1078300001AFB400060000000000000000000100DD
:10784000002802000000FC00000000000D000D00F8
:10785000E015F9150000000001B4B40006000000B6
:107860000000000000000100002802000000FC00F1
:10787000000000000D000D007017891700000000C7
:1078800001B9B40006000000000000000000010083
:10789000002802000000FC000000000009000900B0
:1078A0000000000000000000010097030600000037
:1078B00000000000000B1414002802000000FC006F
:1078C000000000000C000C000000000000000000A0
:1078D000010097030000000000000000000B1414DA
:1078E000002802000000FC003F0000000C000C001B
:1078F00000000000000000000100970300000000ED
:1079000000000000000B1515002802000000CC004C
:10791000000000000C000C0000000000000000004F
:1079200001009703000000000000000000000100BB
:10793000002802000000FC00000000000D000D0007
:107940000000000000000000010097030600000096
:107950004F00000001F4040068931B006000000069
:107960000C0000000100040014280000600000006A
:10797000300000002D008400142800001C000000CE
:10798000730000002DF4840068931B001C000000AD
:10799000700000002DF4840068931B001C000000A0
:1079A0007300000023F4840068931B001C00000097
:1079B000600000002DF4840068931B001C00000090
:1079C0004F00000001F4040068931B00E000010078
:1079D0000C0000000100040014280000E000010079
:1079E000300000002D008400142800001C0000005E
:1079F000700000002DF4840068931B001C00000040
:107A0000730000002D58840016161B001C00000097
:107A10000101010101010101010101010101010156
:107A20000101010101010101010101010101010146
:107A30000101010101010101010101010101010136
:107A40000101010101010101010101010101010126
:107A50000101010101010101010101010101010116
:107A60000101010101010101010101010101010106
:107A70000101010133343A3335333534333433358E
:107A800033343233343334333334333334333333C2
:107A900034343233343433333334323334333433B1
:107AA00033343334353233333332323233333233A7
:107AB00032333231333232323033323331323232A6
:107AC0003231323232323232323231323332313298
:107AD000313432342F2F2F3033343A333533353479
:107AE0003334333533343233343334333334333360
:107AF0003433333334333233343433333334323353
:107B00003333333333353334353233333332323244
:107B10003333323332333231333232323033323341
:107B20003132323232313232323232323232313238
:107B300033323132313432342F2F2F303334333328
:107B400034333434333333353334333334333433FD
:107B500033343333343333333434333334343333EF
:107B600033343233343333333335333434323332E2
:107B700033333232333332323233323133323232E0
:107B800030333232313232313231323132323132DB
:107B90003232313232323132313332332F2F2E30D2
:107BA000333433333433343433333335333433339E
:107BB000343334333334333334333333343433338F
:107BC0003434333333343233333333333335333480
:107BD000343233323333323233333233323332317D
:107BE0003332323231333233313232323231323176
:107BF0003232313232323132333231323133323366
:107C00002F2F2E3033343233343334333333333550
:107C10003334333334333433333433333333333330
:107C20003433333234343333333432333333333322
:107C30003335333434323332333232323333323217
:107C40003233323133323232303332323132323116
:107C50003231323132323132323231323332313208
:107C6000313332332F2F2E2F3334323334333434F5
:107C700033333335333433333433343333343333CE
:107C800034333333343333333434333333343233C0
:107C900033333333333533343432333233323232B5
:107CA00033333233323332313332323231333233AF
:107CB00031323231323132323232313232323132A9
:107CC00033323132313332332F2F2E2F333532329C
:107CD000343333333334333433343333343334336E
:107CE000333433333433333334343332343433335F
:107CF0003334323333333333333533343432333252
:107D00003332323233333232323232313332323250
:107D1000303332333132313132313131323231324A
:107D20003232313232323132313332332F2F2E3040
:107D3000333532323433333333343334333433330F
:107D400034333433333433333333333334343332FF
:107D500034343333333432333333333333353334EE
:107D600034323332333232323333323232333231ED
:107D700033323232303332333132323232313232E4
:107D800032323132323231323232313231333233D5
:107D90002F2F2E2F4F51534F4F4D514D4F4F4D5170
:107DA0004D4F4F514F4F534F4B515151534D534DD9
:107DB0004F4D4F515151514F4F4F4F4F514D514FCB
:107DC0004F515153534F5151514F514F4F4E4F4FB0
:107DD0004B4F4F4F4F4D4F514B4F4F514F4D4F51B9
:107DE0004D4F4F4D4F4B4D51514F4F4F4F4D4D4FAD
:107DF0004B4D4F514D494B4D92249224920092008D
:107E000000000000B66DB66DB600B60000000000C0
:107E1000B66DB66D9601960100000000B66DB66DA8
:107E2000B201B20100000000B62DB62DB601B601B8
:107E300000000000B665B665B601B601000000009E
:107E4000B66CB66CB601B60100000000966D966D7A
:107E5000B601B60100000000B26DB26DB601B60108
:107E600000000000FF7FFF7FFF01FF010000000016
:107E7000B66DB66DB601B6010000000092249224E2
:107E800092009200000000000110000000000000BD
:107E900000000000FFFF3DDB38D4FC020200AA0016
:107EA0006C768A940001060000000000DB060000EA
:107EB000040C000060056E40415639030100009A31
:107EC000EC045661000000000000000010C40C50DB
:107ED0000390BBBB804422786411641189398939CD
:107EE0000FE00FE0641264120110000000000000B7
:107EF00000000000FFFF3DDB38D4FC020200AA00B6
:107F00006C768A940001060000000000DB06000089
:107F1000040C000060056E40415639030100009AD0
:107F2000EC045661000000000000000010C40C10BA
:107F3000E39EBBBB8055227864116411893989396D
:107F40000FE00FE064126412010400000000000062
:107F50000000000000000000000000020200AA0073
:107F60006C768A940001060000000000DB06000029
:107F7000040C000020066E40418639030100009A7F
:107F8000AC058661000000000000000010C40C5029
:107F90000390ABAA8044227864116411893989392D
:107FA0000FE00FE064126412C9040200010203042E
:107FB000EAF7FAFD3001A880CF0304021E00000397
:107FC0006C768A940001060000000000DB060000C9
:107FD000014600002B1A0040006B39034100029A51
:107FE00000006B616478792BCF8A00801C54119853
:107FF0000080BBBB0057227864116411893989392C
:108000000FF00FF064126412C904020001010101B3
:10801000EAF7FAFD3001A880CF0304020200000055
:108020006C768A940001060000000000DB06000068
:10803000014600002B1A0040006B39034100029AF0
:1080400000006B61BB7DFC17FFFF00801C54119882
:108050000380BBBB80462278641164118939893959
:108060000FF00FF064126412C9040200020202024F
:10807000EAF7FAFD3001A880CF03040202000000F5
:108080006C768A940001060000000000DB06000008
:10809000014600002B1A0040006B39034100029A90
:1080A00000006B610F7E3416FFFF00801C54119896
:1080B0000380BBBB804622786411641189398939F9
:1080C0000FF00FF064126412C904020003030303EB
:1080D000EAF7FAFD3001A880CF0304020200000095
:1080E0006C768A940001060000000000DB060000A8
:1080F000014600002B1A0040006B39034100029A30
:1081000000006B61B17E3C12FFFF00801C5411988F
:108110000380BBBB80462278641164118939893998
:108120000FF00FF064126412C90402000404040486
:10813000EAF7FAFD3001A880CF0304020200000034
:108140006C768A940001060000000000DB06000047
:10815000014600002B1A0040006B39034100029ACF
:1081600000006B611C7F0B0FFFFF00801C541198F7
:108170000380BBBB80462278641164118939893938
:108180000FF00FF0641264120104000400000000FC
:10819000CCF57AFDED20BF8FCF030402020600006C
:1081A0006C768A940001060000000000DB060000E7
:1081B00001060000093C0040006B39034100029AAF
:1081C00000006B616478792BCF8A00801CC4101882
:1081D0000380ABAA00C6227864116411803980390B
:1081E0000F000F00550D550DC904020006070A0BBC
:1081F000EAF7FAFD3001A880CF0304021E0600034F
:108200006C768A940001060000000000DB06000086
:10821000014600002B1A0040006B39034100029A0E
:1082200000006B616478792BCF8A00801C54119810
:108230000080BBBB00572218641164118939893949
:108240000FF00FF064126412C9040200060606065D
:10825000EAF7FAFD3001A880CF030402020600000D
:108260006C768A940001060000000000DB06000026
:10827000014600002B1A0040006B39034100029AAE
:1082800000006B616478792BCF8A00801C541198B0
:108290000080BBBB005722186411641189398939E9
:1082A0000FF00FF064126412C904020006060A0AF5
:1082B00073EDFAFD5985A880CF0304020A06010078
:1082C0006C768A940043060100000000DB06000083
:1082D000014600002B1A0040006B39034100029A4E
:1082E00000006B619367CBB40000008012541198BA
:1082F0000080BBBB0056221864116411893989398A
:108300000FF00FF064126412C904020007070B0B90
:10831000EAF7FAFD3001A880CF0304020A06010043
:108320006C768A940043060100000000DB06000022
:10833000014600002B1A0040006B39034100029AED
:1083400000006B6155737BC80000008012541198C7
:108350000080BBBB00562218641164118939893929
:108360000FF00FF064126412C904020009090C0C2A
:10837000EAF7FAFD3001A880CF0304020A060100E3
:108380006C768A940043060100000000DB060000C2
:10839000014600002B1A0040006B39034100029A8D
:1083A00000006B61D9770ED3000000801254119841
:1083B0000080BBBB005622186411641189398939C9
:1083C0000FF00FF064126412C90402000A0A0606D4
:1083D000EAF7FAFD3001A880CF0304020A06010083
:1083E0006C768A940043060100000000DB06000062
:1083F000014600002B1A0040006B39034100029A2D
:1084000000006B61BD7977D800000080125411988C
:108410000080BBBB00562218641164118939893968
:108420000FF00FF064126412C90402000B0B07076F
:10843000EAF7FAFD3001A880CF0304020A06010022
:108440006C768A940043060100000000DB06000001
:10845000014600002B1A0040006B39034100029ACC
:1084600000006B61757B34DE0000008012541198AF
:108470000080BBBB00562218641164118939893908
:108480000FF00FF064126412C90402000A0A060613
:10849000EAF7FAFD3001A880CF0304020A060100C2
:1084A0006C768A940043060100000000DB060000A1
:1084B000014600002B1A0040006B39034100029A6C
:1084C00000006B61CB7C87E30000008012541198A0
:1084D0000080BBBB005622186411641189398939A8
:1084E0000FF00FF064126412C90402000B0B0707AF
:1084F000EAF7FAFD3001A880CF0304020A06010062
:108500006C768A940043060100000000DB06000040
:10851000014600002B1A0040006B39034100029A0B
:1085200000006B61F27D29E900000080125411986F
:108530000080BBBB00562218641164118939893947
:108540000FF00FF064126412C90402000C0C090948
:10855000EAF7FAFD3001A880CF0304020A06010001
:108560006C768A940043060100000000DB060000E0
:10857000014600002B1A0040006B39034100029AAB
:1085800000006B61D57EC2EE00000080125411988D
:108590000080BBBB005622186411641189398939E7
:1085A0000FF00FF0641264120000000000000000E1
:1085B00000101000000056CE00009910100E0006AA
:1085C0000000FDF900006FA1100E00050000464FED
:1085D000000029A6100F00040000AD8700007DD91F
:1085E000100F00030000C15A00009C9A00041030D4
:1085F0000000BCA00000903800091033000083D0B8
:108600000000D635000B10350000C9C200001A5911
:10861000000C103600008CA100002C9F000D1037BC
:1086200000009851000044DC000E10380000BEEA43
:108630000000A536000E103A000026620000DD9909
:10864000000F103B000000007A00000086000000D0
:1086500060000000B8000000E0000000FC00000026
:10866000140100001C0100000000000000000000D8
:1086700000000000000000000000000000000000FA
:1086800000000000000000000000000000000000EA
:1086900000000000000000000000000000000000DA
:1086A00000000000000000000000000000000000CA
:1086B00000000000000000000000000000000000BA
:1086C00000000000870700008579385793F930A132
:1086D000B3D4CC2BCB0AF200000000000000000055
:1086E000000000000000000000000000000000008A
:1086F000000000000000000000000000000000007A
:1087000080220022870700008579385793E4C2B998
:1087100030AFCC2BC5A1B30000000000000000006A
:108720000000000000000000000000000000000049
:108730000000000000000000000000000000000039
:1087400080220022870700008579385793E4C2BC55
:10875000C2BCD7930D79300000000000000000007B
:108760000000000000000000000000000000000009
:1087700000000000000000000000000000000000F9
:1087800080220022870700008579385793E4C2BF12
:10879000930ACC2BC4F50D0000000000000000007F
:1087A00000000000000000000000000000000000C9
:1087B00000000000000000000000000000000000B9
:1087C00080220022870700008579385793E4C2BFD2
:1087D000930AE4C2B286CF0000000000000000004F
:1087E0000000000000000000000000000000000089
:1087F0000000000000000000000000000000000079
:1088000080220022870700008579385793E4C2BF91
:10881000930AB0AF26CF5000000000000000000017
:108820000000000000000000000000000000000048
:108830000000000000000000000000000000000038
:1088400080220022870700008579385793E4C2BB55
:108850000AF2E4C2BE4C2B00000000000000000041
:108860000000000000000000000000000000000008
:1088700000000000000000000000000000000000F8
:1088800080220022870700008579385793E4C2BB15
:108890000AF2B0AF295E4C000000000000000000AA
:1088A00000000000000000000000000000000000C8
:1088B00000000000000000000000000000000000B8
:1088C00080220022C8060000450EA63D450EA63DAA
:1088D000BAF15942450EA63D450EA63D450EA63DB0
:1088E000450EA63D00000000000000000000000052
:1088F0000000000000000000000000000000000078
:108900008022002231302F2E2D2C2B2A2928272699
:108910002524232221201F1E1D1C1B1A191817167F
:108920001514131211100F0E0D0C0B0A090807066F
:108930000504030201000000000000000000000028
:108940000000000000000000000000004A49484705
:10895000464544434241403F3E3D3C3B3A3938372F
:10896000363534333231302F2E2D2C2B2A2928271F
:10897000262524232221201F1E1D1C1B1A1900003E
:1089800000000000000000000000000000000000E7
:10899000000000002000E0C0A08060402000E0C097
:1089A000A08060402000E0C0A08060402000E0C0C7
:1089B000A08060402000E0C0A08060402000E0C0B7
:1089C000A08060402000000076DBB62D2449921B79
:1089D000DBB6491292942409090000002000E0C08F
:1089E000A08060402000E0C0A08060402000E0C087
:1089F000A08060402000E0C0A08060402000E0C077
:108A0000A08060402000E0C0A08060402000000006
:108A100076DBB62D2449921BDBB6491292942409C9
:108A2000090000002021E0E1A0A160612021E0E137
:108A3000A0A160612021E0E1A0A160612021E0E12E
:108A4000A0A160612021E0E1A0A160612021E0E11E
:108A5000A0A160612021000076DBB62D2449921B85
:108A6000DBB6491292942409090000000100C1C03C
:108A7000818041400100C1C0818041400100C1C0EE
:108A8000818041400100C1C0818041400100C1C0DE
:108A9000818041400100C1C081804140010000004F
:108AA00076DBB62D2449921BDBB649129294240939
:108AB000090000002120E1E0A1A061602120E1E0A7
:108AC000A1A061602120E1E0A1A061602120E1E09E
:108AD000A1A061602120E1E0A1A061602120E1E08E
:108AE000A1A061602120000076DBB62D2449921BF5
:108AF000DBB6491292942409090000007353331322
:108B0000F2D2B29272523212F2D2B2927252321245
:108B1000F2D2B29272523212F2D2B2927252321235
:108B2000F2D2B29272523212F2D2B2927252000069
:108B300000D0B62D2D499224DBB66D129224250962
:108B4000490200003C1CFCDCBC9C7C5C3C1CFCDC4A
:108B5000BC9C7C5C3C1CFCDCBC9C7C5C3C1CFCDC55
:108B6000BC9C7C5C3C1CFCDCBC9C7C5C3C1CFBDB47
:108B7000BB9B7B5B3B1B00002D499224DBB66D1237
:108B8000922425094902000040DBB62DB4947454A8
:108B90003414F3D3B39373533313F3D3B3937353A3
:108BA0003313F3D3B39373533313F3D3B393735395
:108BB0003313F3D3B39373533313F3D3B39300004B
:108BC0000000B42D6D4B9224E4B66D1B922449092C
:108BD00049920000FBDBBB9B7B5B3B1BFBDBBB9B36
:108BE0007B5B3B1BFBDBBB9B7B5B3B1BFBDBBB9BD5
:108BF0007B5B3B1BFBDBBB9B7B5B3B1BFADABA9AC9
:108C00007A5A3A1AFADA00002449921BDBB6491262
:108C100092942409090000006DDBB624F5D5B595C2
:108C200075553515F4D4B49474543414F4D4B49400
:108C300074543414F4D4B49474543414F4D4B494F4
:108C400074543414F4D4B49474543414F4D400002C
:108C50000000002D6DDB922424B96D1B9B2449126A
:108C600049922400BA9A7A5A3A1AFADABA9A7A5A8D
:108C70003A1AFADABA9A7A5A3A1AFADABA9A7A5A54
:108C80003A1AFADABA9A7A5A3A1AF9D9B99979594A
:108C90003919F9D9B999000024496E1BDB2649120C
:108CA000529224090000002D6DDB92243616F6D670
:108CB000B69676563616F5D5B59575553515F5D55E
:108CC000B59575553515F5D5B59575553515F5D554
:108CD000B59575553515F5D5B5957555351500000E
:108CE000090000006DDBB62424496E1BDB26491207
:108CF0005292240979593919F9D9B99979593919F7
:108D0000F9D9B99979593919F9D9B99979593919D3
:108D1000F9D9B99979593919F8D8B89878583818CB
:108D2000F8D8B8987858000024B96D1B9B244912D4
:108D3000499224000000B42D6D4B922477573717C9
:108D4000F7D7B79777573717F6D6B69676563616BB
:108D5000F6D6B69676563616F6D6B69676563616B3
:108D6000F6D6B69676563616F6D6B69676560000EF
:108D70004902000040DBB62D2449921BDBB64912A4
:108D8000929424093818F8D8B89878583818F8D830
:108D9000B89878583818F8D8B89878583818F8D853
:108DA000B89878583818FFFFFFFFFFFFFFFFFFFF5D
:108DB000FFFFFFFFFFFF0000E4B66D1B922449098F
:108DC0004992000000F0FF3FFFFFFF3FFFFFFFFF62
:108DD000FFFFFFFFFFFFFFFFFFFFF7D7B7977757B3
:108DE0003717F7D7B79777573717F7D7B797775713
:108DF0003717F7D7B79777573717F7D7B7970000D1
:108E0000FFFFFF3FFFDFB62D2D499224DBB66D1229
:108E100092242509636261605F5E5D5C5B5A59580C
:108E200057565554535251504F4E4D4C4B4A49484A
:108E300047464544434241403F3E3D3C3B3A39383A
:108E400037363534333200000000000000000000E7
:108E500000000000000000000000000031302F2E54
:108E60002D2C2B2A292827262524232221201F1EAA
:108E70001D1C1B1A191817161514131211100F0E9A
:108E80000D0C0B0A09080706050403020100000087
:108E900000000000000000000000000000000000D2
:108EA00000000000FFFFFFFFFFFFFFFFFFFFFFFFCE
:108EB000FFFFFFFFFFFFFFFFFFFFFFFFFFFFFFFFC2
:108EC000FFFFFFFFFFFFFFFFFFFFFFFFFFFFFFFFB2
:108ED000FFFFFFFFFFFF0000FFFFFF3FFFFFFF3F20
:108EE000FFFFFF3FFFFFFF3FFFFFFF3FFFFFFFFFD2
:108EF000FFFFFFFFFFFFFFFFFFFFFFFFFFFFFFFF82
:108F0000FFFFFFFFFFFFFFFFFFFF0000000000006B
:108F10000000000000000000000000000000000051
:108F2000FFFFFF3FFFFFFF3FFFFFFF3F000000008D
:108F30000000000057473727170756463626160603
:108F4000554535251505544434241404534333231F
:108F50001303524232221202514131211101504079
:108F600030201000FFFF00000000000000000000A3
:108F700000000000000000000000003F62605E5C36
:108F80005A58565452504E4C4A48464442403E3C31
:108F90003A38363432302E2C2A28262422201E1C21
:108FA0001A18161412100E0C0A080604020000000B
:108FB00000000000000000000000000000000000B1
:108FC00000000000000000000000000000000000A1
:108FD0000000000000000000000000000000000091
:108FE0000000000000000000000000000000000081
:108FF0000000000000000000000000000000000071
:109000000000000000000000000000000000000060
:109010000000000000000000000000000000000050
:109020000000000000000000000000000000000040
:109030000000000000000000000000000000000030
:109040000000000000000000000000000000000020
:109050000000000000000000000000000000000010
:109060000000000000000000000000000000000000
:1090700000000000000000000000000000000000F0
:1090800000000000000000000000000000000000E0
:1090900000000000000000000000000000000000D0
:1090A00000000000000000000000000000000000C0
:1090B00000000000000000000000000000000000B0
:1090C00000000000000000000000000000000000A0
:1090D0000000000000000000000000000000000090
:1090E0000000000000000000000000000000000080
:1090F0000000000000000000000000000000000070
:10910000000000000000000000000000000000005F
:10911000000000000000000000000000000000004F
:10912000000000000000000000000000000000003F
:10913000000000000000000000000000000000002F
:10914000000000000000000000000000000000001F
:10915000000000000000000000000000000000000F
:1091600000000000000000000000000000000000FF
:1091700000000000000000000000000000000000EF
:1091800000000000000000000000000000000000DF
:1091900000000000000000000000000000000000CF
:1091A00000000000000000000000000000000000BF
:1091B00000000000000000000000000000000000AF
:1091C000000000000000000000000000000000009F
:1091D000000000000000000000000000000000008F
:1091E000000000000000000000000000000000007F
:1091F000000000000000000000000000000000006F
:109200000801010000000000000000003202100010
:109210001B00000000000000000000000000000033
:109220008C1C0000AF1C0000D21C0000F51C0000CC
:10923000200300004110080344611C0800000000E6
:10924000000000000000000000000000000000001E
:109250000A00000066666666560000000000000016
:1092600000000000000000000000000000000000FE
:109270000000000003000000181DD61D061E1F1E62
:10928000531F581E301F421F431F7E1707B8C307C6
:10929000008000002083000000803280648096807F
:1092A0002DB4040F110C0F0F10000F13A5BA030AF1
:1092B00018C80F00151015101043104320030000AC
:1092C000CBB2300DCE0345120000000000000000BC
:1092D0000000000000000000000000000A00000084
:1092E0006666666656000000000000000000000090
:1092F00011111111111111111111000000000010B4
:1093000003000000181DD61D061E1F1E531F581EE9
:10931000301F421F431F7E1707B80733008000002D
:109320002083000000803280648096802DB4040F7A
:10933000110C0F0F90000F13A5BA830A18C80F0065
:10934000151015101043104345097E1707B8C307C1
:109350000080008020F3000C00803280648096FE44
:109360002DB4FFFF11FDFFFFD0FF0F13A5BA830A35
:1093700018C80F00130F130F0F410F411F030000F8
:1093800009000000000000000000000000000000D4
:10939000189DD69D069E1F9E539F589E309F429FAC
:1093A000439F0000000000C000000000000000001B
:1093B00002000000000000000000000000000000AB
:1093C00000E60000EC0454E7E4077EE75509A20735
:1093D0000A09250945097E1707B8C3070080000060
:1093E0002083000000803280648096802DB4048F3A
:1093F00011FDFFFFD0FF0F93A5BA830A18E80FE015
:10940000130F13FF0F410F411F030000D4B80402D4
:109410000351188748F00C0C85011C08189DD69D37
:10942000069E1F9E539F589E309F429F439F5555B7
:10943000555555D55555000000000018086A666658
:1094400066666666366600270000000002E6008059
:10945000EC0C54EFE4877EE75509A2070AE925E9F9
:109460000000000000000100002802000000FC00D5
:10947000000000000D000D0059064006000000002D
:1094800001559701020000000000000000010202E7
:10949000002800008002FC00FFFFFF010D000D000E
:1094A00017001F000000000004B0B300000000100F
:1094B0000000000000020202002800008002FC0000
:1094C000FFFFFF010D000D0016001E000000000050
:1094D00004C4B300000000100000000000030202FA
:1094E000002800008002FC00FFFFFF010D000D00BE
:1094F00015001D000000000004D8B300000000109B
:109500000000000000040202002800008002FC00AD
:10951000FFFFFF010D000D0014001C000000000003
:1095200004ECB3000000001000000000000502027F
:10953000002800008002FC00FFFFFF010D000D006D
:1095400013001B00000000000400B4000000001025
:109550000000000000060202002800008002FC005B
:10956000FFFFFF010D000D0012001A0000000000B7
:109570000414B40000000010000000000007020204
:10958000002800008002FC00FFFFFF010D000D001D
:1095900011001900000000000428B40000000010B1
:1095A0000000000000080202002804008002FC0005
:1095B000FFFFFF010D000D0010001800000000006B
:1095C00020B0B30000000010000000000000000008
:1095D000002806000000FC00000000000D000D0047
:1095E000D20FA00F00000000015097010000000002
:1095F0000000000000000000002802000000FC0045
:10960000000000000D000D00C116A81600000000AB
:10961000018C97010600000000000000000B020210
:10962000002800008000FC00000000000D000D007C
:1096300017001F000000000004B0B300000000107D
:1096400000000000000C0202002800008000FC0066
:10965000000000000D000D0016001E0000000000BC
:1096600004C4B3000000001000000000000D02025E
:10967000002800008000FC00000000000D000D002C
:1096800015001D000000000004D8B3000000001009
:1096900000000000000E0202002800008000FC0014
:1096A000000000000D000D0014001C000000000070
:1096B00004ECB3000000001000000000000F0202E4
:1096C000002800008000FC00000000000D000D00DC
:1096D00013001B00000000000400B4000000001094
:1096E0000000000000100202002800008000FC00C2
:1096F000000000000D000D0012001A000000000024
:109700000414B40000000010000000000011020268
:10971000002800008000FC00000000000D000D008B
:1097200011001900000000000428B400000000101F
:109730000000000000120202002804008000FC006B
:10974000000000000D000D001000180000000000D7
:1097500020B0B300000000104F00000001F404002E
:1097600068931B00600000000C0000000100040072
:109770001428000060000000300000002D0084006C
:10978000142800001C000000730000002DF4840069
:1097900068931B001C000000700000002DF4840082
:1097A00068931B001C000000730000002DF484006F
:1097B00068931B001C000000630000002DF484006F
:1097C00068931B001C0000004F00000001F404001F
:1097D00068931B00E00001000C0000000100040081
:1097E00014280000E0000100300000002D0084007B
:1097F000142800001C000000700000002DF48400FC
:1098000068931B001C000000000000000000000026
:109810000000000000000000000000000000000048
:109820000000000000000000000000000000000038
:109830000000000000000000000000000000000028
:109840000000000000000000000000000000000018
:109850000000000000000000000000000000000008
:1098600000000000000000000000000000000000F8
:10987000000000000000000000000000922492247C
:109880009200920000000000224924492401A40013
:1098900000000000144924492401140100000000C4
:1098A000A448244924012201000000002445242961
:1098B000240124010000000024292445240124015E
:1098C000000000002449A4482201240100000000F7
:1098D00024491449140124010000000024492249AC
:1098E000A400240100000000FF7FFF7FFF01FF01B3
:1098F00000000000B66DB66DB601B60100000000B4
:10990000B26DB66DB601B60000000000966DB66D82
:10991000B601960100000000B66CB66DB601B2014A
:1099200000000000B665B62DB601B60100000000CB
:10993000B62DB665B601B60100000000B66DB66C76
:10994000B201B60100000000B66D966D9601B60139
:1099500000000000B66DB26DB600B6010000000058
:1099600001280000000000000000000000000000CE
:10997000000000020206AA006C768A94000106002C
:1099800000000000DB0600000106000091016E40AF
:10999000418C39030100009A1D018C610000000018
:1099A0000000000010100D100390BBBB8E5A22184F
:1099B00064116411893989390AE00FE06412641274
:1099C000012800000000000000000000000000006E
:1099D000000000020206AA006C768A9400010600CC
:1099E00000000000DB0600000106000091016E404F
:1099F000418C39030100009A1D018C6100000000B8
:109A00000000000010000C100380ABAA80442278F4
:109A1000641164118939893905E005E06412641222
:109A20000104000000000000000000000000000031
:109A3000000000020200AA006C768A940001060071
:109A400000000000DB060000040C000038066E2059
:109A5000418C390301000084C4058C6100000000C2
:109A60000000000010C40C500390BBBB804422785F
:109A7000641164118A39893905E00FE064126412B7
:109A8000D004020001020304CCF57AFDED20BF8F63
:109A9000CF0304021E0600036C768A9400010600C0
:109AA00000000000DB06000001460000121B002041
:109AB000006B39034100028400006B616478792BEC
:109AC000CF8A00801C5411980080BBBB00572278BD
:109AD000641164118A39893905E00FE06412641257
:109AE0000100000001010101CCF57AFDED20BF8FDE
:109AF000CF030402020600006C768A94000106007F
:109B000000000000DB060000000C0000401A0020EE
:109B10004100380341000284000000606478792B22
:109B2000CF8A00801C5410180380BBBB804622786B
:109B3000641164118A39893905E00FE064126412F6
:109B4000D004020002020202CCF57AFDED20BF8FA4
:109B5000CF030402020600006C768A94000106001E
:109B600000000000DB06000001460000121B002080
:109B7000006B39034100028400006B616478792B2B
:109B8000CF8A00801C5411980380BBBB804622788A
:109B9000641164118A39893905E00FE06412641296
:109BA0000100000003030303CCF57AFDED20BF8F15
:109BB000CF030402020600006C768A9400010600BE
:109BC00000000000DB060000000C0000401A00202E
:109BD0004100380341000284000000606478792B62
:109BE000CF8A00801C5410180380BBBB80462278AB
:109BF000641164118A39893905E00FE06412641236
:109C0000D004020004040404CCF57AFDED20BF8FDB
:109C1000CF030402020600006C768A94000106005D
:109C200000000000DB06000001460000121B0020BF
:109C3000006B39034100028400006B616478792B6A
:109C4000CF8A00801C5411980380BBBB80462278C9
:109C5000641164118A39893905E00FE064126412D5
:109C60000100000000000000CCF57AFDED20BF8F60
:109C7000CF030402020600006C768A9400010600FD
:109C800000000000DB060000000C0000FF3B00208D
:109C90004100380341000284000000606478792BA1
:109CA000CF8A00801CC410180300000000C6227870
:109CB000641164118039803905000F00551055106A
:109CC000000000000000000000101000000092CD15
:109CD0000000C180100F0002000087370000BBF1B8
:109CE000100F00040000904100008B43100E00078D
:109CF0000000BBF100009167100C000900001DFB83
:109D00000000709E100E000500000000C806000054
:109D1000BAF15942BAF15942450EA63D11223344D7
:109D20005566778899AABBCCDDEEFF69000000007C
:109D30000000000000000000000000000000000023
:109D40000000000000000000C022C02231302F2E91
:109D50002D2C2B2A292827262524232221201F1EAB
:109D60001D1C1B1A191817161514131211100F0E9B
:109D70000D0C0B0A09080706050403020100000088
:109D800000000000000000000000000000000000D3
:109D9000000000004A494847464544434241403F8D
:109DA0003E3D3C3B3A393837363534333231302F4B
:109DB0002E2D2C2B2A292827262524232221201F3B
:109DC0001E1D1C1B1A1900000000000000000000EE
:109DD0000000000000000000000000002000E0C0C3
:109DE000A08060402000E0C0A08060402000E0C073
:109DF000A08060402000E0C0A08060402000E0C063
:109E0000A08060402000E0C0A080604020000000F2
:109E100076DBB62D2449921BDBB6491292942409B5
:109E2000090000002000E0C0A08060402000E0C0E9
:109E3000A08060402000E0C0A08060402000E0C022
:109E4000A08060402000E0C0A08060402000E0C012
:109E5000A08060402000000076DBB62D2449921BD4
:109E6000DBB6491292942409090000002021E0E1A8
:109E7000A0A160612021E0E1A0A160612021E0E1DA
:109E8000A0A160612021E0E1A0A160612021E0E1CA
:109E9000A0A160612021E0E1A0A16061202100007B
:109EA00076DBB62D2449921BDBB649129294240925
:109EB000090000000100C1C0818041400100C1C013
:109EC000818041400100C1C0818041400100C1C08A
:109ED000818041400100C1C0818041400100C1C07A
:109EE000818041400100000076DBB62D2449921BA1
:109EF000DBB6491292942409090000002120E1E018
:109F0000A1A061602120E1E0A1A061602120E1E049
:109F1000A1A061602120E1E0A1A061602120E1E039
:109F2000A1A061602120E1E0A1A0616021200000EA
:109F300076DBB62D2449921BDBB649129294240994
:109F40000900000073533313F2D2B29272523212EC
:109F5000F2D2B29272523212F2D2B29272523212E1
:109F6000F2D2B29272523212F2D2B29272523212D1
:109F7000F2D2B2927252000000D0B62D2D49922436
:109F8000DBB66D1292242509490200003C1CFCDC62
:109F9000BC9C7C5C3C1CFCDCBC9C7C5C3C1CFCDC01
:109FA000BC9C7C5C3C1CFCDCBC9C7C5C3C1CFCDCF1
:109FB000BC9C7C5C3C1CFBDBBB9B7B5B3B1B0000C1
:109FC0002D499224DBB66D12922425094902000026
:109FD00040DBB62DB49474543414F3D3B393735359
:109FE0003313F3D3B39373533313F3D3B393735341
:109FF0003313F3D3B39373533313F3D3B393735331
:10A000003313F3D3B39300000000B42D6D4B9224AF
:10A01000E4B66D1B9224490949920000FBDBBB9B0F
:10A020007B5B3B1BFBDBBB9B7B5B3B1BFBDBBB9B80
:10A030007B5B3B1BFBDBBB9B7B5B3B1BFBDBBB9B70
:10A040007B5B3B1BFADABA9A7A5A3A1AFADA0000C0
:10A050002449921BDBB6491292942409090000009E
:10A060006DDBB624F5D5B59575553515F4D4B49496
:10A0700074543414F4D4B49474543414F4D4B494A0
:10A0800074543414F4D4B49474543414F4D4B49490
:10A0900074543414F4D400000000002D6DDB9224BD
:10A0A00024B96D1B9B24491249922400BA9A7A5A0A
:10A0B0003A1AFADABA9A7A5A3A1AFADABA9A7A5A00
:10A0C0003A1AFADABA9A7A5A3A1AFADABA9A7A5AF0
:10A0D0003A1AF9D9B99979593919F9D9B9990000C0
:10A0E00024496E1BDB264912529224090000002DE0
:10A0F0006DDB92243616F6D6B69676563616F5D51C
:10A10000B59575553515F5D5B59575553515F5D5FF
:10A11000B59575553515F5D5B59575553515F5D5EF
:10A12000B595755535150000090000006DDBB624A6
:10A1300024496E1BDB264912529224097959391998
:10A14000F9D9B99979593919F9D9B999795939197F
:10A15000F9D9B99979593919F9D9B999795939196F
:10A16000F8D8B89878583818F8D8B89878580000BF
:10A1700024B96D1B9B244912499224000000B42D80
:10A180006D4B922477573717F7D7B797775737170D
:10A19000F6D6B69676563616F6D6B696765636165F
:10A1A000F6D6B69676563616F6D6B696765636164F
:10A1B000F6D6B696765600004902000040DBB62D72
:10A1C0002449921BDBB64912929424093818F8D816
:10A1D000B89878583818F8D8B89878583818F8D8FF
:10A1E000B89878583818F8D8B89878583818FFFFC1
:10A1F000FFFFFFFFFFFFFFFFFFFFFFFFFFFF00006D
:10A20000E4B66D1B922449094992000000F0FF3F1B
:10A21000FFFFFF3FFFFFFFFFFFFFFFFFFFFFFFFF0E
:10A22000FFFFF7D7B79777573717F7D7B79777570E
:10A230003717F7D7B79777573717F7D7B7977757AE
:10A240003717F7D7B7970000FFFFFF3FFFDFB62DA7
:10A250002D499224DBB66D12922425096362616058
:10A260005F5E5D5C5B5A5958575655545352515076
:10A270004F4E4D4C4B4A4948474645444342414066
:10A280003F3E3D3C3B3A39383736353433320000B7
:10A2900000000000000000000000000000000000BE
:10A2A0000000000031302F2E2D2C2B2A29282726A4
:10A2B0002524232221201F1E1D1C1B1A19181716C6
:10A2C0001514131211100F0E0D0C0B0A09080706B6
:10A2D000050403020100000000000000000000006F
:10A2E000000000000000000000000000000000006E
:10A2F000000000000000000000000000000000005E
:10A30000000000000000000000000000000000004D
:10A31000000000000000000000000000000000003D
:10A32000000000000000000000000000000000002D
:10A33000000000000000000000000000000000001D
:10A34000000000000000000000000000000000000D
:10A3500000000000000000000000000000000000FD
:10A3600000000000000000000000000000000000ED
:10A3700000000000000000000000000000000000DD
:10A3800000000000000000000000000000000000CD
:10A3900000000000000000000000000000000000BD
:10A3A00000000000000000000000000000000000AD
:10A3B000000000000000000000000000000000009D
:10A3C000000000000000000000000000000000008D
:10A3D000000000000000000000000000000000007D
:10A3E000000000000000000000000000000000006D
:10A3F000000000000000000000000000000000005D
:10A40000000000000000000000000000000000004C
:10A41000000000000000000000000000000000003C
:10A42000000000000000000000000000000000002C
:10A43000000000000000000000000000000000001C
:10A44000000000000000000000000000000000000C
:10A4500000000000000000000000000000000000FC
:10A4600000000000000000000000000000000000EC
:10A4700000000000000000000000000000000000DC
:10A4800000000000000000000000000000000000CC
:10A4900000000000000000000000000000000000BC
:10A4A00000000000000000000000000000000000AC
:10A4B000000000000000000000000000000000009C
:10A4C000000000000000000000000000000000008C
:10A4D000000000000000000000000000000000007C
:10A4E000000000000000000000000000000000006C
:10A4F000000000000000000000000000000000005C
:10A50000000000000000000000000000000000004B
:10A51000000000000000000000000000000000003B
:10A52000000000000000000000000000000000002B
:10A53000000000000000000000000000000000001B
:10A54000000000000000000000000000000000000B
:10A5500000000000000000000000000000000000FB
:10A5600000000000000000000000000000000000EB
:10A5700000000000000000000000000000000000DB
:10A5800000000000000000000000000000000000CB
:10A5900000000000000000000000000000000000BB
:10A5A00000000000000000000000000000000000AB
:10A5B000000000000000000000000000000000009B
:10A5C000000000000000000000000000000000008B
:10A5D000000000000000000000000000000000007B
:10A5E000000000000000000000000000000000006B
:10A5F000000000000000000000000000000000005B
:10A60000000000000000000000000000000000004A
:10A61000000000000000000000000000000000003A
:10A62000000000000000000000000000000000002A
:10A63000000000000000000000000000000000001A
:10A64000000000000000000000000000000000000A
:10A6500000000000000000000000000000000000FA
:10A6600000000000000000000000000000000000EA
:10A6700000000000000000000000000000000000DA
:10A6800000000000000000000000000000000000CA
:10A6900000000000000000000000000000000000BA
:10A6A00000000000000000000000000000000000AA
:10A6B000000000000000000000000000000000009A
:10A6C000000000000000000000000000000000008A
:10A6D000000000000000000000000000000000007A
:10A6E000000000000000000000000000000000006A
:10A6F000000000000000000000000000000000005A
:10A700000000000000000000000000000000000049
:10A710000000000000000000000000000000000039
:10A720000000000000000000000000000000000029
:10A730000000000000000000000000000000000019
:10A740000000000000000000000000000000000009
:10A7500000000000000000000000000000000000F9
:10A7600000000000000000000000000000000000E9
:10A7700000000000000000000000000000000000D9
:10A7800000000000000000000000000000000000C9
:10A7900000000000000000000000000000000000B9
:10A7A00000000000000000000000000000000000A9
:10A7B0000000000000000000000000000000000099
:10A7C0000000000000000000000000000000000089
:10A7D0000000000000000000000000000000000079
:10A7E0000000000000000000000000000000000069
:10A7F0000000000000000000000000000000000059
:10A800000000000000000000000000000000000048
:10A810000000000000000000000000000000000038
:10A820000000000000000000000000000000000028
:10A830000000000000000000000000000000000018
:10A840000000000000000000000000000000000008
:10A8500000000000000000000000000000000000F8
:10A8600000000000000000000000000000000000E8
:10A8700000000000000000000000000000000000D8
:10A8800000000000000000000000000000000000C8
:10A8900000000000000000000000000000000000B8
:10A8A00000000000000000000000000000000000A8
:10A8B0000000000000000000000000000000000098
:10A8C0000000000000000000000000000000000088
:10A8D0000000000000000000000000000000000078
:10A8E0000000000000000000000000000000000068
:10A8F0000000000000000000000000000000000058
:10A900000000000000000000000000000000000047
:10A910000000000000000000000000000000000037
:10A920000000000000000000000000000000000027
:10A930000000000000000000000000000000000017
:10A940000000000000000000000000000000000007
:10A9500000000000000000000000000000000000F7
:10A9600000000000000000000000000000000000E7
:10A9700000000000000000000000000000000000D7
:10A9800000000000000000000000000000000000C7
:10A9900000000000000000000000000000000000B7
:10A9A00000000000000000000000000000000000A7
:10A9B0000000000000000000000000000000000097
:10A9C0000000000000000000000000000000000087
:10A9D0000000000000000000000000000000000077
:10A9E0000000000000000000000000000000000067
:10A9F0000000000000000000000000000000000057
:10AA00000000000000000000000000000000000046
:10AA10000000000000000000000000000000000036
:10AA20000000000000000000000000000000000026
:10AA30000000000000000000000000000000000016
:10AA40000000000000000000000000000000000006
:10AA500000000000000000000000000000000000F6
:10AA600000000000000000000000000000000000E6
:10AA700000000000000000000000000000000000D6
:10AA800000000000000000000000000000000000C6
:10AA900000000000000000000000000000000000B6
:10AAA00000000000000000000000000000000000A6
:10AAB0000000000000000000000000000000000096
:10AAC0000000000000000000000000000000000086
:10AAD0000000000000000000C8220811E822100C4D
:10AAE0000000000000000000000000000000000066
:10AAF0000000000000000000000000000000000056
:10AB00000000000000000000000000000000000045
:10AB10000000000000000000000000000000000035
:10AB2000C00BBC0DEE0B0000400BBC0FEC0B040087
:10AB3000C02ABC0FEA0B0C00404ABC0FE80B140003
:10AB4000C069BC0FE60B1C004089BC0FE40B24005D
:10AB5000C0A8BC0FE20B2C0040C8BC0C00000000D9
:10AB600000000000000000000000000000000000E5
:10AB700000000000000000000000000000000000D5
:10AB800000000000000000000000000000000000C5
:10AB900000000000000000000000000000000000B5
:10ABA00029292929292929292A2A2A2A2A2A2A2A0D
:10ABB0002A2A2A2A2A2A2A2A2A2A2A2A2A2A2A2AF5
:10ABC0002A2A2A2A2A2A2A2A2929292929292929ED
:10ABD0000000000000000000000000000000000075
:10ABE0000000000000000000000000000000000065
:10ABF0000000000000000000000000000000000055
:10AC00000000000000000000000000000000000044
:10AC10000000000000000000000000000000000034
:10AC20000000000000000000000000000000000024
:10AC30000000000000000000000000000000000014
:10AC40000000000000000000000000000000000004
:10AC500000000000000000000000000000000000F4
:10AC600000000000000000000000000000000000E4
:10AC700000000000000000000000000000000000D4
:10AC800000000000000000000000000000000000C4
:10AC900000000000000000000000000000000000B4
:10ACA00000000000000000000000000000000000A4
:10ACB0000000000000000000000000000000000094
:10ACC0000000000000000000000000000000000084
:10ACD0000000000000000000000000000000000074
:10ACE0000000000000000000000000000000000064
:10ACF0000000000000000000000000000000000054
:10AD00000000000000000000000000000000000043
:10AD10000000000000000000000000000000000033
:10AD20000000000000000000000000000000000023
:10AD30000000000000000000000000000000000013
:10AD40000000000000000000000000000000000003
:10AD500000000000000000000000000000000000F3
:10AD600000000000000000000000000000000000E3
:10AD700000000000000000000000000000000000D3
:10AD800000000000000000000000000000000000C3
:10AD900000000000000000000000000000000000B3
:10ADA00000000000000000000000000000000000A3
:10ADB0000000000000000000000000000000000093
:10ADC0000000000000000000000000000000000083
:10ADD0000000000000000000000000000000000073
:10ADE0000000000000000000000000000000000063
:10ADF0000000000000000000000000000000000053
:10AE00000000000000000000000000000000000042
:10AE100006F0F15506F0F15506F0F15506F0F15542
:10AE200018171616171717171616161616171717B8
:10AE300016171716171718171616151616161516AD
:10AE40001817171717171717171717161717171693
:10AE50001616161616161716171616161616161690
:10AE60001717171717171718171717171717171771
:10AE7000171616161717171616161717161716166B
:10AE80001816171616171617171716171716171658
:10AE90001717171617171717161617171617161648
:10AEA0001716171616171717181717171717171833
:10AEB000171716161617161716161716171716162B
:10AEC0001716161716171717171617171617171717
:10AED000161716161717161716161717171616150C
:10AEE00016161717161617171716161616161616FD
:10AEF00017161616161616161616171717161615EF
:10AF000016161716171716171717171717161617D7
:10AF100016171616161616161616161716171516CF
:10AF200016151616171716171717161516161516BF
:10AF300016161616161616161616161516151515B5
:10AF4000161617161716171616161616161616169E
:10AF50001617161616161616161616161615151593
:10AF60001616171617171616161615151515161682
:10AF70001616151516161616171616171717151571
:10AF80001516161616161616161616161616161662
:10AF90001616151616161616161516181716151552
:10AFA0001516171616151616161615161615151645
:10AFB0001515151515161615161517171615161538
:10AFC0001516151616161516151615161515161628
:10AFD000151515151516161616151515161515151C
:10AFE0001516161516151516161617161616161604
:10AFF00015151515151616151615151515151515FE
:10B0000015151615151516161616161516151515E9
:10B0100016151515151516151515151716161514DB
:10B0200015151515161515161615151515151516CC
:10B0300015151515141515151615151716161415BD
:10B0400015151515151615151616151615151515AC
:10B0500015151515151515151515151515151415A1
:10B060001414151515151515151515151515151592
:10B070001515151415151515151515151515151581
:10B080001414151515151515151515151515151572
:10B090001515151414151515151515151515141563
:10B0A0001515151515151515151515151515151550
:10B0B0001515151414151515151515141514141545
:10B0C0001413141414151515151514151515151537
:10B0D0001514141414151515151515151414151526
:10B0E0001414141414151515151515151414141518
:10B0F000151414141414151415151414141414150B
:10B1000015141515151515151515141515141415F3
:10B1100015141514141414151514151414141414EA
:10B1200014141515151515151515151515151515D1
:10B1300014141414141514141515141414151414CB
:10B1400014141414151414141515151515151515B6
:10B1500015141414141415151515141414141414AA
:10B160001514141415151415151515151515151593
:10B17000151414141414141515151514141414148A
:10B18000151515141515151615151515151515156F
:10B19000151414141414141415151414141415146B
:10B1A0001515141414141414151515151514151556
:10B1B000141414141414141415141414141415144D
:10B1C0001514141415151414151415141414151538
:10B1D000151414141414141415151414141414142C
:10B1E000151414151414141414141514141414151B
:10B1F000141414141414141414141414141414140F
:10B2000014141414141414141514141414141515FB
:10B2100014141414141414141414141414141414EE
:10B2200014151414141414141414151414141415DB
:10B2300014141413141414141414141414141414CF
:10B2400014141414141414141414141414141415BD
:10B2500014141414141414141414141314141414AF
:10B2600014131413141314141414141414141414A1
:10B270001414131314141414141414141414141490
:10B280001314131413141414141414141414141481
:10B290001413131313131414141414131413131476
:10B2A0001313131313131313141414141414141466
:10B2B0001414141313131414141414131313141454
:10B2C0001313131313131313141414141314141447
:10B2D0001414131313131313141414141314141435
:10B2E0001314131313141413141414141314131425
:10B2F0001413131313131314141414141414141513
:10B300001314141313141413141414131414141402
:10B3100014141313141313141414141314141314F3
:10B3200013131313131313131414141313141414E7
:10B3300014141314131413141414141313141414D2
:10B3400014131313141313131414141413131314C6
:10B3500013131313131313131414131313141313BA
:10B3600014131213131313131414131313131414A9
:10B37000131413131313131313131313131314139B
:10B38000131313131313131313131314131313148B
:10B390001313131313131313141414131314141378
:10B3A0001213131313131313141314141413141468
:10B3B0001313131314131313141313131414141358
:10B3C0001312131313121213131313131313131350
:10B3D0001313131313131313141413141314141338
:10B3E0001312131313131313141414141413131428
:10B3F000131313131313131314131313131314131B
:10B40000131313131313131313141313131313130B
:10B4100013131213121313131313131313131314FD
:10B4200013131313121213131313131313131314ED
:10B4300013121212131313131313131313131313DF
:10B4400013131313121212121313131313131314CF
:10B4500013131313131213141313131313131314BB
:10B46000181718181818181818181818181919195A
:10B470001718191717181818181817171717171754
:10B480001818181818181818181817171718181740
:10B49000171717171717181717171717171717163C
:10B4A0001717171817181818171717181818181823
:10B4B0001817181818181818181818181717171711
:10B4C0001717171718181818171717171717171708
:10B4D00018181818181818181817181817171716F2
:10B4E00017171717171717171818181717171718E8
:10B4F00017171717171718171817181717171716DA
:10B5000017171717171718171817171717171717C9
:10B5100018171717181817181717171716161716BA
:10B5200015171818181717181717171717161717AA
:10B53000171717171717171818181817161616169B
:10B54000151717171717171818171817171717178A
:10B55000171717171717171717171717151616177F
:10B56000161717171717171717171717161717176D
:10B570001717171616171717171717161616161662
:10B58000171617171717171717171617161717184D
:10B59000171717171718171717171717161616163E
:10B5A0001717171717171717171715161716161730
:10B5B000161717171717171717171717171716161E
:10B5C0001616161616171617181716171616171614
:10B5D0001716161616161717171717161616161605
:10B5E00017161617161616161616151716171717F6
:10B5F00016161616161716161717171616161616E7
:10B6000016161616161716161616161716161716D7
:10B6100016161616161616171716161616151615CA
:10B6200016161616161616171617161616161616B8
:10B6300016161616161616161716171617161615A8
:10B640001716171616161616161616171716161696
:10B65000161616161616161616161616161616158B
:10B660001716171616161616161616161616161678
:10B67000161616161616161617161616161615166A
:10B680001616161717171716171717171616161652
:10B69000161616161616161617161616161615164A
:10B6A000151516161616161616171616161616163B
:10B6B0001616161516161616161617171616161629
:10B6C000161616161616161616161616161616161A
:10B6D000161616151516161616161616161616160C
:10B6E00016151616161616161717161616161616F9
:10B6F00016161616161617161616161616161516EA
:10B7000015151615151616161717161616171617D9
:10B7100016161615151616161617171617161616C8
:10B7200015151516151616161616161616161616BD
:10B7300016151515151616161617161616151516AE
:10B740001615161616161717171616161616161697
:10B75000161616161616161616161617151515158C
:10B76000151616161616161616161616161616167A
:10B770001616161515151616161616161515151570
:10B780001516161616161616171617161616161658
:10B79000161616151616161616161616161515164C
:10B7A0001515161616161616171617161616161639
:10B7B0001615151515151616161616161515151532
:10B7C0001616171616161616161616161616161618
:10B7D000161516151515151616161616161616150F
:10B7E00016161516151616161617161616161616FA
:10B7F00016151515151616161616161616161616ED
:10B8000016151615151616161616161615151616DD
:10B8100016151515151515151616161615161616D0
:10B8200015151516151516161616151616161616BE
:10B8300016161515151515161616161515151516B1
:10B84000151515151515151616161616161616169F
:10B850001515151515151515161616151515161594
:10B860001515161515151515161616151515151683
:10B870001515151515151515151516151515151577
:10B880001415161615161515161615151515151663
:10B890001615151515151515151515151515151656
:10B8A0001515151515151515151516151516161545
:10B8B0001615151515151515161516151515151634
:10B8C0001415151515151515161515151515161626
:10B8D0001515141515151515151515151515151618
:10B8E0001414151515151515151616161615151605
:10B8F00015151515151515151515151515151516F7
:10B9000014151515151515151515151515151516E7
:10B9100016151515151515151616151515151516D3
:10B9200014151515151515151515161515151516C6
:10B9300016151515151515151515161515151515B5
:10B9400014151515151515151515151516161616A4
:10B950001515151515151516151516151515151595
:10B96000141415151514151515151515151515158A
:10B970001515141515151515151516151515151577
:10B980001515151515151514151515151515151568
:10B99000151514141514151515151515151515145B
:10B9A000141415151515141415151515151515154B
:10B9B0001415141414141514151515141414151540
:10B9C000141515151515141415151515151515152A
:10B9D000151414141414141415151515151515151E
:10B9E000141414141414141415151516151515150E
:10B9F00015151514151514141515151515151515FA
:10BA000014141414141414141515141414151415F2
:10BA100014141414141414141516151515151515DD
:10BA200013141414141414141615151515151515CE
:10BA300014141414141414141414141514141515C3
:10BA400014141414141414141415151515141515B0
:10BA500015141414141414141414141414151415A3
:10BA6000131413131313131414141414141414149C
:10BA7000131313131313141414141414141414158B
:10BA80001314131313131313131313131314141482
:10BA90001414141414141414141515141414141464
:10BAA0001919181818181818181818181819191911
:10BAB00018191A18191A1A191919181818181818FB
:10BAC0001919191A191A191A1919191819191919E4
:10BAD00018181818181818181919191818181818E3
:10BAE000191918191919191A1919191919191919C6
:10BAF00018181818181919191918191818181818C1
:10BB000018191818191818191818181819181818B1
:10BB1000191919181919191918181819181818189D
:10BB200018181818181918191A1919191A19191989
:10BB30001818181818191918191818181818181882
:10BB40001918181918191918181818181818181871
:10BB50001818181818191819181818181818181764
:10BB60001718181918191A1A19191919191819184A
:10BB7000191918191919191919191818171818173E
:10BB80001718181818181919191918181818181832
:10BB90001818181818181818181818181718181826
:10BBA0001717181818181818181818181818181817
:10BBB0001818181818181818181818181717171709
:10BBC00019181818181818181918181818181818F3
:10BBD00018181818191919181918181918181817E1
:10BBE00018181818181819191818171818181818D4
:10BBF00018181817181818181818181818181717C8
:10BC000016181818181818181818171818181818B7
:10BC100018181818181817181818181818181818A5
:10BC20001817181818181818181817181817181798
:10BC300017171718181818171918191B1818181784
:10BC4000181817181718171817171718171717187D
:10BC5000171717171717181818171818181718176D
:10BC60001717171718171818181818181818181859
:10BC70001818171818171817181818181818181847
:10BC8000171717171818181818181817181717183B
:10BC9000171818171717171718181718171718172E
:10BCA0001818181718181718181817171718181819
:10BCB000171717171717171717181818181817180E
:10BCC00017171717181817171718181818181918FA
:10BCD00017181817171717171718181818171717EE
:10BCE00019181718171717181818181717171718DB
:10BCF00017171717171717171818181817171717D0
:10BD000017171717171818171818181817181818BA
:10BD100017171716171717171717181817171718B1
:10BD20001717171817171817181818181818181899
:10BD30001717171717171717171717171718171792
:10BD40001617171717171717181817171718171781
:10BD5000171717171717171718181817171817186E
:10BD60001616171717171717171717171717171765
:10BD70001716161616171717171717171717171757
:10BD80001617171717171717171717171717171744
:10BD90001717171717171717171718171717171732
:10BDA0001617171717171717181717171717171822
:10BDB0001717171717171717171717171717171614
:10BDC0001717171717171717181718171717171800
:10BDD00017171717171717171817171717171716F3
:10BDE00016161617171717171818181818181718DF
:10BDF00017161717171717171717171717171716D5
:10BE000017171717171718171818171817171718BD
:10BE100017171617171717171817171717171717B2
:10BE200016161717171717171817171718171718A1
:10BE30001717171717171717171717171717171792
:10BE40001716171717171717181717171717171782
:10BE50001717161617171717171717171717171774
:10BE60001616171717171717171717171717171764
:10BE70001717171716171717171717171717171753
:10BE80001617171717171717181717171717171841
:10BE90001717161617171717171717171717171734
:10BEA0001616171617171717171717171717171725
:10BEB0001717171717171717171717171717171712
:10BEC0001516171717161617171717171717171707
:10BED00017171717171617171717171717171717F3
:10BEE00015161616161617161717181817181718E6
:10BEF00017171616171717171717171717171717D4
:10BF000015161617171716171717171717171717C6
:10BF100017161616161617171717171717171717B6
:10BF200015161616161716161717171717171717A9
:10BF3000161616161616171717161716161617179B
:10BF4000151616161616161617171717161717178B
:10BF50001717171616161716171717171617171776
:10BF6000151616161616161617171717171717176A
:10BF70001716161616161616171717171717171758
:10BF8000151616161616161617171716171717174B
:10BF90001717161717161717171717161617171735
:10BFA000151616161617161617171716161617172C
:10BFB0001717161616171616171717171717171716
:10BFC000151616171616161617171717171617170A
:10BFD00017161616161616161717161616171716FC
:10BFE00016151617161616161717171717171717E9
:10BFF00016161616161616161616161617161717DE
:10C0000015161616161616161717171717161617CB
:10C0100017161616161616161717171717171717B7
:10C0200016161717161616161717171717171717A6
:10C03000171716161616161616161616171717179A
:10C04000151616161616161617171617161717178B
:10C050001616161616171616171716171717171778
:10C06000151516161616161617171717171717176A
:10C07000161616161616161617161716171717175A
:10C080001516161617161616171717171617171749
:10C09000161616171616161616171616161616173D
:10C0A000161616161616161616171716161717172B
:10C0B0001616161615161616161716161616161B1B
:10C0C000171616151516151616161616161717170F
:10C0D0001616161616151515151616161616161802
:10C0E0001B1A1A1B1D1B1B1A1C1B1C1C1D1C1E1D96
:10C0F0001B1B1C1A1B1C1D1C1B1D1D1C1B1C1B1B86
:10C100001D1C1C1D1C1D1D1D1D1D1C1C1D1D1D1D64
:10C110001C1D1C1C1C1C1C1C1C1C1D1D1C1C1C1C5C
:10C120001C1C1C1C1C1D1D1D1D1D1D1D1D1E1E1D42
:10C130001D1C1D1C1D1C1D1D1D1D1D1D1C1C1C1C36
:10C140001C1B1C1C1D1D1C1E1D1C1D1C1D1D1D1C27
:10C150001D1D1D1D1D1D1D1D1C1C1D1C1C1C1C1C16
:10C160001C1B1C1C1C1D1D1D1D1D1D1D1D1D1D1D05
:10C170001D1D1D1C1C1D1D1D1D1D1D1D1C1C1C1CF5
:10C180001B1B1C1C1C1C1D1C1D1D1C1D1D1D1D1DE9
:10C190001D1C1C1C1D1D1C1D1D1C1C1C1C1C1C1CDA
:10C1A0001A1B1D1C1C1C1D1D1C1C1C1C1C1C1C1CCF
:10C1B0001D1D1C1D1D1D1D1D1D1D1D1D1B1C1C1AB7
:10C1C0001A1C1C1C1C1D1D1D1D1D1D1D1D1C1C1DA8
:10C1D0001D1C1C1C1C1D1C1C1D1D1D1C1B1C1B1C9C
:10C1E0001A1B1C1C1C1C1D1D1D1D1C1C1C1C1C1C8E
:10C1F0001C1D1C1C1C1C1C1C1D1D1D1C1B1B1B1B7F
:10C200001B1B1C1C1C1C1C1D1D1D1C1D1C1C1D1D6A
:10C210001C1C1C1B1C1D1C1D1D1C1C1D1C1C1C1A5D
:10C220001B1C1C1D1C1C1C1D1D1C1B1C1D1C1C1C4C
:10C230001C1C1C1C1C1C1C1D1D1C1D1D1C1D1C1B3A
:10C240001A1B1C1C1C1C1C1D1D1D1B1C1C1C1C1C2F
:10C250001D1C1C1C1C1C1C1C1C1D1C1C1C1C1C1A1E
:10C260001B1B1B1C1C1B1C1D1C1C1B1D1C1C1E1D0E
:10C270001C1C1C1C1D1E1C1C1C1C1D1D1D1C1C1BF9
:10C280001C1C1B1C1C1C1B1C1B1C1B1D1C1D1D1DEE
:10C290001E1D1D1C1D1D1D1D1C1C1C1C1C1C1C1BD7
:10C2A0001A1A1B1C1C1C1B1C1C1C1D1D1C1C1E1DCF
:10C2B0001D1C1C1D1D1E1D1D1D1D1D1C1C1C1D1CB3
:10C2C0001B1B1C1C1C1C1B1C1C1C1C1C1D1C1C1CB0
:10C2D0001C1C1C1C1C1C1C1C1C1D1C1C1C1C1C1B9E
:10C2E0001B1B1C1C1C1C1B1C1C1C1C1C1C1D1E1D8D
:10C2F0001C1C1C1B1C1B1B1C1D1C1D1D1C1C1B1C7F
:10C300001A1B1B1C1C1C1C1B1C1C1C1E1D1E1D1D6B
:10C310001D1D1C1D1D1C1D1C1D1D1D1D1D1C1B1C54
:10C320001A1A1B1C1B1C1C1D1C1C1C1C1C1D1D1D4F
:10C330001D1D1C1D1C1C1D1C1E1D1E1D1C1C1C1C33
:10C340001B1B1C1B1C1D1D1C1D1C1C1D1D1D1D1D28
:10C350001C1C1D1C1C1D1D1C1D1D1D1D1C1D1C1C15
:10C360001A1B1B1C1C1D1D1C1D1C1D1C1C1C1C1C0D
:10C370001C1C1C1C1C1C1C1D1C1C1D1C1D1C1C1CFA
:10C38000191B1B1B1B1B1B1B1C1C1B1B1C1C1C1CF9
:10C390001B1C1B1A1B1B1B1B1C1C1C1B1C1C1C1CE6
:10C3A000191B1B1B1B1B1B1B1C1B1C1C1B1C1B1CDA
:10C3B0001B1B1B1A1A1B1C1B1C1C1C1C1B1B1B1BCA
:10C3C0001A1B1B1C1C1C1C1C1C1C1B1C1C1C1C1CB2
:10C3D0001C1C1C1C1C1B1C1C1C1C1C1C1C1C1C1AA0
:10C3E0001A1B1B1B1C1B1C1C1C1C1C1C1C1C1C1C93
:10C3F0001B1B1B1B1B1B1B1B1C1C1C1C1B1C1C1B87
:10C40000191A1B1B1B1B1B1C1C1C1C1C1C1C1C1C76
:10C410001C1B1C1B1B1B1B1C1C1C1C1C1C1B1C1B63
:10C420001A1A1B1C1C1B1B1C1C1D1D1C1C1C1C1C51
:10C430001B1B1B1B1B1B1B1B1C1B1C1B1C1C1C1B47
:10C440001C1B1C1C1B1C1C1C1C1C1C1C1C1C1C1C2E
:10C450001C1B1B1B1B1B1B1B1C1C1C1C1C1C1C1B24
:10C460001B1B1B1B1B1C1C1C1C1C1C1D1D1C1C1D0E
:10C470001C1B1C1C1C1C1C1C1C1C1C1B1C1B1C1CFF
:10C480001A1B1B1B1B1C1B1C1C1B1C1C1C1C1C1CF4
:10C490001B1B1B1B1B1B1B1B1C1C1C1C1C1B1C1CE5
:10C4A0001A1B1C1C1C1B1C1B1C1C1C1C1C1C1D1CD0
:10C4B0001C1B1B1C1B1B1B1C1C1B1C1C1B1B1C1BC5
:10C4C0001A1B1B1C1C1B1B1B1C1C1C1C1C1C1C1DB2
:10C4D0001B1B1B1B1B1B1B1B1C1C1C1C1C1C1C1BA5
:10C4E0001A1B1B1B1B1B1B1B1C1C1C1C1C1C1C1C95
:10C4F0001B1C1B1B1C1B1C1C1C1C1C1B1B1C1C1B83
:10C500001A1B1C1B1C1B1B1B1C1C1C1C1C1C1C1C72
:10C510001C1B1B1B1B1B1B1C1C1C1C1B1C1C1C1B63
:10C520001B1A1B1B1B1B1B1B1C1C1C1C1C1C1C1C54
:10C530001C1B1B1B1B1B1B1C1C1C1C1B1C1C1B1B44
:10C54000191A1B1B1B1B1B1B1C1C1C1C1C1C1C1C36
:10C550001C1B1B1B1B1C1C1B1C1C1C1B1C1B1B1B24
:10C56000191A1B1A1B1B1B1B1C1C1C1B1B1B1C1C1A
:10C570001B1B1B1B1B1B1C1C1C1B1B1B1B1B1C1B07
:10C580001A1A1B1B1B1B1B1B1C1C1C1C1B1B1B1CF8
:10C590001B1B1B1B1B1B1B1B1C1C1C1C1B1C1C1CE4
:10C5A0001A1A1B1B1B1B1B1B1C1B1C1C1B1C1C1CD7
:10C5B0001B1B1B1B1B1B1B1B1C1B1C1B1B1C1C1CC6
:10C5C000191A1B1B1B1B1B1B1C1C1C1B1C1C1C1CB7
:10C5D0001C1B1B1B1B1B1B1C1B1B1C1C1C1D1B1BA4
:10C5E000191A1B1B1B1B1B1B1B1B1B1B1B1B1B1C9D
:10C5F0001B1B1B1B1B1B1B1B1C1C1C1B1B1C1C1B86
:10C60000191A1B1B1B1B1B1B1C1B1C1C1C1B1C1C77
:10C610001B1C1B1B1B1B1B1B1C1C1B1B1B1B1B1B67
:10C620001A1B1B1B1B1C1B1B1C1C1C1C1C1B1C1C53
:10C630001B1B1B1B1B1B1A1A1B1B1B1B1B1B1C1B4B
:10C64000191A1A1B1B1B1A1B1B1C1C1C1B1B1C1C3A
:10C650001C1B1B1B1B1B1B1B1C1C1C1C1B1C1C1B23
:10C6600019191A1A1A1A1A1A1B1B1C1B1B1B1B1C22
:10C670001B1C1B1B1B1B1B1B1B1B1B1B1B1C1B1B08
:10C680001A1B1A1B1B1B1A1B1B1B1B1B1B1C1C1CFA
:10C690001B1B1B1B1B1B1B1B1C1C1B1C1C1C1C1BE4
:10C6A000191A1A1B1B1B1A1A1C1C1B1B1C1B1C1CDB
:10C6B0001B1B1B1B1B1B1B1B1B1B1B1C1C1C1C1CC5
:10C6C0001A1A1A1B1A1B1A1A1B1B1B1B1B1B1C1BBF
:10C6D0001B1B1A1B1B1B1B1B1C1C1B1B1B1B1B1CA8
:10C6E000191B1A1B1B1B1B1B1B1B1B1B1B1B1C1C9B
:10C6F0001A1A1B1B1A1A1B1A1B1B1C1B1B1B1B1C8D
:10C70000191A19191A19191A1A1B1B1B1B1B1B1B87
:10C710001B1A1B1A1A1A1A1A1B1B1B1A1A1A1A1B73
:10C7200006F0F15506F0F15506F0F15506F0F15519
:10C73000402C2B2B2A2F2F2C2C34333131313134F8
:10C740003040322F2E2C2B2A2B2C2C3131302F31F4
:10C750003231322F322C2C2C2B2B2B2C2C313331F1
:10C7600030333131312E312B2C2C2B2B2A2B2B2FEC
:10C77000312F2F302F2F2F2F2F2C2B2A2A2A2A2BE5
:10C780002A2E2F302F302F2F2F2C2F2A2A282A2ADB
:10C7900029282A2D3030302F2F30312D2C2C2B2AC8
:10C7A0002B2B2B2B282F2C2E2F2D2F2E2C2E2C2BC2
:10C7B0002A292A2B2A2B2A2F302F2F2E2E2C2D2DB3
:10C7C0002B2B2B292A2B2A2C2B333130312F2F2F97
:10C7D0002D2B2B2A2A2A29292A282B2D2F2E2D2DA5
:10C7E0002E2D2C2C2D2B2C2C2D2B2B2C2C2D30307E
:10C7F0002F2E2F2D2B2B2A2B2B2B2A2B2C2D2A3077
:10C800002F30302F2D2D2C2A2C2A2A292A2A2A2C67
:10C810002D2F2F2D2E2E2C2D2B2C2C29282A282A5B
:10C820002B2B2C2E2D2B2D2D2C2D2C2A2C29292851
:10C83000282B2D2C2B2E2E2E2D2D2C2B2C2B292640
:10C840002928292A2928292B2B2B2C2A2B2A2C2D45
:10C850002C2A29292828282927292B292B2B2B2B3F
:10C860002A2C2B28272728282A29292C2C2C2C2A2B
:10C870002C2B2C2E2A2A292828292929292B2A2918
:10C88000282929292B2F2A2A2A2928282A2A29290E
:10C890002928282828282B2C292929282728292B0A
:10C8A0002B2C2A2929292A2A292B292929292929EE
:10C8B0002929292A2929292828292A2C2A292828E6
:10C8C00029292A2B2A2C292829282A29282C2A2ACE
:10C8D000292928292929292A292928292929292AC8
:10C8E0002A292728292929292B2A2B2B2A292A2AB0
:10C8F0002B2C292A29282829282929292A2A282AA3
:10C90000292A2A2B292A272829282928292827279C
:10C91000292929292A2C2529282726272828272894
:10C92000272827272827282A28282729272827298A
:10C930002926282A29282728272B2728272626277B
:10C9400026262627272626242727272B262928267A
:10C95000262728272725292628262627282A272963
:10C960002827272727272827262527262627272A57
:10C970002727272627272827282628262726262749
:10C980002829262726262524262627272626252544
:10C990002627272A25272626262626262625252534
:10C9A0002525252526274025262524252526272615
:10C9B0002523242525252640402A2D2D2E2E2F2CBB
:10C9C0002C313230303231343240302F30312E2F52
:10C9D0002E2E2D323131323232343332312E2F2E4F
:10C9E000302E2B2D2C3230312F333334342F332F44
:10C9F0002F2C2C2C2B2C2B3231303132343435313E
:10CA0000302E2F2E2E2D2D2C2C313331323432322C
:10CA1000312F312D2C2D2E2D2C2C2D2F333030302D
:10CA2000323233302D2F2F2F2D2F2E2D2D34313309
:10CA3000353333322F2E2E2D2F2E2E2E2E2C2F31FE
:10CA4000313032323230302E2D2D2E2E2D2F2C2DF6
:10CA50002F323230323231302F2D2F2E2E2F2F2EDB
:10CA60002E2E2F32313231313030302F2E2F2D2ECD
:10CA70002F2F2D2F2E2F3233323131302E2F2E2DBE
:10CA80002E2E2C2D2F2F3031333231302F2F2D2CB5
:10CA9000312D2E2C2D2F302F30333031323231309A
:10CAA000302E2F2D2E2F2E2E2E2F2E313330313093
:10CAB0002F31312D302D2F2F303032333034343070
:10CAC00030302F2E2E2E2B2B2E2D2E2F2D2D2D2D8B
:10CAD0002F2C302E302D2F31312E2E2D2F2D302F6B
:10CAE000303331323030313231302F2D2D2E2D2E4A
:10CAF0002F2F30343132312F302F2E322F2D2D2D3C
:10CB00002C2E2D2D2D302F2D2F2F2E2E30312D2E42
:10CB10002E2E2D2E2F2F2F2F2F2E2F2E2F2E2D2F2F
:10CB20002E2D2D2B2C2C303030312F2F2F2F2E2E21
:10CB30002F312D2E2E2D2E2E2F2E2E2D2E2E2F2D13
:10CB40002F2D2E302E2D2E2F302F3031312F2D2EF8
:10CB50002F2D2E2D2C2E2E2E2D2D2E2F2F2E3030F4
:10CB60002F302D2E2D2E2F2F2E2D2D2E2D2E2E2EE5
:10CB70002F2D2E2E2E2C2E2D2D302D2D2D2C2D2EDD
:10CB80002E2E2E2E2E2E2F2E2F2F2F2E2D2E2E2DC3
:10CB90002F302D2F302F2E2C2E2D2E2E2E30282DB7
:10CBA0002E2B2C2C2D2C2D2C2E2E2D2C2E2D2C2EB8
:10CBB0002D2C2B2D2C2B2C2D2E2D2D2E2D2C2D2EAA
:10CBC0002D2F2B2E2C2B2B2C2C2D2E2D2C2C2C2AA0
:10CBD0002E2C2E2D2E2E2E2E2E2F2E2F2E2C2D2C7B
:10CBE0002B2B2E2E2C2D2C2E2D2D2D2D2D2D2F2C77
:10CBF0002A2B2C2B2B2E2E302B2D2C2C2C2B2C2B74
:10CC00002E2C2C2C2C2C2D2C2D2E2B2D2D2D2C2C5C
:10CC10002E2C2D2B2B2D2B2C2C2E2C2E2A2D2C2C50
:10CC20002D2E2D2C2E2D2C2D2D2D2D2C2D2E402D21
:10CC30002D2D2E2C2C2F32302D2C2F2D2F2C2D4006
:10CC4000402D3231323334313234343335343538A7
:10CC500034403032333333313231303133323536A0
:10CC60003635363533323432323131312F32343396
:10CC700031363536363534323232313130322F3783
:10CC80003535353638363735343332323433313260
:10CC90003034343436353634353434313030323063
:10CCA000312E313335333435343435343235343450
:10CCB000353437333335333636363635343532332B
:10CCC0003332323332313435363336353534343429
:10CCD000303132333233323333363636363635331B
:10CCE00034333134343434353633383534343637FC
:10CCF00037353333323334343534343334363837EC
:10CD000035353636343530323434343534363735DB
:10CD1000353536353534322F3534333334323334D8
:10CD200035373634353935353734383434343436AC
:10CD30003839373737373537373835313333353496
:10CD40003435373536373936353735353333302F97
:10CD50003232333333333135333635343634353498
:10CD60003432343132343537343535373637373578
:10CD7000363534313232343335353436363834366C
:10CD80003535353532343436363736363334373355
:10CD9000323635343436323235353534333735354D
:10CDA000353533383533333434343432343438363B
:10CDB0003636353536353634333334343434353429
:10CDC000363436353734333634323434333434341D
:10CDD0003536363836363635343636353334333400
:10CDE0003333353433343435363436363333333500
:10CDF00035353335333934393635383435363634DC
:10CE000034333434363635353535363333353535D8
:10CE100035353432343434333635343735373734C6
:10CE200036393636343430333333333333333333C4
:10CE300034333435363333353333333537333538AC
:10CE4000363335333335343434342F3535333636A1
:10CE50003435353533313232333333353335343499
:10CE60003436353433343532343334353334333681
:10CE7000353436353537343432323434343534356C
:10CE80003335333333353434343435333433343366
:10CE90003435333437343435353333343332343452
:10CEA0003335363637343434343637353434363433
:10CEB000363434343534403D373937393C463935EA
:10CEC0003638333339333340403A353638363736EF
:10CED00034393A373A3A3A3D3D403E3F3F3E3738A3
:10CEE000373636383837383D3D3A3A3937383A36BA
:10CEF0003635333535383837373C3A3B3B393937B7
:10CF0000383637363637353A3B38383B3B3A38389F
:10CF100039393938393B363936393D3B3C3B3C3A77
:10CF20003C38393538383737383536363B38393884
:10CF3000383A3938353A393A393B3837353E393F5E
:10CF40003A3C3D3B383A373739393A38383A373A4C
:10CF50003A393C3B3C3C3A3834373837393B38383F
:10CF6000373A3C3D3C3E3E3C3A353739393B39391E
:10CF700037383B393B393B3E3B3B393A3739393B14
:10CF8000393A3A3B3D3A3F3D3D3B3C3B393A3539F6
:10CF9000393A3A3A3938393A3C3C3B3C3C3A3736F4
:10CFA0003A39393A38393A3A3F3A3C3B3C3C3B3CD7
:10CFB00039383B3A393C3A3D3A3B3D3C3C3D3B3DC0
:10CFC0003E3B3C363A393C3A393C3C3B3D3A3C3AB4
:10CFD0003D3B3D3D3C3A34373B393B3B39393839B1
:10CFE0003B3B3B3C3E3B3A383A393A3A3B383738A0
:10CFF000383B3B38393B3E3B38393A383A393A3896
:10D00000373A3C3C3B3D3D393D3C383A393B3B3A75
:10D010003C3D373A3A3A3A3A3B3D3C3C3C3A393A65
:10D020003B3C3B3A393C3C3B3A3B3D3B3E3A3B3A4E
:10D03000393A3A3A383C3B3E3D3C3B3C3C3C3D3C3B
:10D040003B3A393C3D3B3B3E3A3C3A3C3A393C3B2F
:10D050003B3A3B3A3C3A3B3C3A3A3B3D403C3D3E16
:10D060003B3B3D3A3A3A393A3B3B3A3A393A393A1C
:10D07000393A3B3E3C3C3B3B3C3C3A393B3B3A3CFF
:10D080003D3E393C3C3B3D3C39393B3B3D3D3B3BE8
:10D090003A3B3D3A3A3A3B3B3B3A3B373B3A3B3BE8
:10D0A0003E3B3A3D3A3B393B3C3B3E3C3A3B353DCF
:10D0B0003C3839383A39363C3C3A3C3C3D3B3B3CC9
:10D0C0003A3B3A3B3A393B393D393A3E3C3B3A3CB4
:10D0D0003B39373D3B3B38393A383B3A38383C3AB4
:10D0E0003E3A3A3A373E3D3C3C3C3C3F3B3B3C3B86
:10D0F0003A3A3D3B3B3C3A3E3C3D3C3B3D3C3B3D74
:10D1000039393B3B3B3B3C3D393B3C393E393C3C70
:10D110003D3B3A3C3C3A3C3D3B3A3A3D3A3D3B385C
:10D120003E393D3C3B3D3C3C3C3D3B3A393D3F403C
:10D130003F3E3D3C3E3B3B3C3E3F3F3D3D3B404117
:10D14000404444474041403F3E3D3D3D413F3D40DE
:10D1500000000000000000000000000000000000CF
:10D1600000000000000000000000000000000000BF
:10D1700000000000000000000000000000000000AF
:10D18000000000000000000000000000000000009F
:10D19000000000000000000000000000000000008F
:10D1A000000000000000000000000000000000007F
:10D1B000000000000000000000000000000000006F
:10D1C000000000000000000000000000000000005F
:10D1D000000000000000000000000000000000004F
:10D1E000000000000000000000000000000000003F
:10D1F000000000000000000000000000000000002F
:10D20000000000000000000000000000000000001E
:10D21000000000000000000000000000000000000E
:10D2200000000000000000000000000000000000FE
:10D2300000000000000000000000000000000000EE
:10D2400000000000000000000000000000000000DE
:10D2500000000000000000000000000000000000CE
:10D2600000000000000000000000000000000000BE
:10D2700000000000000000000000000000000000AE
:10D28000000000000000000000000000000000009E
:10D29000000000000000000000000000000000008E
:10D2A000000000000000000000000000000000007E
:10D2B000000000000000000000000000000000006E
:10D2C000000000000000000000000000000000005E
:10D2D000000000000000000000000000000000004E
:10D2E000000000000000000000000000000000003E
:10D2F000000000000000000000000000000000002E
:10D30000000000000000000000000000000000001D
:10D31000000000000000000000000000000000000D
:10D3200000000000000000000000000000000000FD
:10D3300000000000000000000000000000000000ED
:10D3400000000000000000000000000000000000DD
:10D3500000000000000000000000000000000000CD
:10D3600000000000000000000000000000000000BD
:10D3700000000000000000000000000000000000AD
:10D38000000000000000000000000000000000009D
:10D39000000000000000000000000000000000008D
:10D3A000000000000000000000000000000000007D
:10D3B000004806108000488610800048061F800044
:10D3C00048861F800048061180004886118000486A
:10D3D000061E800048861E8000480612800048868F
:10D3E00012800048061D800048861D8000480613F4
:10D3F0008000488613800048061C800048861C80F8
:10D40000004806148000488614800048061B8000EF
:10D4100048861B8000480615800048861580004815
:10D42000061A800048861A80004806168000488642
:10D4300016800048061980004886198000480617A3
:10D4400080004886178000480618800048861880AB
:10D4500020001904902000320887200032C8802064
:10D4600000325882200032E8832000327885200084
:10D470003208872000196890200019889320000244
:10D48000F44B200002044C200019F89120001918D8
:10D4900095200002F44B200002044C20001938981B
:10D4A000200032A8962000326890200032F89120A7
:10D4B000003288932000321895200032A896000090
:10D4C000000000000000000000000000000000005C
:10D4D000000000000000000000000000000000004C
:10D4E000000000000000000000000000000000003C
:10D4F000000000000000000000000000000000002C
:10D50000000000000000000000000000000000001B
:10D51000000000000000000000000000000000000B
:10D5200000000000000000000000000000000000FB
:10D5300000000000000000000000000000000000EB
:10D54000010090010201060A640028324600000032
:10D5500000000000000000003C0000004006000049
:10D5600034080000A0A0010101011900010014000D
:10D570000100160018010A0000147800003278003B
:10D580000000002032323232323232323232323223
:10D59000323232323232000000000000000000005F
:10D5A00000000000000000002C012C012C010000F4
:10D5B0000209200019450000F16C000084D9060022
:10D5C00029B1010010270000C409000000014B0F21
:10D5D00000000000000000003C3C0A0A02000000BD
:10D5E0000000000001010101010040003200E803D9
:10D5F0000F0008000A0010001000040402000300DD
:10D6000003000A0006006400E803000004000000B4
:10D6100000000000000000000101010101004000C5
:10D620003200E80314000F000A00E10000000808BF
:10D630000A0028001E001E0006006400E803000027
:10D640000400000000000000000000004006300060
:10D6500020000100220000003A00520070008F00FC
:10D66000AF00CF00EF000F012E014F016E018E01C0
:10D67000AD01CE01EC010F022D024D026D028D02B3
:10D68000AC02CC02EB020B032B034A036A038903AF
:10D69000AA03C903E703FF033704000000000000EA
:10D6A000000000000000000000000000000000007A
:10D6B000000000000000000000000000000000006A
:10D6C000000000000000000000000000000000005A
:10D6D000000000000000000000000000000000004A
:10D6E000000000000000000000000000000000003A
:10D6F000000000000000000000000000000000002A
:10D700000000000000000000000000000000000019
:10D710000000000000000000000000000000F6090A
:10D72000300046000100480000003C004300660055
:10D730008500A900C800E90009012A0149016B011F
:10D740008901AB01C901EB0109022B024A026C02FB
:10D750008A02AC02CA02EC020B032D034B036D03D9
:10D760008B03AE03CB03EE030C042F044C046F04B5
:10D770008B04AF04CC04EF040D0530054D05700596
:10D780008D05B005CD05F1050D0630064E06720675
:10D790008E06B106CE06F2060F0732075007730752
:10D7A0009007B307D107F407110834085208750829
:10D7B0009108B108C608E70800000000000000005A
:10D7C0000000000000000000000000000000000059
:10D7D0000000000000000000000000000000000049
:10D7E0000000000000000000000000000000000039
:10D7F0000000000029002F0035003B0043004C00D2
:10D8000055005F006B00780086009500A600B90007
:10D81000CD00E300FC0016013301520174019901AF
:10D82000C001EA01180249027D02B602F102310389
:10D830007503BC0308045804AD0406056305C5055B
:10D840002B06960605077807EF076B08EB086E09AD
:10D85000F4097F0A0C0B9B0B2E0CC20C580DEF0D1C
:10D86000870E1F0FB80F4F10E6107B110E129E127D
:10D870002B13B4133814B8143315A71516167D16C8
:10D88000DD1635178517CD170B1841186D18901830
:10D89000A918B718BC182F0035003C0044004C00F4
:10D8A000550060006B00770085009400A500B7006C
:10D8B000CB00E100F80012012E014C016D01900136
:10D8C000B601DF010B023A026C02A202DB0218036E
:10D8D00059039E03E60333048404D90432058F05FB
:10D8E000F1055706C1062F07A107170891080F0970
:10D8F0009009140A9C0A260BB20B410CD20C630D42
:10D90000F60D8A0E1D0FB10F4310D5106511F211DF
:10D910007D120413881308148214F8146715D115A6
:10D9200034169016E41630177517B117E4170E1851
:10D930002F1846185518591829002F0035003B009C
:10D9400043004C0055005F006B0078008600950096
:10D95000A600B900CD00E300FC001601330152011E
:10D9600074019901C001EA01180249027D02B60260
:10D97000F10231037503BC0308045804AD04060525
:10D980006305C5052B06960605077807EF076B08A4
:10D99000EB086E09F4097F0A0C0B9B0B2E0CC20CD2
:10D9A000580DEF0D870E1F0FB80F4F10E6107B11AB
:10D9B0000E129E122B13B4133814B8143315A71576
:10D9C00016167D16DD1635178517CD170B1841185D
:10D9D0006D189018A918B718BC182F0035003C0016
:10D9E00044004C00550060006B00770085009400F7
:10D9F000A500B700CB00E100F80012012E014C0198
:10DA00006D019001B601DF010B023A026C02A20225
:10DA1000DB02180359039E03E60333048404D9048C
:10DA200032058F05F1055706C1062F07A107170814
:10DA300091080F099009140A9C0A260BB20B410C9D
:10DA4000D20C630DF60D8A0E1D0FB10F4310D510C9
:10DA50006511F2117D120413881308148214F8144E
:10DA60006715D11534169016E41630177517B117CF
:10DA7000E4170E182F184618551859182F0035009E
:10DA80003C0044004C00550060006B0077008500AE
:10DA90009400A500B700CB00E100F80012012E01B0
:10DAA0004C016D019001B601DF010B023A026C02DC
:10DAB000A202DB02180359039E03E6033304840425
:10DAC000D90432058F05F1055706C1062F07A107B6
:10DAD000170891080F099009140A9C0A260BB20B2B
:10DAE000410CD20C630DF60D8A0E1D0FB10F4310C1
:10DAF000D5106511F2117D120413881308148214D5
:10DB0000F8146715D11534169016E41630177517EA
:10DB1000B117E4170E182F18461855185918450054
:10DB20004D00560060006B00770084009200A10059
:10DB3000B200C500D800EE0006011F013A015801ED
:10DB400078019A01BF01E60110023D026C029F02BA
:10DB5000D5020E034B038A03CE0315045F04AD0404
:10DB6000FF045505AE050B066C06D0063807A30763
:10DB700011088308F8087009EA09670AE60A670BC2
:10DB8000EA0B6E0CF40C7A0D010E870E0E0F930F3C
:10DB900018109B101C119B1117129012051376136D
:10DBA000E3134B14AD140A156115B215FC153F169D
:10DBB0007B16AF16DC1600171D1732173E174217DB
:10DBC000230028002E0034003B0042004B0055008B
:10DBD0005F006B00780086009600A700BA00CF00B7
:10DBE000E600FF001B01380159017C01A201CB01B5
:10DBF000F701260259029002CA0209034B0392035D
:10DC0000DD032C048004D80435059705FE0569065C
:10DC1000D8064D07C5074208C4084909D2095F0A5A
:10DC2000EF0A820B180CB00C4A0DE50D820E1F0F87
:10DC3000BD0F5A10F51090112812BE125113DF13A8
:10DC40006A14EF146F15E9155C16C8162C1788179F
:10DC5000DC1727186918A118CF18F4180E191D1908
:10DC6000231929002F0035003B0043004C005500CC
:10DC70005F006B00780086009500A600B900CD001B
:10DC8000E300FC0016013301520174019901C00147
:10DC9000EA01180249027D02B602F102310375035E
:10DCA000BC0308045804AD0406056305C5052B062E
:10DCB000960605077807EF076B08EB086E09F4096D
:10DCC0007F0A0C0B9B0B2E0CC20C580DEF0D870E10
:10DCD0001F0FB80F4F10E6107B110E129E122B1360
:10DCE000B4133814B8143315A71516167D16DD169F
:10DCF00035178517CD170B1841186D189018A918EE
:10DD0000B718BC1829002F0035003B0043004C0019
:10DD100055005F006B00780086009500A600B900F2
:10DD2000CD00E300FC00160133015201740199019A
:10DD3000C001EA01180249027D02B602F102310374
:10DD40007503BC0308045804AD0406056305C50546
:10DD50002B06960605077807EF076B08EB086E0998
:10DD6000F4097F0A0C0B9B0B2E0CC20C580DEF0D07
:10DD7000870E1F0FB80F4F10E6107B110E129E1268
:10DD80002B13B4133814B8143315A71516167D16B3
:10DD9000DD1635178517CD170B1841186D1890181B
:10DDA000A918B718BC1829002F0035003B00430004
:10DDB0004C0055005F006B00780086009500A600BF
:10DDC000B900CD00E300FC001601330152017401DB
:10DDD0009901C001EA01180249027D02B602F1026E
:10DDE00031037503BC0308045804AD04060563053C
:10DDF000C5052B06960605077807EF076B08EB08A5
:10DE00006E09F4097F0A0C0B9B0B2E0CC20C580DEB
:10DE1000EF0D870E1F0FB80F4F10E6107B110E127B
:10DE20009E122B13B4133814B8143315A7151616F5
:10DE30007D16DD1635178517CD170B1841186D188F
:10DE40009018A918B718BC1829002F0035003B00FE
:10DE500043004C0055005F006B0078008600950081
:10DE6000A600B900CD00E300FC0016013301520109
:10DE700074019901C001EA01180249027D02B6024B
:10DE8000F10231037503BC0308045804AD04060510
:10DE90006305C5052B06960605077807EF076B088F
:10DEA000EB086E09F4097F0A0C0B9B0B2E0CC20CBD
:10DEB000580DEF0D870E1F0FB80F4F10E6107B1196
:10DEC0000E129E122B13B4133814B8143315A71561
:10DED00016167D16DD1635178517CD170B18411848
:10DEE0006D189018A918B718BC1829002F00350014
:10DEF0003B0043004C0055005F006B00780086003B
:10DF00009500A600B900CD00E300FC001601330126
:10DF1000520174019901C001EA01180249027D020F
:10DF2000B602F10231037503BC0308045804AD04C2
:10DF300006056305C5052B06960605077807EF0756
:10DF40006B08EB086E09F4097F0A0C0B9B0B2E0C77
:10DF5000C20C580DEF0D870E1F0FB80F4F10E610B3
:10DF60007B110E129E122B13B4133814B8143315F0
:10DF7000A71516167D16DD1635178517CD170B1844
:10DF800041186D189018A918B718BC1855005500FD
:10DF900045004200000000001C02370254027202D9
:10DFA0009002B002D102F30216033A035F03850325
:10DFB000AC03D503FF03290455048204B004DF0435
:10DFC0000F0540057205A505D9050E0644067A061B
:10DFD000B206EA0622075C079607D0070B08470837
:10DFE0008308BF08FB0837097409B009ED09290A3D
:10DFF000650AA10ADC0A170B510B8B0BC30BFB0B39
:10E00000330C690C9E0CD20C040D360D650D940D6D
:10E01000C10DEC0D150E3D0E630E870EA80EC80E39
:10E02000E60E010F1B0F320F460F590F690F760FC7
:10E03000820F8A0F900F940F950FBA04C904D80469
:10E04000E704F604050514052305320541055005CE
:10E050005F056E057D058B059A05A805B705C50505
:10E06000D405E205F005FE050C0619062706340660
:10E0700042064F065C066906760682068F069B06F8
:10E08000A706B306BE06CA06D506E006EB06F606E8
:10E0900000070B0715071E07280731073A07430734
:10E0A0004C0754075C0764076C0773077A078107FE
:10E0B00087078D07930799079E07A307A807AC0753
:10E0C000B107B407B807BB07BE07C107C307C50739
:10E0D000C707C807C907CA07CB07CB07FA006C00F8
:10E0E000FA006B006400D007000028000000000068
:10E0F0000000000000000000000000000000000020
:10E100000200190050001E001E000C001900000043
:10E110000100000001000000948D0300508D0300F9
:10E12000948D0300548D03000101FFFFFFFF0000E9
:10E13000785634127856341201010000FFFF0000B7
:10E1400000000000000000000000000000000000CF
:10E15000010000008C0000004040000001000000B1
:10E1600070AD020001000000FFFFFFFFAA000000E9
:10E17000103303000700000001000000FFFFFFFF55
:10E18000FFFFFFFFFFFFFFFF01000000FF00000097
:10E19000000000000000000000000000000000007F
:10E1A000000000000000000000000000000000006F
:10E1B000000000000000000000000000000000005F
:10E1C000000000000000000000000000000000004F
:10E1D000000000000000000000000000000000003F
:10E1E000000000000000000000000000000000002F
:10E1F000000000000000000000000000000000001F
:10E20000000000000000000000000000000000000E
:10E2100000000000000000000000000000000000FE
:10E2200000000000000000000000000000000000EE
:10E2300000000000000000000000000000000000DE
:10E2400000000000000000000000000000000000CE
:10E2500000000000000000000000000000000000BE
:10E2600000000000000000000000000000000000AE
:10E27000000000000000000000000000000000009E
:10E28000000000000000000000000000000000008E
:10E29000000000000000000000000000000000007E
:10E2A000000000000000000000000000000000006E
:10E2B000000000000000000000000000000000005E
:10E2C000000000000000000000000000000000004E
:10E2D000000000000000000000000000000000003E
:10E2E000000000000000000000000000000000002E
:10E2F000000000000000000000000000000000001E
:10E30000000000000000000000000000000000000D
:10E3100000000000000000000000000000000000FD
:10E3200000000000000000000000000000000000ED
:10E3300000000000000000000000000000000000DD
:10E3400000000000000000000000000000000000CD
:10E3500000000000000000000000000000000000BD
:10E3600000000000000000000000000000000000AD
:10E37000000000000000000000000000000000009D
:10E38000000000000000000000000000000000008D
:10E39000000000000000000000000000000000007D
:10E3A000000000000000000000000000000000006D
:10E3B000000000000000000000000000000000005D
:10E3C000000000000000000000000000000000004D
:10E3D000000000000000000000000000000000003D
:10E3E000000000000000000000000000000000002D
:10E3F000000000000000000000000000000000001D
:10E40000000000000000000000000000000000000C
:10E4100000000000000000000000000000000000FC
:10E4200000000000000000000000000000000000EC
:10E4300000000000000000000000000000000000DC
:10E4400000000000000000000000000000000000CC
:10E4500000000000000000000000000000000000BC
:10E4600000000000000000000000000000000000AC
:10E47000000000000000000000000000000000009C
:10E48000000000000000000000000000000000008C
:10E49000000000000000000000000000000000007C
:10E4A000000000000000000000000000000000006C
:10E4B000000000000000000000000000000000005C
:10E4C000000000000000000000000000000000004C
:10E4D000000000000000000000000000000000003C
:10E4E000000000000000000000000000000000002C
:10E4F000000000000000000000000000000000001C
:10E50000000000000000000000000000000000000B
:10E5100000000000000000000000000000000000FB
:10E5200000000000000000000000000000000000EB
:10E5300000000000000000000000000000000000DB
:10E5400000000000000000000000000000000000CB
:10E5500000000000000000000000000000000000BB
:10E5600000000000000000000000000000000000AB
:10E57000000000000000000000000000000000009B
:10E58000000000000000000000000000000000008B
:10E59000000000000000000000000000000000007B
:10E5A000000000000000000000000000000000006B
:10E5B000000000000000000000000000000000005B
:10E5C000000000000000000000000000000000004B
:10E5D000000000000000000000000000000000003B
:10E5E000000000000000000000000000000000002B
:10E5F000000000000000000000000000000000001B
:10E60000000000000000000000000000000000000A
:10E6100000000000000000000000000000000000FA
:10E6200000000000000000000000000000000000EA
:10E6300000000000000000000000000000000000DA
:10E6400000000000000000000000000000000000CA
:10E6500000000000000000000000000000000000BA
:10E6600000000000000000000000000000000000AA
:10E67000000000000000000000000000000000009A
:10E68000000000000000000000000000000000008A
:10E69000000000000000000000000000000000007A
:10E6A000000000000000000000000000000000006A
:10E6B000000000000000000000000000000000005A
:10E6C000000000000000000000000000000000004A
:10E6D000000000000000000000000000000000003A
:10E6E000000000000000000000000000000000002A
:10E6F000000000000000000000000000000000001A
:10E700000000000000000000000000000000000009
:10E7100000000000000000000000000000000000F9
:10E7200000000000000000000000000000000000E9
:10E7300000000000000000000000000000000000D9
:10E7400000000000000000000000000000000000C9
:10E7500000000000000000000000000000000000B9
:10E7600000000000000000000000000000000000A9
:10E770000000000000000000000000000000000099
:10E780000000000000000000000000000000000089
:10E790000000000000000000000000000000000079
:10E7A0000000000000000000000000000000000069
:10E7B0000000000000000000000000000000000059
:10E7C0000000000000000000000000000000000049
:10E7D0000000000000000000000000000000000039
:10E7E0000000000000000000000000000000000029
:10E7F0000000000000000000000000000000000019
:10E800000000000000000000000000000000000008
:10E8100000000000000000000000000000000000F8
:10E8200000000000000000000000000000000000E8
:10E8300000000000000000000000000000000000D8
:10E8400000000000000000000000000000000000C8
:10E8500000000000000000000000000000000000B8
:10E8600000000000000000000000000000000000A8
:10E870000000000000000000000000000000000098
:10E880000000000000000000000000000000000088
:10E890000000000000000000000000000000000078
:10E8A0000000000000000000000000000000000068
:10E8B0000000000000000000000000000000000058
:10E8C0000000000000000000000000000000000048
:10E8D0000000000000000000000000000000000038
:10E8E0000000000000000000000000000000000028
:10E8F0000000000000000000000000000000000018
:10E900000000000000000000000000000000000007
:10E9100000000000000000000000000000000000F7
:10E9200000000000000000000000000000000000E7
:10E9300000000000000000000000000000000000D7
:10E9400000000000000000000000000000000000C7
:10E9500000000000000000000000000000000000B7
:10E9600000000000000000000000000000000000A7
:10E970000000000000000000000000000000000097
:10E980000000000000000000000000000000000087
:10E990000000000000000000000000000000000077
:10E9A0000000000000000000000000000000000067
:10E9B0000000000000000000000000000000000057
:10E9C0000000000000000000000000000000000047
:10E9D0000000000000000000000000000000000037
:10E9E0000000000000000000000000000000000027
:10E9F0000000000000000000000000000000000017
:10EA00000000000000000000000000000000000006
:10EA100000000000000000000000000000000000F6
:10EA200000000000000000000000000000000000E6
:10EA300000000000000000000000000000000000D6
:10EA400000000000000000000000000000000000C6
:10EA500000000000000000000000000000000000B6
:10EA600000000000000000000000000000000000A6
:10EA70000000000000000000000000000000000096
:10EA80000000000000000000000000000000000086
:10EA90000000000000000000000000000000000076
:10EAA0000000000000000000000000000000000066
:10EAB0000000000000000000000000000000000056
:10EAC0000000000000000000000000000000000046
:10EAD0000000000000000000000000000000000036
:10EAE0000000000000000000000000000000000026
:10EAF0000000000000000000000000000000000016
:10EB00000000000000000000000000000000000005
:10EB100000000000000000000000000000000000F5
:10EB200000000000000000000000000000000000E5
:10EB300000000000000000000000000000000000D5
:10EB400000000000000000000000000000000000C5
:10EB500000000000000000000000000000000000B5
:10EB600000000000000000000000000000000000A5
:10EB70000000000000000000000000000000000095
:10EB80000000000000000000000000000000000085
:10EB90000000000000000000000000000000000075
:10EBA0000000000000000000000000000000000065
:10EBB0000000000000000000000000000000000055
:10EBC0000000000000000000000000000000000045
:10EBD0000000000000000000000000000000000035
:10EBE0000000000000000000000000000000000025
:10EBF0000000000000000000000000000000000015
:10EC00000000000000000000000000000000000004
:10EC100000000000000000000000000000000000F4
:10EC200000000000000000000000000000000000E4
:10EC300000000000000000000000000000000000D4
:10EC400000000000000000000000000000000000C4
:10EC500000000000000000000000000000000000B4
:10EC600000000000000000000000000000000000A4
:10EC70000000000000000000000000000000000094
:10EC80000000000000000000000000000000000084
:10EC90000000000000000000000000000000000074
:10ECA0000000000000000000000000000000000064
:10ECB0000000000000000000000000000000000054
:10ECC0000000000000000000000000000000000044
:10ECD0000000000000000000000000000000000034
:10ECE0000000000000000000000000000000000024
:10ECF0000000000000000000000000000000000014
:10ED00000000000000000000000000000000000003
:10ED100000000000000000000000000000000000F3
:10ED200000000000000000000000000000000000E3
:10ED300000000000000000000000000000000000D3
:10ED400000000000000000000000000000000000C3
:10ED500000000000000000000000000000000000B3
:10ED600000000000000000000000000000000000A3
:10ED70000000000000000000000000000000000093
:10ED80000000000000000000000000000000000083
:10ED90000000000000000000000000000000000073
:10EDA0000000000000000000000000000000000063
:10EDB0000000000000000000000000000000000053
:10EDC0000000000000000000000000000000000043
:10EDD0000000000000000000000000000000000033
:10EDE0000000000000000000000000000000000023
:10EDF0000000000000000000000000000000000013
:10EE00000000000000000000000000000000000002
:10EE100000000000000000000000000000000000F2
:10EE200000000000000000000000000000000000E2
:10EE300000000000000000000000000000000000D2
:10EE400000000000000000000000000000000000C2
:10EE500000000000000000000000000000000000B2
:10EE600000000000000000000000000000000000A2
:10EE70000000000000000000000000000000000092
:10EE80000000000000000000000000000000000082
:10EE90000000000000000000000000000000000072
:10EEA0000000000000000000000000000000000062
:10EEB0000000000000000000000000000000000052
:10EEC0000000000000000000000000000000000042
:10EED0000000000000000000000000000000000032
:10EEE0000000000000000000000000000000000022
:10EEF0000000000000000000000000000000000012
:10EF00000000000000000000000000000000000001
:10EF100000000000000000000000000000000000F1
:10EF200000000000000000000000000000000000E1
:10EF300000000000000000000000000000000000D1
:10EF400000000000000000000000000000000000C1
:10EF500000000000000000000000000000000000B1
:10EF600000000000000000000000000000000000A1
:10EF70000000000000000000000000000000000091
:10EF80000000000000000000000000000000000081
:10EF90000000000000000000000000000000000071
:10EFA0000000000000000000000000000000000061
:10EFB0000000000000000000000000000000000051
:10EFC0000000000000000000000000000000000041
:10EFD0000000000000000000000000000000000031
:10EFE0000000000000000000000000000000000021
:10EFF0000000000000000000000000000000000011
:10F0000036C920324006000A0E0A0001030108102A
:10F0100032004006F6090000000C0100000000006C
:10F0200000135C59040600000000000000080109FC
:10F030000001323340060000281919000006300094
:10F0400000063000000630000006300000063000E8
:10F0500000063000000630000006300080FF3F0050
:10F0600000063000000630000006300080FF3F0040
:10F0700000063000000630000006300000000000EE
:10F08000000101000000000000000000000000007E
:10F09000000000000000000000000101010101006B
:10F0A0000001010000000101010100010000000059
:10F0B00001000001020000000B0000000107010335
:10F0C000020314000A0A4000000078003C0000001F
:10F0D0000000000000000000000000000000000030
:10F0E0000000000000000000C800C8009600C80032
:10F0F00007078000800005050000000000000000F8
:10F1000006010000000017003900910010001400F3
:10F11000F9FFC4FFFF7FFF7FFF7FFF7FFA002C0115
:10F120003200C8000A04B4B43232230500000000E3
:10F1300000070D0000320D00000000203232323294
:10F140003232323232323232323232323232000003
:10F1500000000000000000000000000000000000AF
:10F160000A05000A00000000141800121012000026
:10F17000000000000000000000000000000000008F
:10F18000000000000F233246500000006A64504621
:10F190003C3C3C3C08000000000000000F233246CD
:10F1A000500000006A6450463C3C3C3C0F141E2852
:10F1B000000000000A0A0A0A0A0A0A0A0C192D416C
:10F1C0005000000046554B464646464600000000AB
:10F1D0000A0314005F00F1FF14000F000A00BC02D4
:10F1E00000000000F8FF00007800320064002800F2
:10F1F0000F000F001C023D011C02740400003F06BA
:10F200000000FF09F40100003F060000FF0932146E
:10F21000021E1E32020096003C003C007700C8052A
:10F22000770088090000000040063000200001003F
:10F23000220000003A00520070008F00AF00CF00A3
:10F24000EF000F012E014F016E018E01AD01CE01C5
:10F25000EC010F022D024D026D028D02AC02CC02B8
:10F26000EB020B032B034A036A038903AA03C903B6
:10F27000E703FF0337040000000000000000000067
:10F28000000000000000000000000000000000007E
:10F29000000000000000000000000000000000006E
:10F2A000000000000000000000000000000000005E
:10F2B000000000000000000000000000000000004E
:10F2C000000000000000000000000000000000003E
:10F2D000000000000000000000000000000000002E
:10F2E000000000000000000000000000000000001E
:10F2F00000000000000000000000F6093000460099
:10F300000100480000003C00430066008500A900A1
:10F31000C800E90009012A0149016B018901AB011B
:10F32000C901EB0109022B024A026C028A02AC02FB
:10F33000CA02EC020B032D034B036D038B03AE03D8
:10F34000CB03EE030C042F044C046F048B04AF04B6
:10F35000CC04EF040D0530054D0570058D05B00595
:10F36000CD05F1050D0630064E0672068E06B10675
:10F37000CE06F2060F073207500773079007B30750
:10F38000D107F40711083408520875089108B1082C
:10F39000C608E708000000000000000000000000B0
:10F3A000000000000000000000000000000000005D
:10F3B000000000000000000000000000000000004D
:10F3C000000000000000000000000000000000003D
:10F3D0000201200019450000F16C000084D90600EC
:10F3E00029B1010010270000C4090000010101013A
:10F3F000010102020202014B0F00A0000000000008
:10F40000010101010101010202020200194500008F
:10F4100002000000A46B00000000000014140A0A9F
:10F420001400000000000000141414140101010174
:10F43000010040003200E8030F00080005009000C2
:10F4400000001E502800B40050000400000000001E
:10F45000B4005000FA00A000000000014F010000BD
:10F460000000000068010D0D0A094B004B0064000C
:10F470000A003200C800640064000F02E8E8F800E7
:10F48000F8000200190000006A00750081008E007B
:10F490009D00AC00BD00CF00E200F7000D01260189
:10F4A00040015C0179019901BC01E00106023002D2
:10F4B0005B028902BA02EE0224035D039A03D903B8
:10F4C0001B046004A904F40443059505E9054106FD
:10F4D0009C06FA065B07BE0724088D08F808650934
:10F4E000D409450AB80A2D0BA20B190C900C080D73
:10F4F000800DF80D6F0EE60E5C0FD00F4210B310AA
:10F5000021118C11F4115912BA1217137013C4136C
:10F5100013145D14A114E01418154B1577159C15E0
:10F52000BB15D415E515EF15F31536003D00440065
:10F530004C00560060006B00770085009300A4002B
:10F54000B500C900DE00F5000E0129014601650184
:10F550008701AC01D401FE012B025B028F02C602BF
:10F5600001033F038003C6030F045D04AE040305DB
:10F570005D05BA051B068106EA065707C9073D085F
:10F58000B6083109B009320AB70A3E0BC70B520C54
:10F59000DF0C6D0DFC0D8B0E1A0FA80F3610C3106B
:10F5A0004D11D6115B12DE125C13D7134D14BD142E
:10F5B00028158D15EC1544169516DE161F175817CD
:10F5C0008917B117D117E717F517FA174E0056002C
:10F5D00060006B00760083009100A000B100C200C3
:10F5E000D600EB0002011A013501520170019101B0
:10F5F000B501DB0103022E025C028D02C102F8029A
:10F6000032036F03B003F4033B048604D4042605DD
:10F610007C05D50532069206F5065C07C607330859
:10F62000A30816098C09040A7E0AFA0A790BF80B5A
:10F63000790CFB0C7E0D010E830E060F870F071051
:10F64000861003117D11F5116912DA124713AF13F9
:10F6500013147214CB141E156B15B215F2152C165B
:10F660005E168916AC16C716DB16E716EB166A008F
:10F67000750081008E009D00AC00BD00CF00E2004F
:10F68000F7000D01260140015C0179019901BC01DF
:10F69000E001060230025B028902BA02EE02240394
:10F6A0005D039A03D9031B046004A904F404430511
:10F6B0009505E90541069C06FA065B07BE07240886
:10F6C0008D08F8086509D409450AB80A2D0BA20B64
:10F6D000190C900C080D800DF80D6F0EE60E5C0FE6
:10F6E000D00F4210B31021118C11F4115912BA121B
:10F6F00017137013C41313145D14A114E014181518
:10F700004B1577159C15BB15D415E515EF15F3159D
:10F7100055005500450042000000000000000000B8
:10F7200000000000000000000000000000000000D9
:10F7300000000000000000000000000000000000C9
:10F7400000000000000000000000000000000000B9
:10F7500000000000000000000000000000000000A9
:10F760000000000000000000000000000000000099
:10F770000000000000000000000000000000000089
:10F780000000000000000000000000000000000079
:10F790000000000000000000000000000000000069
:10F7A0000000000000000000000000000000000059
:10F7B0000000000000000000000000000000000049
:10F7C0000000000000000000000000000000000039
:10F7D0000000000000000000000000000000000029
:10F7E0000000000000000000000000000000000019
:10F7F0000000000000000000000000000000000009
:10F8000000000000000000000000000000000000F8
:10F8100000000000000000000000000000000000E8
:10F8200000000000000000000000000000000000D8
:10F8300000000000000000000000000000000000C8
:10F8400000000000000000000000000000000000B8
:10F8500000000000000000000000000000000000A8
:10F86000000000000000000000000000A000D20026
:10F8700004013C0005000000000000000000000042
:10F880000000000000000000000000000000000078
:10F890000000000000000000000000000000000068
:10F8A0000000000000000000000000000000000058
:10F8B0000000000000000000000000000000000048
:10F8C0000000000000000000000000000000000038
:10F8D0000000000000000000000000000000000028
:10F8E0000000000000000000000000000000000018
:10F8F0000000000000000000000000000000000008
:10F9000000000000000000000000000000000000F7
:10F9100000000000000000000000000000000000E7
:10F9200000000000000000000000000000000000D7
:10F9300000000000000000000000000000000000C7
:10F9400000000000000000000000000000000000B7
:10F9500000000000000000000000000000000000A7
:10F960000000000000000000000000000000000097
:10F970000000000000000000000000000000000087
:10F980000000000000000000000000000000000077
:10F990000000000000000000000000000000000067
:10F9A0000000000000000000000000000000000057
:10F9B0000000000000000000000000000000000047
:10F9C0000000000000000000000000000000000037
:10F9D0000000000000000000000000000000000027
:10F9E0000000000000000000000000000000000017
:10F9F0000000000000000000000000000000000007
:10FA000000000000000000000000000000000000F6
:10FA100000000000000000000000000000000000E6
:10FA200000000000000000000000000000000000D6
:10FA300000000000000000000000000000000000C6
:10FA400000000000000000000000000000000000B6
:10FA500000000000000000000000000000000000A6
:10FA60000000000000000000000000000000000096
:10FA70000000000000000000000000000000000086
:10FA80000000000000000000000000000000000076
:10FA90000000000000000000000000000000000066
:10FAA0000000000000000000000000000000000056
:10FAB0000000000000000000000000000000000046
:10FAC0000000000000000000000000000000000036
:10FAD0000000000000000000000000000000000026
:10FAE0000000000000000000000000000000000016
:10FAF0000000000000000000000000000000000006
:10FB000000000000000000000000000000000000F5
:10FB100000000000000000000000000000000000E5
:10FB200000000000000000000000000000000000D5
:10FB300000000000000000000000000000000000C5
:10FB400000000000000000000000000000000000B5
:10FB500000000000000000000000000000000000A5
:10FB60000000000000000000000000000000000095
:10FB70000000000000000000000000000000000085
:10FB80000000000000000000000000000000000075
:10FB90000000000000000000000000000000000065
:10FBA0000000000000000000000000000000000055
:10FBB0000000000000000000000000000000000045
:10FBC0000000000000000000000000000000000035
:10FBD0000000000000000000000000000000000025
:10FBE0000000000000000000000000000000000015
:10FBF0000000000000000000000000000000000005
:10FC000000000000000000000000000000000000F4
:10FC100000000000000000000000000000000000E4
:10FC200000000000000000000000000000000000D4
:10FC300000000000000000000000000000000000C4
:10FC400000000000000000000000000000000000B4
:10FC500000000000000000000000000000000000A4
:10FC60000000000000000000000000000000000094
:10FC70000000000000000000000000000000000084
:10FC80000000000000000000000000000000000074
:10FC90000000000000000000000000000000000064
:10FCA0000000000000000000000000000000000054
:10FCB0000000000000000000000000000000000044
:10FCC0000000000000000000000000000000000034
:10FCD0000000000000000000000000000000000024
:10FCE0000000000000000000000000000000000014
:10FCF0000000000000000000000000000000000004
:10FD000000000000000000000000000000000000F3
:10FD100000000000000000000000000000000000E3
:10FD200000000000000000000000000000000000D3
:10FD300000000000000000000000000000000000C3
:10FD400000000000000000000000000000000000B3
:10FD500000000000000000000000000000000000A3
:10FD60000000000000000000000000000000000093
:10FD70000000000000000000000000000000000083
:10FD80000000000000000000000000000000000073
:10FD90000000000000000000000000000000000063
:10FDA0000000000000000000000000000000000053
:10FDB0000000000000000000000000000000000043
:10FDC0000000000000000000000000000000000033
:10FDD0000000000000000000000000000000000023
:10FDE0000000000000000000000000000000000013
:10FDF0000000000000000000000000000000000003
:10FE000000000000000000000000000000000000F2
:10FE100000000000000000000000000000000000E2
:10FE200000000000000000000000000000000000D2
:10FE300000000000000000000000000000000000C2
:10FE400000000000000000000000000000000000B2
:10FE500000000000000000000000000000000000A2
:10FE60000000000000000000000000000000000092
:10FE70000000000000000000000000000000000082
:10FE80000000000000000000000000000000000072
:10FE90000000000000000000000000000000000062
:10FEA0000000000000000000000000000000000052
:10FEB0000000000000000000000000000000000042
:10FEC0000000000000000000000000000000000032
:10FED0000000000000000000000000000000000022
:10FEE0000000000000000000000000000000000012
:10FEF0000000000000000000000000000000000002
:10FF000000000000000000000000000000000000F1
:10FF100000000000000000000000000000000000E1
:10FF200000000000000000000000000000000000D1
:10FF300000000000000000000000000000000000C1
:10FF400000000000000000000000000000000000B1
:10FF500000000000000000000000000000000000A1
:10FF60000000000000000000000000000000000091
:10FF70000000000000000000000000000000000081
:10FF80000000000000000000000000000000000071
:10FF90000000000000000000000000000000000061
:10FFA0000000000000000000000000000000000051
:10FFB0000000000000000000000000000000000041
:10FFC0000000000000000000000000000000000031
:10FFD0000000000000000000000000000000000021
:10FFE0000000000000000000000000000000000011
:10FFF000000000000000000000000000004E565409
:00000001FF
